Name,Team,POS,ADP,IP,mW,mSV,mERA,mWHIP,mSO,PTS,aPOS,Dollars,NameASCII,PlayerId,MLBAMID
"Tarik Skubal ","DET","SP",7.019999980926514,202,6.09115395964598,-1.41030681533995,10.357008099811667,11.277720286016635,7.39052835458273,33.70610388471706,8.95993436825506,43.66603825297212,"Tarik Skubal","22267",669373
"Paul Skenes ","PIT","SP",9.649999618530273,191,5.06806744634738,-1.41030681533995,7.931551168738999,6.571458348787595,6.17466723814441,24.335437386678436,8.95993436825506,34.29537175493349,"Paul Skenes","33677",694973
"Garrett Crochet ","BOS","SP",12.239999771118164,199,5.06806744634738,-1.41030681533995,6.644184654257859,5.939873612878698,7.3190071124393,23.560826010583284,8.95993436825506,33.52076037883834,"Garrett Crochet","27463",676979
"Bryan Woo ","SEA","SP",34.77000045776367,197,5.06806744634738,-1.41030681533995,4.017776739618948,7.394209552461449,4.60119991098894,19.67094683407677,8.95993436825506,29.630881202331828,"Bryan Woo","30279",693433
"Cristopher Sánchez ","PHI","SP",24.75,202,6.09115395964598,-1.41030681533995,4.460509013293273,2.9805058501412582,4.45815742670208,16.580019434442644,8.95993436825506,26.539953802697706,"Cristopher Sanchez","20778",650911
"Logan Gilbert ","SEA","SP",37.150001525878906,164,3.02189441975018,-1.41030681533995,3.998635591346665,6.239821296829605,2.88469009954662,14.734734592133117,8.95993436825506,24.694668960388174,"Logan Gilbert","22250",669302
"Chris Sale ","ATL","SP",39.36000061035156,162,3.02189441975018,-1.41030681533995,4.547265646371505,4.323413871837978,3.88598748955464,14.36825461217435,8.95993436825506,24.328188980429413,"Chris Sale","10603",519242
"Zack Wheeler ","PHI","SP",110.48999786376953,157,3.02189441975018,-1.41030681533995,3.19737966707896,4.588510356220488,2.95621134169005,12.353688969399723,8.95993436825506,22.313623337654786,"Zack Wheeler","10310",554430
"George Kirby ","SEA","SP",64.58000183105469,172,3.02189441975018,-1.41030681533995,3.164845929674626,5.089660658678499,1.95491395168202,11.821008144445376,8.95993436825506,21.780942512700438,"George Kirby","25436",669923
"Logan Webb ","SFG","SP",57.189998626708984,205,4.04498093304878,-1.41030681533995,3.183987077946909,1.576865794130451,4.0290299738415,11.424556963627689,8.95993436825506,21.384491331882753,"Logan Webb","17995",657277
"Yoshinobu Yamamoto ","LAD","SP",26.639999389648438,155,4.04498093304878,-1.41030681533995,2.8388560164855856,2.6721029312288613,2.02643519382545,10.17206825924873,8.95993436825506,20.13200262750379,"Yoshinobu Yamamoto","33825",808967
"Max Fried ","NYY","SP",50.04999923706055,188,5.06806744634738,-1.41030681533995,2.4044203119487615,1.233611675649658,2.67012637311633,9.965918991722175,8.95993436825506,19.925853359977236,"Max Fried","13743",608331
"Jacob deGrom ","TEX","SP",50.0099983215332,170,1.99880790645158,-1.41030681533995,1.4455917206539304,4.7289809404135115,2.95621134169005,9.719285093869114,8.95993436825506,19.679219462124177,"Jacob deGrom","10954",594798
"Jesús Luzardo ","PHI","SP",70.58999633789062,178,4.04498093304878,-1.41030681533995,0.6118020589818909,1.5045166932935672,4.0290299738415,8.780022843825789,8.95993436825506,18.73995721208085,"Jesus Luzardo","19959",666200
"Framber Valdez ","DET","SP",81.13999938964844,194,5.06806744634738,-1.41030681533995,2.5728375581106695,-0.79580458300864,3.24229631026377,8.677089916373228,8.95993436825506,18.63702428462829,"Framber Valdez","17295",664285
"Hunter Brown ","HOU","SP",36.189998626708984,182,3.02189441975018,-1.41030681533995,1.7824262129777464,0.670148423096908,3.88598748955464,7.950149730039524,8.95993436825506,17.910084098294583,"Hunter Brown","25880",686613
"Cole Ragans ","KCR","SP",48.15999984741211,164,1.99880790645158,-1.41030681533995,1.7307513273011295,0.5354863721652839,3.74294500526778,6.59768379584582,8.95993436825506,16.55761816410088,"Cole Ragans","21846",666142
"Emmet Sheehan ","LAD","SP",111.20999908447266,147,1.99880790645158,-1.41030681533995,0.9511845613029822,2.2665358626533356,2.5986051309729,6.404826646040839,8.95993436825506,16.364761014295897,"Emmet Sheehan","29839",686218
"Mason Miller ","SDP","RP",27.860000610351562,66,-4.13971117334003,7.48389091774092,5.027627677444715,3.8645042179904125,-3.0515729983581,9.184738641477916,5.491447694743614,15.676186336221532,"Mason Miller","31757",695243
"Joe Ryan ","MIN","SP",78.52999877929688,168,0.975721393152975,-1.41030681533995,-0.7272393411758725,3.5904373687852082,2.81316885740319,5.241781462825547,8.95993436825506,15.201715831080609,"Joe Ryan","21390",657746
"Dylan Cease ","TOR","SP",74.7699966430664,172,3.02189441975018,-1.41030681533995,-0.010192039989124362,-0.8739622171069288,3.95750873169807,4.684942079012246,8.95993436825506,14.644876447267306,"Dylan Cease","18525",656302
"Shohei Ohtani ","LAD","SP",1.2699999809265137,114,0.975721393152975,-1.41030681533995,2.7463508242671284,2.667875313748117,-0.405287039051176,4.574353676777093,8.95993436825506,14.534288045032154,"Shohei Ohtani","19755",660271
"Tyler Glasnow ","LAD","SP",113.73999786376953,135,1.99880790645158,-1.41030681533995,1.0679269217882705,1.139609357547828,0.88209531953057,3.678132689978294,8.95993436825506,13.638067058233354,"Tyler Glasnow","14374",607192
"Nick Pivetta ","SDP","SP",96.01000213623047,174,1.99880790645158,-1.41030681533995,-1.919552653441286,1.820309061248008,3.09925382597691,3.588511324895256,8.95993436825506,13.548445693150315,"Nick Pivetta","15454",601713
"Chase Burns ","CIN","SP",109.72000122070312,109,-1.07045163344423,-1.41030681533995,3.2107722562110115,2.673683847009515,-0.0476808283340244,3.3560168261023247,8.95993436825506,13.315951194357385,"Chase Burns","35333",695505
"Sonny Gray ","BOS","SP",138.08999633789062,177,3.02189441975018,-1.41030681533995,-0.9281903247421206,-0.879770750368327,3.17077506812034,2.974401597420118,8.95993436825506,12.93433596567518,"Sonny Gray","12768",543243
"Edwin Díaz ","LAD","RP",33,66,-4.13971117334003,8.59566563437603,3.2133202662082865,2.0494885601426738,-3.7667854197924,5.9519778675945565,5.491447694743614,12.44342556233817,"Edwin Diaz","14710",621242
"Blake Snell ","LAD","SP",178.41000366210938,125,1.99880790645158,-1.41030681533995,1.5431929328669356,-0.6637892337771144,0.810574077387139,2.2784788675885865,8.95993436825506,12.238413235843646,"Blake Snell","13543",605483
"Jhoan Duran ","PHI","RP",41.84000015258789,70,-3.11662466004143,6.65005988026459,3.930367567395035,1.992984143309335,-4.19591287265298,5.2608740582745455,5.491447694743614,11.752321753018158,"Jhoan Duran","21029",661395
"Luis Castillo ","SEA","SP",171.0500030517578,178,3.02189441975018,-1.41030681533995,-2.109659057872752,0.4673648888091451,1.6688289831083,1.6381224184549223,8.95993436825506,11.598056786709984,"Luis Castillo","15689",622491
"Nathan Eovaldi ","TEX","SP",132.50999450683594,174,1.99880790645158,-1.41030681533995,-1.0123989478230717,0.26458135452137477,1.59730774096487,1.437991238774801,8.95993436825506,11.397925607029862,"Nathan Eovaldi","9132",543135
"Cade Smith ","CLE","RP",39.90999984741211,70,-4.13971117334003,6.92800355942336,3.4767907145859276,2.2522720944304404,-3.90982790407926,4.607527291020441,5.491447694743614,11.098974985764054,"Cade Smith","27867",671922
"Freddy Peralta ","NYM","SP",56.36000061035156,163,1.99880790645158,-1.41030681533995,-1.6235484676593106,-0.8116492670121882,2.45556264668604,0.6088660031261623,8.95993436825506,10.568800371381222,"Freddy Peralta","18679",642547
"Gerrit Cole ","NYY","SP",232.89999389648438,134,0.975721393152975,-1.41030681533995,-0.4720654619357381,1.3482014250969891,-0.0476808283340244,0.39386971264025145,8.95993436825506,10.353804080895312,"Gerrit Cole","13125",543037
"Drew Rasmussen ","TBR","SP",132.36000061035156,159,-0.0473651201456261,-1.41030681533995,0.38086534800858396,1.059870807668893,0.309925382383127,0.2929896025750277,8.95993436825506,10.252923970830087,"Drew Rasmussen","25385",656876
"Kyle Bradish ","BAL","SP",72.95999908447266,145,0.975721393152975,-1.41030681533995,0.13908405790050088,-0.42773541570160134,0.953616561674,0.230379781685924,8.95993436825506,10.190314149940985,"Kyle Bradish","24586",680694
"Devin Williams ","NYM","RP",59.470001220703125,64,-4.13971117334003,7.48389091774092,2.854796615614913,1.1702329396354758,-4.26743411479641,3.101775184854865,5.491447694743614,9.593222879598478,"Devin Williams","15816",642207
"Andrés Muñoz ","SEA","RP",41.189998626708984,64,-4.13971117334003,6.37211620110581,3.761950321233127,1.429520890756581,-4.33895535693984,3.0849208828156454,5.491447694743614,9.57636857755926,"Andres Munoz","20373",662253
"Kevin Gausman ","TOR","SP",112.94999694824219,181,3.02189441975018,-1.41030681533995,-3.386180993219123,-1.4548510694438808,2.24099892025575,-0.9884455379970315,8.95993436825506,8.971488830258028,"Kevin Gausman","14107",592332
"Aroldis Chapman ","BOS","RP",64.55000305175781,62,-4.13971117334003,7.20594723858214,2.4962729650215385,0.8095532213704887,-3.98134914622269,2.3907131054114465,5.491447694743614,8.88216080015506,"Aroldis Chapman","10233",547973
"Reid Detmers ","LAA","SP",350.4599914550781,149,-0.0473651201456261,-1.41030681533995,-0.5045991993400722,-0.7435277836560494,1.59730774096487,-1.108491177516826,8.95993436825506,8.851443190738234,"Reid Detmers","27468",672282
"Eury Pérez ","MIA","SP",78.6500015258789,133,-1.07045163344423,-1.41030681533995,-0.19775043442331805,1.0382175904039466,0.452967866669988,-1.187323426133561,8.95993436825506,8.7726109421215,"Eury Perez","27768",691587
"Nick Lodolo ","CIN","SP",127.94999694824219,150,0.975721393152975,-1.41030681533995,-1.6860679324707095,0.08503195327921162,0.810574077387139,-1.2250473239913342,8.95993436825506,8.734887044263726,"Nick Lodolo","26378",666157
"Jacob Misiorowski ","MIL","SP",114.13999938964844,137,-0.0473651201456261,-1.41030681533995,0.9728737195725375,-2.6483181421248734,1.88339270953859,-1.2497236484993186,8.95993436825506,8.710210719755741,"Jacob Misiorowski","31623",694819
"Spencer Strider ","ATL","SP",124.86000061035156,147,0.975721393152975,-1.41030681533995,-1.770276555551661,-0.8449195507999309,1.74035022525173,-1.3094313032868343,8.95993436825506,8.650503064968227,"Spencer Strider","27498",675911
"Jack Flaherty ","DET","SP",209,161,1.99880790645158,-1.41030681533995,-1.982072118252685,-2.209480789761597,2.24099892025575,-1.3620528966469114,8.95993436825506,8.597881471608149,"Jack Flaherty","17479",656427
"MacKenzie Gore ","TEX","SP",164.82000732421875,161,0.975721393152975,-1.41030681533995,-1.982072118252685,-1.9501928386404916,2.5986051309729,-1.7682452481072557,8.95993436825506,8.191689120147807,"MacKenzie Gore","22201",669022
"Bryce Miller ","SEA","SP",341.6000061035156,141,0.975721393152975,-1.41030681533995,-1.0315400960953574,0.4066328544950505,-0.834414491911758,-1.89390715569904,8.95993436825506,8.066027212556023,"Bryce Miller","29837",682243
"Tanner Bibee ","CLE","SP",188.6300048828125,181,0.975721393152975,-1.41030681533995,-2.4790272876009083,-0.9362751672016696,1.88339270953859,-1.96649516745096,8.95993436825506,7.9934392008041,"Tanner Bibee","30134",676440
"Aaron Nola ","PHI","SP",205.52999877929688,179,3.02189441975018,-1.41030681533995,-4.651858349430712,-1.0376669343455511,2.09795643596888,-1.9799812433971518,8.95993436825506,7.97995312485791,"Aaron Nola","16149",605400
"Ryan Pepiot ","TBR","SP",129.10000610351562,150,-0.0473651201456261,-1.41030681533995,-1.2324910796616024,-0.43354394896299936,1.02513780381743,-2.0985691602927483,8.95993436825506,7.8613652079623115,"Ryan Pepiot","26221",686752
"Trey Yesavage ","TOR","SP",194.2899932861328,118,-1.07045163344423,-1.41030681533995,0.7419370085992335,-0.7593724676595978,0.023840413809406,-2.474353494035136,8.95993436825506,7.485580874219924,"Trey Yesavage","35456",702056
"Brandon Woodruff ","MIL","SP",143.82000732421875,149,-0.0473651201456261,-1.41030681533995,-2.7724834633856084,1.3307758253127948,0.309925382383127,-2.589454191175263,8.95993436825506,7.370480177079798,"Brandon Woodruff","16162",605540
"David Bednar ","NYY","RP",64.05999755859375,65,-5.16279768663863,7.7618345968997,1.6733278824842779,1.2209288232074165,-4.62504032551356,0.8682532904391949,5.491447694743614,7.359700985182808,"David Bednar","19569",670280
"Carlos Rodón ","NYY","SP",202.3000030517578,152,1.99880790645158,-1.41030681533995,-2.6882748403046572,-1.6285919374246458,1.09665904596086,-2.6317066406568173,8.95993436825506,7.328227727598245,"Carlos Rodon","16137",607074
"Josh Hader ","HOU","RP",124.38999938964844,61,-5.16279768663863,6.65005988026459,1.8634342869157445,1.7960091422829703,-4.33895535693984,0.8077502658848279,5.491447694743614,7.299197960628441,"Josh Hader","14212",623352
"Daniel Palencia ","CHC","RP",91.05999755859375,67,-4.13971117334003,7.48389091774092,1.578274680268545,0.025880834745770406,-4.41047659908327,0.5378586603319305,5.491447694743614,7.029306355075544,"Daniel Palencia","27914",694037
"Joe Musgrove ","SDP","SP",385.6199951171875,146,-0.0473651201456261,-1.41030681533995,-1.4959615280392435,0.1415363701125468,-0.333765796907746,-3.145862890320019,8.95993436825506,6.814071477935042,"Joe Musgrove","12970",605397
"Shane McClanahan ","TBR","SP",182.99000549316406,141,-1.07045163344423,-1.41030681533995,-1.0315400960953574,0.665920805616156,-0.476808281194606,-3.323186020457985,8.95993436825506,6.6367483477970755,"Shane McClanahan","21483",663556
"Edward Cabrera ","CHC","SP",174.72000122070312,139,-0.0473651201456261,-1.41030681533995,-0.48291004107051716,-2.028350472738781,0.524489108813418,-3.444443340481457,8.95993436825506,6.515491027773604,"Edward Cabrera","21690",665795
"Grant Taylor ","CHW","RP",506.67999267578125,92,-2.09353814674283,-0.0205884195460648,3.338359195831081,0.5154140706809872,-1.90723312406321,-0.16758642384003616,5.491447694743614,6.323861270903578,"Grant Taylor","33927",691799
"Griffin Jax ","TBR","RP",149.2100067138672,68,-4.13971117334003,1.92501733456538,3.5718439168016607,2.4101682784076646,-4.05287038836612,-0.28555203193145,5.491447694743614,6.205895662812164,"Griffin Jax","20253",643377
"Grayson Rodriguez ","LAA","SP",397.1099853515625,113,-2.09353814674283,-1.41030681533995,0.7527815877340124,0.024299918965116993,-1.04897821834205,-3.775741673725698,8.95993436825506,6.184192694529363,"Grayson Rodriguez","24492",680570
"Michael King ","SDP","SP",129.55999755859375,162,0.975721393152975,-1.41030681533995,-2.7099639985742097,-2.15878490618966,1.52578649882144,-3.7775478281294026,8.95993436825506,6.182386540125658,"Michael King","19853",650633
"Nolan McLean ","NYM","SP",87.29000091552734,145,1.99880790645158,-1.41030681533995,-0.7680696477177134,-4.057766731397078,0.023840413809406,-4.21349487419376,8.95993436825506,5.746439494061301,"Nolan McLean","33703",690997
"Abner Uribe ","MIL","RP",167.27999877929688,72,-4.13971117334003,3.87062308867682,2.9281606595610876,0.2793602526054778,-3.90982790407926,-0.9713950765759098,5.491447694743614,5.520052618167704,"Abner Uribe","25327",682842
"Hunter Greene ","CIN","SP",444.32000732421875,81,-4.13971117334003,-1.41030681533995,1.366479117567524,2.0320629603584757,-3.0515729983581,-5.203048909112077,8.95993436825506,4.756885459142984,"Hunter Greene","22182",668881
"Matthew Boyd ","CHC","SP",212.75999450683594,168,0.975721393152975,-1.41030681533995,-4.35585416364873,-1.0767457513946919,0.596010350956848,-5.271174986273549,8.95993436825506,4.6887593819815105,"Matthew Boyd","15440",571510
"Sean Manaea ","NYM","SP",423.3599853515625,128,-1.07045163344423,-1.41030681533995,-1.5476364137158605,-0.5117015830612884,-0.905935734055188,-5.446032179616515,8.95993436825506,4.513902188638546,"Sean Manaea","15873",640455
"Cody Ponce ","TOR","SP",250.02000427246094,164,-0.0473651201456261,-1.41030681533995,-3.7121709064081574,-2.0573931390457716,1.16818028810429,-6.059055692835214,8.95993436825506,3.9008786754198463,"Cody Ponce","17920",664074
"Chad Patrick ","MIL","SP",288.6499938964844,141,-0.0473651201456261,-1.41030681533995,-2.845847507331786,-1.4083828033526884,-0.405287039051176,-6.117189285221227,8.95993436825506,3.842745083033834,"Chad Patrick","30113",694477
"Cam Schlittler ","NYY","SP",116.62999725341797,119,-0.0473651201456261,-1.41030681533995,-0.8931085773405083,-2.5236922419353918,-1.26354194477234,-6.138014699533817,8.95993436825506,3.821919668721244,"Cam Schlittler","32095",693645
"Ryan Helsley ","BAL","RP",85.58999633789062,64,-5.16279768663863,5.81622884278825,1.0404892043784841,0.3923690862721592,-4.83960405194385,-2.7533146051435864,5.491447694743614,3.7381330896000273,"Ryan Helsley","18138",664854
"Braxton Ashcraft ","PIT","SP",239.36000061035156,147,-0.0473651201456261,-1.41030681533995,-1.3166997027425538,-3.1785111108898803,-0.333765796907746,-6.286648546025756,8.95993436825506,3.6732858222293046,"Braxton Ashcraft","23793",677952
"Reynaldo López ","ATL","SP",302.9100036621094,144,-0.0473651201456261,-1.41030681533995,-2.7616388842508317,-2.2934469571212848,0.166882898096267,-6.3458748787614265,8.95993436825506,3.614059489493634,"Reynaldo Lopez","16400",625643
"Shota Imanaga ","CHC","SP",157.92999267578125,148,-0.0473651201456261,-1.41030681533995,-5.2196295527278345,1.020791990619745,-0.762893249768327,-6.419402747361993,8.95993436825506,3.540531620893068,"Shota Imanaga","33829",684007
"Ryan Walker ","SFG","RP",144.55999755859375,63,-5.16279768663863,6.92800355942336,0.8612273790817968,-0.17690269954199256,-5.4117739890913,-2.96224343676676,5.491447694743614,3.529204257976854,"Ryan Walker","20423",676254
"Trevor Megill ","MIL","RP",137.6999969482422,66,-4.13971117334003,1.6470736554066,2.3061665605900723,1.2716247067793573,-4.26743411479641,-3.182280365360414,5.491447694743614,3.3091673293832,"Trevor Megill","17722",656730
"Shane Baz ","BAL","SP",186.92999267578125,150,0.975721393152975,-1.41030681533995,-3.5003753437071388,-3.2857114112951598,0.524489108813418,-6.6961830683758565,8.95993436825506,3.2637512998792033,"Shane Baz","22264",669358
"Jeff Hoffman ","TOR","RP",99.63999938964844,63,-5.16279768663863,5.81622884278825,0.40765052627268966,0.600961153821324,-4.98264653623072,-3.3206036999870774,5.491447694743614,3.170843994756536,"Jeff Hoffman","17432",656546
"Gavin Williams ","CLE","SP",144.74000549316406,167,-0.0473651201456261,-1.41030681533995,-2.720808577708991,-4.757472950662114,2.02643519382545,-6.909518270031227,8.95993436825506,3.0504160982238333,"Gavin Williams","30122",668909
"Yusei Kikuchi ","LAA","SP",506.57000732421875,168,0.975721393152975,-1.41030681533995,-4.35585416364873,-3.9289132137268528,1.74035022525173,-6.979002574310825,8.95993436825506,2.9809317939442352,"Yusei Kikuchi","20633",579328
"Sandy Alcantara ","MIA","SP",144.57000732421875,187,1.99880790645158,-1.41030681533995,-4.578494305484536,-4.262131181465495,1.23970153024772,-7.012422865590685,8.95993436825506,2.947511502664375,"Sandy Alcantara","18684",645261
"Will Warren ","NYY","SP",285.04998779296875,132,-0.0473651201456261,-1.41030681533995,-2.191319670956434,-2.642509608863475,-0.905935734055188,-7.197436949360673,8.95993436825506,2.762497418894388,"Will Warren","30182",701542
"Ranger Suarez ","BOS","SP",183.97999572753906,170,1.99880790645158,-1.41030681533995,-4.450907365864463,-4.0868093977040765,0.739052835243709,-7.210162837213206,8.95993436825506,2.749771531041855,"Ranger Suarez","17277",624133
"Jeremiah Estrada ","SDP","RP",623.5800170898438,70,-4.13971117334003,-1.41030681533995,3.0232138617768207,1.992984143309335,-3.26613672478839,-3.799956708382212,5.491447694743614,2.6914909863614023,"Jeremiah Estrada","22210",669093
"Robbie Ray ","SFG","SP",166.44000244140625,173,0.975721393152975,-1.41030681533995,-4.820275595592619,-4.4532976492304615,2.38404140454261,-7.324117262467452,8.95993436825506,2.6358171057876087,"Robbie Ray","11486",592662
"Emilio Pagán ","CIN","RP",111.94000244140625,66,-5.16279768663863,6.09417252194703,-0.4152945562645706,0.4937608534160408,-4.98264653623072,-3.9728054037708436,5.491447694743614,2.51864229097277,"Emilio Pagan","14771",641941
"José Soriano ","LAA","SP",321.80999755859375,175,1.99880790645158,-1.41030681533995,-1.740290828144602,-7.722649246660953,1.31122277239115,-7.563216211302777,8.95993436825506,2.396718156952283,"Jose Soriano","22100",667755
"Clay Holmes ","NYM","SP",330.6300048828125,150,1.99880790645158,-1.41030681533995,-1.6860679324707095,-5.6193029713851095,-0.905935734055188,-7.6228055467993805,8.95993436825506,2.33712882145568,"Clay Holmes","13649",605280
"Raisel Iglesias ","ATL","RP",100.62000274658203,66,-5.16279768663863,5.81622884278825,-0.4152945562645706,0.7530488045371462,-5.26873150480444,-4.277546100382237,5.491447694743614,2.213901594361377,"Raisel Iglesias","17130",628452
"Shane Bieber ","TOR","SP",474.0400085449219,124,-1.07045163344423,-1.41030681533995,-2.264683714902609,-0.7144851173490514,-2.33636057692379,-7.796287857959632,8.95993436825506,2.163646510295429,"Shane Bieber","19427",669456
"Pete Fairbanks ","MIA","RP",111.45999908447266,62,-5.16279768663863,5.81622884278825,0.6819655537851098,-0.22759858311393333,-5.62633771552159,-4.518539588700787,5.491447694743614,1.9729081060428273,"Pete Fairbanks","17998",664126
"David Peterson ","NYM","SP",452.0400085449219,164,3.02189441975018,-1.41030681533995,-3.2585940535990505,-6.465288308104565,0.0953616559528362,-8.016933101340552,8.95993436825506,1.9430012669145085,"David Peterson","20302",656849
"Spencer Schwellenbach ","ATL","SP",743.1900024414062,79,-3.11662466004143,-1.41030681533995,0.1008017613559325,1.152807339851278,-4.76808280980042,-8.041405183974593,8.95993436825506,1.9185291842804686,"Spencer Schwellenbach","31846",680885
"Grant Holmes ","ATL","SP",369.45001220703125,151,0.975721393152975,-1.41030681533995,-3.7746903712195565,-4.790743234449857,0.810574077387139,-8.18944495046925,8.95993436825506,1.7704894177858115,"Grant Holmes","16944",656550
"Ryan Weathers ","NYY","SP",232.55999755859375,120,-1.07045163344423,-1.41030681533995,-2.0745773104711427,-1.954420456121244,-1.69266939763292,-8.202425613009487,8.95993436825506,1.7575087552455746,"Ryan Weathers","23796",677960
"Mike Burrows ","HOU","SP",237.9499969482422,137,-1.07045163344423,-1.41030681533995,-3.109317955709427,-2.389030191003768,-0.476808281194606,-8.45591487669198,8.95993436825506,1.5040194915630813,"Mike Burrows","24728",681347
"Bryan Abreu ","HOU","RP",181.6999969482422,68,-4.13971117334003,-0.0205884195460648,2.2111133583743396,0.8544405716810313,-3.90982790407926,-5.004573566909984,5.491447694743614,1.4868741278336306,"Bryan Abreu","16609",650556
"Joey Cantillo ","CLE","SP",270.80999755859375,144,-1.07045163344423,-1.41030681533995,-2.308062031441725,-4.1084626149690235,0.381446624526557,-8.515836470668368,8.95993436825506,1.444097897586692,"Joey Cantillo","23335",676282
"Cade Horton ","CHC","SP",177.7100067138672,129,-1.07045163344423,-1.41030681533995,-2.7291051468464955,-1.7574454550948717,-1.62114815548949,-8.588457206215034,8.95993436825506,1.3714771620400261,"Cade Horton","31872",690990
"Jack Leiter ","TEX","SP",230.7100067138672,146,-0.0473651201456261,-1.41030681533995,-3.76384579208478,-3.7477828967040363,0.238404140239697,-8.730896484034696,8.95993436825506,1.2290378842203644,"Jack Leiter","30146",683004
"Zebby Matthews ","MIN","SP",488.6400146484375,104,-3.11662466004143,-1.41030681533995,-1.3141516927452812,-0.1726750820612442,-2.8370092719278,-8.850767522115712,8.95993436825506,1.1091668461393498,"Zebby Matthews","31827",805673
"Mitch Keller ","PIT","SP",518.6300048828125,174,1.99880790645158,-1.41030681533995,-5.548167475914144,-4.661889716779631,0.739052835243709,-8.88250326633844,8.95993436825506,1.0774311019166207,"Mitch Keller","17594",656605
"Bubba Chandler ","PIT","SP",150.00999450683594,149,-0.0473651201456261,-1.41030681533995,-2.7724834633856084,-4.892135001593738,0.238404140239697,-8.883886260225227,8.95993436825506,1.0760481080298339,"Bubba Chandler","29868",696149
"José A. Ferrer ","SEA","RP",999,70,-4.13971117334003,-0.576475777863619,3.0232138617768207,1.2151202899460183,-4.98264653623072,-5.460499335711525,5.491447694743614,1.030948359032089,"Jose A. Ferrer","24017",678606
"Robert Garcia ","TEX","RP",232.1199951171875,64,-5.16279768663863,4.14856676783559,0.5869123515693767,0.13308113515105371,-5.197210262661,-5.491447694743614,5.491447694743614,1,"Robert Garcia","23363",676395
"Ryne Nelson ","ARI","SP",251.42999267578125,164,-0.0473651201456261,-1.41030681533995,-4.619324612026372,-2.8352569924090876,-0.0476808283340244,-8.95993436825506,8.95993436825506,1,"Ryne Nelson","26253",669194
"Adrian Morejon ","SDP","RP",735.8499755859375,68,-4.13971117334003,-0.576475777863619,2.6646902111834465,1.3730164739232424,-4.91112529408728,-5.5896055601842445,5.491447694743614,0.9018421345593693,"Adrian Morejon","20039",670970
"Matthew Liberatore ","STL","SP",410.2300109863281,148,-1.07045163344423,-1.41030681533995,-2.9517452886822984,-2.8685272761968377,-0.762893249768327,-9.063924263431641,8.95993436825506,0.8960101048234193,"Matthew Liberatore","22294",669461
"Brandon Pfaadt ","ARI","SP",588.5999755859375,163,-0.0473651201456261,-1.41030681533995,-5.252163290132169,-2.3673769737388213,-0.119202070477455,-9.19641426983402,8.95993436825506,0.7635200984210391,"Brandon Pfaadt","27782",694297
"Casey Mize ","DET","SP",289.6499938964844,143,-0.0473651201456261,-1.41030681533995,-3.8480544151657337,-2.603430791814327,-1.33506318691577,-9.244220329381408,8.95993436825506,0.7157140388736534,"Casey Mize","20492",663554
"Ian Seymour ","TBR","SP",521.1400146484375,112,-3.11662466004143,-1.41030681533995,-2.1479413544173176,-0.28568391572792556,-2.55092430335408,-9.511481048880707,8.95993436825506,0.44845331937435295,"Ian Seymour","27932",693855
"Garrett Cleavinger ","TBR","RP",505.4800109863281,65,-5.16279768663863,1.36912997624782,1.6733278824842779,0.7023529209652055,-4.62504032551356,-6.04302723245489,5.491447694743614,0.44842046228872356,"Garrett Cleavinger","17897",664076
"Braxton Garrett ","MIA","SP",604.1099853515625,114,-2.09353814674283,-1.41030681533995,-1.7894177038239436,-1.4807319041895717,-2.8370092719278,-9.6110038420241,8.95993436825506,0.3489305262309613,"Braxton Garrett","21844",666129
"Taj Bradley ","MIN","SP",492.4599914550781,145,-1.07045163344423,-1.41030681533995,-3.9431076173814636,-3.0206149269126565,-0.262244554764315,-9.706725547842613,8.95993436825506,0.2532088204124481,"Taj Bradley","22543",671737
"Zac Gallen ","ARI","SP",222.69000244140625,181,0.975721393152975,-1.41030681533995,-6.1076421100737655,-4.825594434018253,1.59730774096487,-9.770514225314122,8.95993436825506,0.1894201429409389,"Zac Gallen","19291",668678
"Kumar Rocker ","TEX","SP",720.72998046875,129,-1.07045163344423,-1.41030681533995,-2.7291051468464955,-3.0538852107003995,-1.69266939763292,-9.956418203963993,8.95993436825506,0.0035161642910677138,"Kumar Rocker","31843",677958
"Quinn Priester ","MIL","SP",592.1400146484375,120,-1.07045163344423,-1.41030681533995,-2.0745773104711427,-2.7322843094845606,-2.69396678764094,-9.981586856380826,8.95993436825506,-0.021652488125765146,"Quinn Priester","25977",682990
"Seranthony Domínguez ","CHW","RP",194.19000244140625,63,-5.16279768663863,4.14856676783559,0.40765052627268966,-0.9547665529053092,-5.05416777837414,-6.615514723809803,5.491447694743614,-0.1240670290661896,"Seranthony Dominguez","19249",622554
"Kris Bubic ","KCR","SP",190.69000244140625,147,-0.0473651201456261,-1.41030681533995,-4.038160819597198,-4.2156629153743035,-0.548329523338036,-10.259825193795114,8.95993436825506,-0.2998908255400532,"Kris Bubic","21455",663460
"Logan Henderson ","MIL","SP",413.3999938964844,89,-4.13971117334003,-1.41030681533995,-1.2816179553409441,0.1040384688440594,-3.62374293550554,-10.351340410682404,8.95993436825506,-0.3914060424273442,"Logan Henderson","31475",701656
"Jared Jones ","PIT","SP",714.77001953125,101,-3.11662466004143,-1.41030681533995,-1.3983603158262352,-1.6212024883825977,-2.8370092719278,-10.383503551518018,8.95993436825506,-0.4235691832629571,"Jared Jones","27863",683003
"Brady Singer ","CIN","SP",388.25,170,0.975721393152975,-1.41030681533995,-6.265214777100892,-4.605385299946288,0.810574077387139,-10.494611421847015,8.95993436825506,-0.534677053591956,"Brady Singer","25377",663903
"Justin Steele ","CHC","SP",605.5,79,-4.13971117334003,-1.41030681533995,-0.35277509145317465,0.3749434864879612,-4.98264653623072,-10.510496129875909,8.95993436825506,-0.5505617616208487,"Justin Steele","17312",657006
"Kodai Senga ","NYM","SP",223.52000427246094,133,-1.07045163344423,-1.41030681533995,-2.9192115512779613,-4.40682938313927,-0.834414491911758,-10.641213875113166,8.95993436825506,-0.681279506858105,"Kodai Senga","31838",673540
"Andrew Abbott ","CIN","SP",221.92999267578125,167,0.975721393152975,-1.41030681533995,-8.163730811418276,-2.942457292814375,0.739052835243709,-10.80172069117592,8.95993436825506,-0.8417863229208575,"Andrew Abbott","29911",671096
"Kyle Harrison ","MIL","SP",446.55999755859375,103,-3.11662466004143,-1.41030681533995,-1.9469903708510754,-1.7790986723598219,-2.55092430335408,-10.803944821946363,8.95993436825506,-0.8440104536913016,"Kyle Harrison","27758",690986
"Carmen Mlodzinski ","PIT","SP",745.6199951171875,118,-2.09353814674283,-1.41030681533995,-1.5259472554463025,-3.352251978870653,-2.47940306121065,-10.861447257610388,8.95993436825506,-0.9015128893553268,"Carmen Mlodzinski","27572",669387
"Foster Griffin ","WSN","SP",999,148,-1.07045163344423,-1.41030681533995,-4.312475847109621,-3.387103178439049,-0.834414491911758,-11.014751966244607,8.95993436825506,-1.0548175979895449,"Foster Griffin","16432",656492
"Nick Martinez ","TBR","SP",738.3400268554688,147,-1.07045163344423,-1.41030681533995,-4.4917376724063045,-2.400647257526564,-1.76419063977635,-11.137334018493396,8.95993436825506,-1.1773996502383368,"Nick Martinez","12730",607259
"Graham Ashcraft ","CIN","RP",999,65,-4.13971117334003,-0.854419457022396,2.1269047352933854,0.4430649698441,-5.26873150480444,-7.692892430029377,5.491447694743614,-1.201444735285763,"Graham Ashcraft","27552",668933
"Gabe Speier ","SEA","RP",999,58,-5.16279768663863,-1.41030681533995,2.2328025166438974,1.90320944268825,-5.26873150480444,-7.70582404745087,5.491447694743614,-1.214376352707256,"Gabe Speier","17170",642100
"Edwin Uceta ","TBR","RP",572.6900024414062,56,-5.16279768663863,1.36912997624782,0.5135483076232018,0.7646658710599461,-5.48329523123473,-7.998748762942389,5.491447694743614,-1.5073010681987746,"Edwin Uceta","20539",670955
"Chris Bassitt ","BAL","SP",359.3599853515625,175,1.99880790645158,-1.41030681533995,-7.183213061853888,-5.907633588813214,1.02513780381743,-11.477207755738045,8.95993436825506,-1.517273387482983,"Chris Bassitt","12304",605135
"Steven Matz ","TBR","SP",712.989990234375,134,-2.09353814674283,-1.41030681533995,-3.6471034315994886,-2.2818298905984884,-2.05027560835007,-11.483053892630828,8.95993436825506,-1.523119524375768,"Steven Matz","13361",571927
"Dennis Santana ","PIT","RP",150.50999450683594,68,-5.16279768663863,5.53828516362948,-1.417501464098518,-1.219863037287813,-5.76938019980845,-8.031257224203934,5.491447694743614,-1.5398095294603187,"Dennis Santana","17878",642701
"Matt Brash ","SEA","RP",733.280029296875,63,-5.16279768663863,-0.576475777863619,2.2219579375091185,0.3416732027002185,-4.98264653623072,-8.158288860523628,5.491447694743614,-1.666841165780014,"Matt Brash","25756",666374
"Max Meyer ","MIA","SP",281.45001220703125,139,-1.07045163344423,-1.41030681533995,-4.111524863543376,-4.102654081707625,-0.977456976198618,-11.672394370233794,8.95993436825506,-1.7124600019787355,"Max Meyer","27474",676974
"Trevor Rogers ","BAL","SP",146.07000732421875,150,0.975721393152975,-1.41030681533995,-5.768259607752674,-4.5821511669006885,-0.977456976198618,-11.762453173038956,8.95993436825506,-1.8025188047838951,"Trevor Rogers","22286",669432
"Michael Soroka ","ARI","SP",710.3599853515625,103,-3.11662466004143,-0.0205884195460648,-2.85414407646929,-2.816250476844244,-2.98005175621467,-11.787659389115692,8.95993436825506,-1.8277250208606324,"Michael Soroka","18383",647336
"Ben Brown ","CHC","SP/RP",733.6500244140625,73,-5.16279768663863,-1.41030681533995,-0.5211923376150827,0.07076818505631302,-4.83960405194385,-11.863132706481204,8.95993436825506,-1.9031983382261446,"Ben Brown","23590",676962
"Slade Cecconi ","CLE","SP",584.5599975585938,152,-1.07045163344423,-1.41030681533995,-5.8633128099684075,-2.406455790787962,-1.12049946048548,-11.871026510026025,8.95993436825506,-1.9110921417709643,"Slade Cecconi","27500",677944
"Garrett Whitlock ","BOS","RP",624.97998046875,70,-4.13971117334003,-0.576475777863619,0.7553295977312848,0.17796848546159633,-4.69656156765699,-8.479450435667761,5.491447694743614,-1.988002740924148,"Garrett Whitlock","20191",676477
"Kenley Jansen ","DET","RP",133.02000427246094,60,-6.18588419993723,4.98239780531192,-1.0372886552355858,-0.3289903502578184,-5.91242268409531,-8.482188084214021,5.491447694743614,-1.9907403894704077,"Kenley Jansen","3096",445276
"Louis Varland ","TOR","RP",999,67,-4.13971117334003,-0.854419457022396,1.124697827459438,0.5444567369879815,-5.26873150480444,-8.593707570719443,5.491447694743614,-2.102259875975829,"Louis Varland","27691",686973
"Joe Boyle ","TBR","SP",713.1400146484375,89,-4.13971117334003,-1.41030681533995,-0.37446424972272985,-3.5259928468514183,-2.69396678764094,-12.144441872895076,8.95993436825506,-2.1845075046400146,"Joe Boyle","29608",671212
"Will Vest ","DET","RP",485.7300109863281,68,-4.13971117334003,-0.0205884195460648,0.8503827999470178,-0.1827112328033907,-5.26873150480444,-8.761359530546903,5.491447694743614,-2.269911835803289,"Will Vest","19769",676684
"Kyle Leahy ","STL","SP",733.6699829101562,121,-2.09353814674283,-1.41030681533995,-2.8024691907926695,-3.459452279275933,-2.55092430335408,-12.316690735505466,8.95993436825506,-2.356756367250405,"Kyle Leahy","24763",681517
"Robert Suarez ","ATL","RP",214.39999389648438,67,-5.16279768663863,0.813242617930267,0.2175441218412236,0.285168785866876,-5.05416777837414,-8.90100993937441,5.491447694743614,-2.409562244630796,"Robert Suarez","30115",663158
"Parker Messick ","CLE","SP",294.17999267578125,128,-2.09353814674283,-1.41030681533995,-3.36194382495229,-3.623156996514555,-1.90723312406321,-12.396178907612834,8.95993436825506,-2.4362445393577734,"Parker Messick","31986",800048
"Bailey Ober ","MIN","SP",494.3399963378906,152,-1.07045163344423,-1.41030681533995,-7.677620221204837,-1.36930398630354,-0.905935734055188,-12.433618390347743,8.95993436825506,-2.4736840220926823,"Bailey Ober","21224",641927
"Bryan Baker ","TBR","RP",999,63,-5.16279768663863,-0.576475777863619,0.8612273790817968,0.8602491049424295,-4.98264653623072,-9.000443516708739,5.491447694743614,-2.5089958219651245,"Bryan Baker","19804",641329
"Merrill Kelly ","ARI","SP",284.17999267578125,170,-0.0473651201456261,-1.41030681533995,-6.718791629909999,-4.864673251067393,0.381446624526557,-12.659690191936413,8.95993436825506,-2.6997558236813513,"Merrill Kelly","11156",518876
"Landen Roupp ","SFG","SP",690.0999755859375,126,-1.07045163344423,-1.41030681533995,-3.266890622736557,-5.280276470385069,-1.69266939763292,-12.720594939538726,8.95993436825506,-2.760660571283666,"Landen Roupp","30076",694738
"Clayton Beeter ","WSN","RP",307.1400146484375,63,-5.16279768663863,2.75884837204171,-0.04592632653641751,-1.9919183573897314,-4.91112529408728,-9.352919292610357,5.491447694743614,-2.8614715978667435,"Clayton Beeter","27494",690925
"Zach Eflin ","BAL","SP",395.20001220703125,158,-0.0473651201456261,-1.41030681533995,-7.5092029750429266,-2.361568440477423,-1.69266939763292,-13.021112748638847,8.95993436825506,-3.0611783803837884,"Zach Eflin","13774",621107
"Tanner Scott ","LAD","RP",712.8099975585938,63,-5.16279768663863,-0.298532098704842,0.8612273790817968,0.08238525157911296,-5.05416777837414,-9.571884933056708,5.491447694743614,-3.0804372383130936,"Tanner Scott","17586",656945
"Tatsuya Imai ","HOU","SP",999,153,-0.0473651201456261,-1.41030681533995,-5.23047413186261,-7.541518929638136,1.16818028810429,-13.061484708882032,8.95993436825506,-3.1015503406269724,"Tatsuya Imai","37124",837227
"Robert Gasser ","MIL","SP",748.5800170898438,75,-5.16279768663863,-1.41030681533995,-1.069822392639923,-0.3464159500420128,-5.12568902051758,-13.115031865178093,8.95993436825506,-3.155097496923033,"Robert Gasser","29812",688107
"Taylor Rogers ","MIN","RP",415.510009765625,61,-5.16279768663863,3.87062308867682,-0.8580268299388989,-2.093310124533613,-5.55481647337816,-9.798328025812484,5.491447694743614,-3.3068803310688706,"Taylor Rogers","13449",573124
"Roki Sasaki ","LAD","SP",289.7200012207031,120,-2.09353814674283,-1.41030681533995,-3.888884721707572,-3.769436113968983,-2.19331809263693,-13.355483890396266,8.95993436825506,-3.3955495221412058,"Roki Sasaki","35323",808963
"Jacob Lopez ","ATH","SP",409.239990234375,120,-2.09353814674283,-1.41030681533995,-4.796038427325786,-3.769436113968983,-1.33506318691577,-13.404382690293316,8.95993436825506,-3.444448322038255,"Jacob Lopez","25098",682052
"Chris Martin ","TEX","RP",638.3599853515625,55,-5.16279768663863,0.813242617930267,0.3342864823265132,0.4546820363668999,-6.41307137909932,-9.973657929114271,5.491447694743614,-3.4822102343706574,"Chris Martin","11847",455119
"Dylan Lee ","ATL","RP",999,65,-5.16279768663863,-1.13236313618117,0.3125973240569566,0.9616408720863111,-5.05416777837414,-10.075090405050682,5.491447694743614,-3.5836427103070685,"Dylan Lee","19996",669276
"José Alvarado ","PHI","RP",746.0700073242188,64,-5.16279768663863,-0.576475777863619,1.0404892043784841,-0.3854947670911574,-5.05416777837414,-10.138446805589068,5.491447694743614,-3.646999110845454,"Jose Alvarado","17780",621237
"Eduard Bazardo ","SEA","RP",999,68,-5.16279768663863,-1.13236313618117,0.8503827999470178,0.3358646694388204,-5.05416777837414,-10.16308113180811,5.491447694743614,-3.6716334370644965,"Eduard Bazardo","20997",660825
"Alex Vesia ","LAD","RP",743.4199829101562,61,-5.16279768663863,-1.13236313618117,0.04912687567931553,0.7588573377985479,-4.76808280980042,-10.255259419142366,5.491447694743614,-3.7638117243987512,"Alex Vesia","25007",681911
"Mason Montgomery ","PIT","RP",748.4400024414062,60,-5.16279768663863,-0.854419457022396,1.2305956088099501,-0.3289903502578184,-5.197210262661,-10.312822147769902,5.491447694743614,-3.821374453026288,"Mason Montgomery","29770",682254
"Dustin May ","STL","SP",414.6700134277344,163,-0.0473651201456261,-1.41030681533995,-6.159316995750382,-5.997408289434298,-0.190723312620885,-13.805120533291142,8.95993436825506,-3.8451861650360826,"Dustin May","19716",669160
"Jameson Taillon ","CHC","SP",504.4700012207031,141,-1.07045163344423,-1.41030681533995,-6.928039182613751,-2.186246656716005,-2.33636057692379,-13.931404865037726,8.95993436825506,-3.9714704967826666,"Jameson Taillon","11674",592791
"Caleb Thielbar ","CHC","RP",999,66,-5.16279768663863,-1.13236313618117,0.4918591493536438,0.4937608534160408,-5.197210262661,-10.506751082711126,5.491447694743614,-4.015303387967511,"Caleb Thielbar","10078",573204
"Phil Maton ","CHC","RP",743.3800048828125,65,-5.16279768663863,-0.854419457022396,0.7661741768660639,-0.3347988835192166,-4.98264653623072,-10.568488386544898,5.491447694743614,-4.077040691801282,"Phil Maton","18064",664208
"Brandon Sproat ","MIL","SP",528.2000122070312,96,-3.11662466004143,-1.41030681533995,-2.2946694423096705,-3.1711216618478293,-4.12439163050955,-14.117114210048427,8.95993436825506,-4.157179841793368,"Brandon Sproat","33850",687075
"Yimi García ","TOR","RP",999,56,-5.16279768663863,-0.298532098704842,0.5135483076232018,-0.013197982303370406,-5.69785895766502,-10.65883841768866,5.491447694743614,-4.167390722945045,"Yimi Garcia","12095",554340
"Riley O'Brien ","STL","RP",264.0400085449219,63,-5.16279768663863,2.20296101372415,-0.04592632653641751,-2.2512063085108367,-5.4117739890913,-10.668743297053028,5.491447694743614,-4.177295602309415,"Riley O'Brien","20348",676617
"Justin Verlander ","DET","SP",658.8499755859375,141,-0.0473651201456261,-1.41030681533995,-6.928039182613751,-4.001262314563744,-1.76419063977635,-14.151164072439423,8.95993436825506,-4.191229704184361,"Justin Verlander","8700",434378
"Max Scherzer ","TOR","SP",546.9299926757812,113,-3.11662466004143,-1.41030681533995,-5.597294351593488,-1.2721398366404106,-2.76548802978438,-14.161853693399655,8.95993436825506,-4.201919325144592,"Max Scherzer","3137",453286
"Jared Koenig ","MIL","RP",748.489990234375,65,-5.16279768663863,-1.13236313618117,0.7661741768660639,-0.07551093239811107,-5.26873150480444,-10.873229083156287,5.491447694743614,-4.381781388412674,"Jared Koenig","27517",657649
"Fernando Cruz ","NYY","RP",999,61,-5.16279768663863,-1.13236313618117,0.5027037284884228,-0.5375824178069797,-4.55351908337013,-10.883558595508495,5.491447694743614,-4.392110900764879,"Fernando Cruz","7048",518585
"Ben Joyce ","LAA","RP",738.6500244140625,48,-6.18588419993723,2.75884837204171,-0.013392589132081892,-0.9373409531211111,-6.55611386338618,-10.933883233534901,5.491447694743614,-4.442435538791286,"Ben Joyce","31461",690829
"Tyler Mahle ","SFG","SP",322.7200012207031,137,-1.07045163344423,-1.41030681533995,-5.377202219754963,-4.204045848851507,-2.40788181906722,-14.469888336457872,8.95993436825506,-4.509953968202811,"Tyler Mahle","16358",641816
"Connelly Early ","BOS","SP",266.4800109863281,73,-4.13971117334003,-1.41030681533995,-1.428346043233297,-2.5221113261547425,-4.98264653623072,-14.483121894298733,8.95993436825506,-4.523187526043674,"Connelly Early","33666",813349
"A.J. Puk ","ARI","RP",748.5,42,-6.18588419993723,0.535298938771489,0.7253438703242245,0.5734994032949794,-6.69915634767304,-11.05089833521958,5.491447694743614,-4.559450640475967,"A.J. Puk","19343",640462
"Camilo Doval ","NYY","RP",663.6500244140625,64,-5.16279768663863,-0.854419457022396,1.0404892043784841,-1.163358620454474,-4.91112529408728,-11.0512118538243,5.491447694743614,-4.559764159080688,"Camilo Doval","21992",666808
"Jacob Latz ","TEX","SP",730.9299926757812,96,-3.11662466004143,-1.41030681533995,-2.748246295118778,-3.948985515211146,-3.40917920907525,-14.633342494786552,8.95993436825506,-4.67340812653149,"Jacob Latz","21306",656641
"Orion Kerkering ","PHI","RP",999,54,-5.16279768663863,-1.41030681533995,1.0621783626480406,0.14469820167385364,-5.84090144195188,-11.207129379608565,5.491447694743614,-4.715681684864951,"Orion Kerkering","31776",689147
"Andrew Nardi ","MIA","RP",999,60,-5.16279768663863,-1.41030681533995,0.3234419031917356,-0.06970239913671296,-4.98264653623072,-11.302011534154273,5.491447694743614,-4.81056383941066,"Andrew Nardi","25942",677053
"Shane Smith ","CHW","SP",245.5399932861328,161,-1.07045163344423,-1.41030681533995,-6.971417499152864,-5.580224154335969,0.166882898096267,-14.865517204176745,8.95993436825506,-4.9055828359216855,"Shane Smith","31687",681343
"Tyler Rogers ","TOR","RP",743.280029296875,74,-4.13971117334003,-0.854419457022396,-0.34193051231839566,0.12146406862825376,-6.19850765266903,-11.413104726721597,5.491447694743614,-4.9216570319779835,"Tyler Rogers","15541",643511
"Drew Pomeranz ","LAA","RP",735.6199951171875,56,-5.16279768663863,-0.576475777863619,0.05997145481409454,-0.013197982303370406,-5.76938019980845,-11.461880191799974,5.491447694743614,-4.970432497056359,"Drew Pomeranz","11426",519141
"Hunter Harvey ","CHC","RP",748.530029296875,52,-6.18588419993723,-0.298532098704842,0.7036547120546665,0.5618823367721814,-6.27002889481246,-11.488908144627686,5.491447694743614,-4.997460449884072,"Hunter Harvey","15507",640451
"Aaron Ashby ","MIL","RP",999,77,-4.13971117334003,-1.13236313618117,1.10300866918988,-3.097191645230292,-4.26743411479641,-11.533691400358027,5.491447694743614,-5.042243705614412,"Aaron Ashby","23550",676879
"Mick Abel ","MIN","SP",298.7799987792969,129,-1.07045163344423,-1.41030681533995,-4.543412558082925,-6.943204477516982,-1.04897821834205,-15.016353702726136,8.95993436825506,-5.056419334471074,"Mick Abel","27756",690953
"Johan Oviedo ","BOS","SP",536.780029296875,97,-3.11662466004143,-1.41030681533995,-3.4761381754403056,-3.6390016805180996,-3.40917920907525,-15.051250540415033,8.95993436825506,-5.0913161721599725,"Johan Oviedo","22487",670912
"JoJo Romero ","STL","RP",479.0799865722656,64,-5.16279768663863,1.92501733456538,-0.7738182068579448,-1.6819345226966849,-5.91242268409531,-11.605955765723193,5.491447694743614,-5.114508070979581,"JoJo Romero","19574",668941
"Carlos Estévez ","KCR","RP",120.08999633789062,62,-6.18588419993723,6.37211620110581,-3.4002261214968557,-2.042614240961672,-6.48459262124275,-11.741200982532702,5.491447694743614,-5.249753287789086,"Carlos Estevez","14542",608032
"Andrew Kittredge ","BAL","RP",745.8499755859375,60,-5.16279768663863,-0.576475777863619,-0.13013494961737154,-0.06970239913671296,-5.84090144195188,-11.780012255208211,5.491447694743614,-5.288564560464598,"Andrew Kittredge","12828",552640
"Robby Snelling ","MIA","SP",999,94,-4.13971117334003,-1.41030681533995,-2.6531930929030447,-3.0132254778706087,-4.05287038836612,-15.269306947819754,8.95993436825506,-5.309372579564693,"Robby Snelling","31893",702281
"Angel Zerpa ","MIL","RP",999,60,-5.16279768663863,-1.41030681533995,0.7770187560008428,-0.06970239913671296,-5.98394392623874,-11.849732071353193,5.491447694743614,-5.358284376609578,"Angel Zerpa","22717",672582
"Steven Okert ","HOU","RP",999,64,-5.16279768663863,-1.41030681533995,-0.3202413540488376,0.13308113515105371,-5.12568902051758,-11.88595374139394,5.491447694743614,-5.394506046650326,"Steven Okert","13580",595345
"Jason Adam ","SDP","RP",999,61,-5.16279768663863,-1.13236313618117,0.04912687567931553,-0.01900651556476853,-5.62633771552159,-11.891378178226846,5.491447694743614,-5.399930483483231,"Jason Adam","11861",592094
"Ryan Weiss ","HOU","SP",725.9600219726562,89,-4.13971117334003,-1.41030681533995,-3.095925366577373,-2.7481289934881015,-4.05287038836612,-15.446942737111574,8.95993436825506,-5.4870083688565146,"Ryan Weiss","24621",680802
"Paul Sewald ","ARI","RP",389.9100036621094,62,-6.18588419993723,2.75884837204171,-2.0394955630695333,-0.7461744853561443,-5.91242268409531,-12.125128560416512,5.491447694743614,-5.6336808656729,"Paul Sewald","13892",623149
"Shawn Armstrong ","CLE","RP",748.469970703125,68,-5.16279768663863,-0.576475777863619,-0.5103477584803037,-0.44199918392449616,-5.48329523123473,-12.174915638141776,5.491447694743614,-5.6834679433981625,"Shawn Armstrong","12857",542888
"Bryan King ","HOU","RP",748.469970703125,67,-5.16279768663863,-1.13236313618117,-0.23603273096788363,-0.23340711637533512,-5.48329523123473,-12.247895901397749,5.491447694743614,-5.756448206654135,"Bryan King","25890",687911
"J.T. Ginn ","ATH","SP",748.3499755859375,83,-4.13971117334003,-1.41030681533995,-2.3571889071210665,-3.05230429491975,-4.76808280980042,-15.72759400052122,8.95993436825506,-5.7676596322661595,"J.T. Ginn","27889",669372
"Gregory Soto ","PIT","RP",728.4099731445312,64,-5.16279768663863,-0.854419457022396,0.5869123515693767,-1.6819345226966849,-5.26873150480444,-12.38097081959277,5.491447694743614,-5.8895231248491555,"Gregory Soto","19677",642397
"Bryce Elder ","ATL","SP",740.5499877929688,118,-1.07045163344423,-1.41030681533995,-5.15456207791916,-4.907979685597286,-3.33765796693182,-15.880958179232438,8.95993436825506,-5.9210238109773785,"Bryce Elder","27779",693821
"Cole Sands ","MIN","RP",735.4400024414062,68,-5.16279768663863,-0.298532098704842,-0.9639246112894109,-0.44199918392449616,-5.55481647337816,-12.422070053935535,5.491447694743614,-5.930622359191922,"Cole Sands","21461",663485
"Cade Cavalli ","WSN","SP",305.2200012207031,137,-2.09353814674283,-1.41030681533995,-4.4700485141367485,-6.019061506699245,-1.90723312406321,-15.900188106981988,8.95993436825506,-5.940253738726926,"Cade Cavalli","27473",676917
"Jordan Leasure ","CHW","RP",717.510009765625,64,-5.16279768663863,-0.0205884195460648,-0.7738182068579448,-1.4226465715755794,-5.05416777837414,-12.434018662992365,5.491447694743614,-5.94257096824875,"Jordan Leasure","29950",673929
"Luke Weaver ","NYM","RP",733.510009765625,67,-5.16279768663863,-0.298532098704842,-1.143186436586098,-0.49269506749644054,-5.34025274694787,-12.437464036373877,5.491447694743614,-5.946016341630263,"Luke Weaver","16918",596133
"Brooks Raley ","NYM","RP",999,62,-5.16279768663863,-1.13236313618117,-0.2251881518331046,-0.22759858311393333,-5.69785895766502,-12.44580651543186,5.491447694743614,-5.954358820688245,"Brooks Raley","10061",548384
"Dean Kremer ","BAL","SP",999,115,-2.09353814674283,-1.41030681533995,-5.692347553809221,-3.5043396295864717,-3.26613672478839,-15.966668870266862,8.95993436825506,-6.006734502011801,"Dean Kremer","19350",665152
"Matt Strahm ","KCR","RP",720.1400146484375,66,-5.16279768663863,-0.854419457022396,-1.322448261882785,0.2344729022949352,-5.48329523123473,-12.588487734483603,5.491447694743614,-6.09704003973999,"Matt Strahm","13799",621381
"Jordan Romano ","COL","RP",688.9600219726562,60,-6.18588419993723,1.36912997624782,-1.0372886552355858,-1.106854203621135,-5.69785895766502,-12.658756040211149,5.491447694743614,-6.167308345467534,"Jordan Romano","16122",605447
"Hunter Barco ","PIT","SP",999,87,-4.13971117334003,-1.41030681533995,-2.0937184587434254,-4.145960516237515,-4.33895535693984,-16.128652320600764,8.95993436825506,-6.168717952345702,"Hunter Barco","33174",682995
"A.J. Minter ","NYM","RP",999,52,-6.18588419993723,-0.854419457022396,0.2500778592455592,0.3025943856510758,-6.19850765266903,-12.686139064732023,5.491447694743614,-6.194691369988409,"A.J. Minter","18655",621345
"Blake Treinen ","LAD","RP",999,54,-5.16279768663863,-1.41030681533995,0.15502465702982615,-0.6331656516894629,-5.69785895766502,-12.749104454303236,5.491447694743614,-6.257656759559623,"Blake Treinen","12572",595014
"David Festa ","MIN","SP",999,58,-6.18588419993723,-1.41030681533995,-1.39581230582896,-1.2082459707650166,-6.05546516838217,-16.25571446025333,8.95993436825506,-6.295780091998268,"David Festa","30056",701581
"Luis Severino ","ATH","SP",642.52001953125,172,-0.0473651201456261,-1.41030681533995,-8.174575390553054,-6.57829714177125,-0.119202070477455,-16.32974653828734,8.95993436825506,-6.369812170032277,"Luis Severino","15890",622663
"Corbin Burnes ","ARI","SP",738.0999755859375,42,-6.18588419993723,-1.41030681533995,-0.6353866881030971,-0.7229403523105482,-7.41436876910734,-16.36888682479817,8.95993436825506,-6.408952456543112,"Corbin Burnes","19361",669203
"Matt Svanson ","STL","RP",528.7999877929688,65,-5.16279768663863,0.813242617930267,-0.5945563815612577,-2.1498145413669554,-5.84090144195188,-12.934827433588454,5.491447694743614,-6.443379738844841,"Matt Svanson","29629",694335
"Luis Morales ","ATH","SP",735.3200073242188,121,-2.09353814674283,-1.41030681533995,-5.523930307647314,-5.274467937123672,-2.1217968504935,-16.424040057347266,8.95993436825506,-6.464105689092206,"Luis Morales","32227",806960
"Victor Vodnik ","COL","RP",496.760009765625,64,-5.16279768663863,4.98239780531192,-2.5881256180943737,-4.534101985028846,-5.76938019980845,-13.072007684258375,5.491447694743614,-6.580559989514761,"Victor Vodnik","24614",680767
"Tanner Banks ","PHI","RP",999,63,-5.16279768663863,-1.13236313618117,-0.9530800321546319,0.08238525157911296,-5.91242268409531,-13.078278287490631,5.491447694743614,-6.586830592747018,"Tanner Banks","16990",621383
"Tobias Myers ","NYM","SP/RP",999,76,-5.16279768663863,-1.41030681533995,-2.7048679785796645,-1.5921598220755997,-5.69785895766502,-16.567991260298864,8.95993436825506,-6.608056892043802,"Tobias Myers","22191",668964
"Erik Miller ","SFG","RP",999,62,-5.16279768663863,-1.13236313618117,0.6819655537851098,-2.3019021920827774,-5.197210262661,-13.112307723778477,5.491447694743614,-6.620860029034862,"Erik Miller","26252",669062
"Luis Gil ","NYY","SP",376.5,91,-4.13971117334003,-1.41030681533995,-3.6445554216022136,-3.424601079707536,-3.98134914622269,-16.60052363621242,8.95993436825506,-6.64058926795736,"Luis Gil","21052",661563
"Justin Sterner ","ATH","RP",547.0499877929688,65,-5.16279768663863,0.813242617930267,-1.955286939988579,-1.3719506880036387,-5.55481647337816,-13.231609170078737,5.491447694743614,-6.740161475335123,"Justin Sterner","27694",686993
"Adrian Houser ","SFG","SP",743.219970703125,147,-0.0473651201456261,-1.41030681533995,-5.852468230833625,-7.067830377706463,-2.33636057692379,-16.714331120949456,8.95993436825506,-6.754396752694397,"Adrian Houser","12718",605288
"Spencer Arrighetti ","HOU","SP",728.3099975585938,84,-4.13971117334003,-1.41030681533995,-3.538657640251701,-3.2608963624689142,-4.41047659908327,-16.76004859048387,8.95993436825506,-6.800114222228806,"Spencer Arrighetti","29921",681293
"Kai-Wei Teng ","HOU","SP",999,59,-6.18588419993723,-1.41030681533995,-1.2165504805322729,-2.1947018916774983,-5.76938019980845,-16.776823587295404,8.95993436825506,-6.816889219040342,"Kai-Wei Teng","24282",678906
"David Morgan ","SDP","RP",999,58,-5.16279768663863,-1.41030681533995,-0.035081747401638504,-0.948958019643911,-5.76938019980845,-13.326524468832579,5.491447694743614,-6.835076774088966,"David Morgan","31616",688158
"Drew Anderson ","DET","SP",999,84,-4.13971117334003,-1.41030681533995,-3.085080787442594,-3.2608963624689142,-4.91112529408728,-16.807120432678772,8.95993436825506,-6.847186064423713,"Drew Anderson","15130",623454
"Kyle Finnegan ","DET","RP",639.030029296875,64,-5.16279768663863,-0.298532098704842,-0.7738182068579448,-1.4226465715755794,-5.69785895766502,-13.355653521442013,5.491447694743614,-6.864205826698401,"Kyle Finnegan","15009",640448
"Griffin Canning ","SDP","SP",999,107,-3.11662466004143,-1.41030681533995,-4.404981039328077,-4.169194649283111,-3.7667854197924,-16.867892583784965,8.95993436825506,-6.907958215529904,"Griffin Canning","19867",656288
"Jake Bird ","NYY","RP",999,57,-5.16279768663863,-1.41030681533995,0.23923328011078163,-1.2589418543369575,-5.84090144195188,-13.433714518156634,5.491447694743614,-6.94226682341302,"Jake Bird","21267",656234
"Michael McGreevy ","STL","SP",715.3800048828125,133,-2.09353814674283,-1.41030681533995,-6.094249520941712,-3.6289655297759533,-3.69526417764897,-16.922324190449412,8.95993436825506,-6.962389822194352,"Michael McGreevy","29869",700241
"Simeon Woods Richardson ","TOR","SP",664.0399780273438,145,-1.07045163344423,-1.41030681533995,-7.571722439854321,-5.613494438123713,-1.26354194477234,-16.92951727153455,8.95993436825506,-6.969582903279491,"Simeon Woods Richardson","24494",680573
"Tommy Nance ","TOR","RP",999,58,-5.16279768663863,-1.41030681533995,-0.035081747401638504,-0.6896700685228055,-6.19850765266903,-13.496363970572057,5.491447694743614,-7.0049162758284425,"Tommy Nance","19178",667297
"River Ryan ","LAD","SP",675.5399780273438,57,-5.16279768663863,-1.41030681533995,-1.575074131125647,-2.555381609942485,-6.34155013695589,-17.0451103800026,8.95993436825506,-7.085176011747542,"River Ryan","29514",689981
"Tyler Holton ","DET","RP",999,72,-5.16279768663863,-1.13236313618117,-1.1540310157208769,-0.23921564963673325,-5.91242268409531,-13.600830172272724,5.491447694743614,-7.10938247752911,"Tyler Holton","26231",663947
"Justin Slaten ","BOS","RP",999,61,-5.16279768663863,-1.41030681533995,-0.40444997712979164,-0.796870368928085,-5.91242268409531,-13.686847532131768,5.491447694743614,-7.195399837388154,"Justin Slaten","25648",686580
"Brayan Bello ","BOS","SP",421.4100036621094,150,-0.0473651201456261,-1.41030681533995,-6.675413313370888,-7.693606580353954,-1.33506318691577,-17.16175501612619,8.95993436825506,-7.201820647871129,"Brayan Bello","23920",678394
"Edgardo Henriquez ","LAD","RP",999,46,-6.18588419993723,-1.41030681533995,0.5352374658927583,-0.5201568180227834,-6.1269864105256,-13.70809677793281,5.491447694743614,-7.2166490831891945,"Edgardo Henriquez","26944",683618
"Janson Junk ","MIA","SP",999,91,-4.13971117334003,-1.41030681533995,-4.098132274411321,-2.1281613241020088,-5.4117739890913,-17.188085576284607,8.95993436825506,-7.228151208029544,"Janson Junk","23301",676083
"Andrew Painter ","PHI","SP",999,117,-2.09353814674283,-1.41030681533995,-5.7874007560249545,-4.958675569169223,-2.98005175621467,-17.229973043491622,8.95993436825506,-7.270038675236561,"Andrew Painter","30091",691725
"Kevin Kelly ","TBR","RP",999,48,-6.18588419993723,-1.41030681533995,0.44018426367702534,0.3590988024844165,-6.98524131624676,-13.782149265362502,5.491447694743614,-7.290701570618889,"Kevin Kelly","25679",687330
"Kirby Yates ","LAA","RP",269.42999267578125,48,-6.18588419993723,-0.298532098704842,-0.466969441941189,-0.6780530020000056,-6.19850765266903,-13.827946395252297,5.491447694743614,-7.336498700508683,"Kirby Yates","9073",489446
"Yoendrys Gómez ","MIN","SP/RP",999,58,-6.18588419993723,-1.41030681533995,-1.8493891586380673,-1.7268218730072278,-6.1269864105256,-17.299388457448075,8.95993436825506,-7.339454089193016,"Yoendrys Gomez","22872",672782
"Mark Leiter Jr. ","ATH","RP",727.989990234375,64,-5.16279768663863,0.257355259612712,-1.227395059667052,-2.200510424938896,-5.55481647337816,-13.888164385010024,5.491447694743614,-7.396716690266407,"Mark Leiter Jr.","15551",643410
"Calvin Faucher ","MIA","RP",999,64,-5.16279768663863,-0.0205884195460648,-0.7738182068579448,-2.4597983760600015,-5.55481647337816,-13.971819162480799,5.491447694743614,-7.480371467737186,"Calvin Faucher","20116",676534
"Aaron Bummer ","CHC","RP",999,60,-5.16279768663863,-1.41030681533995,0.3234419031917356,-1.8847180569844515,-5.84090144195188,-13.975282097723175,5.491447694743614,-7.4838344029795625,"Aaron Bummer","16258",607481
"Anthony Kay ","CHW","SP",717.8599853515625,152,-1.07045163344423,-1.41030681533995,-5.8633128099684075,-7.851502764331178,-1.33506318691577,-17.530637209999533,8.95993436825506,-7.57070284174447,"Anthony Kay","20387",641743
"Jonathan Loáisiga ","ARI","RP",999,60,-5.16279768663863,-0.0205884195460648,-1.0372886552355858,-1.3661421547422408,-6.48459262124275,-14.071409537405271,5.491447694743614,-7.579961842661659,"Jonathan Loaisiga","19753",642528
"Kody Funderburk ","MIN","RP",748.510009765625,65,-5.16279768663863,-0.576475777863619,-0.5945563815612577,-2.1498145413669554,-5.62633771552159,-14.109982102952051,5.491447694743614,-7.618534408208436,"Kody Funderburk","24993",681892
"Erik Sabrowski ","CLE","RP",999,63,-5.16279768663863,-1.41030681533995,-0.4995031793455247,-2.2512063085108367,-4.83960405194385,-14.163418041778797,5.491447694743614,-7.671970347035183,"Erik Sabrowski","24978",681870
"Rhett Lowder ","CIN","SP",552.219970703125,119,-2.09353814674283,-1.41030681533995,-5.882453958240687,-4.857283802025342,-3.40917920907525,-17.652761931424056,8.95993436825506,-7.692827563168995,"Rhett Lowder","33876",695076
"Brock Stewart ","LAD","RP",999,40,-6.18588419993723,-1.41030681533995,0.36682021973084883,-0.04646826609111494,-6.91372007410333,-14.189559135740783,5.491447694743614,-7.6981114409971685,"Brock Stewart","16727",592779
"Patrick Sandoval ","BOS","SP",999,83,-4.13971117334003,-1.41030681533995,-2.810765759930174,-4.348744050525277,-4.98264653623072,-17.692174335366143,8.95993436825506,-7.732239967111086,"Patrick Sandoval","19447",663776
"Matt Festa ","CLE","RP",999,60,-5.16279768663863,-1.41030681533995,-0.5837118024264787,-1.106854203621135,-5.98394392623874,-14.247614434264934,5.491447694743614,-7.756166739521321,"Matt Festa","19330",670036
"Anthony Bender ","MIA","RP",999,61,-5.16279768663863,-1.13236313618117,-0.40444997712979164,-1.5747342222914016,-5.98394392623874,-14.258288948479736,5.491447694743614,-7.766841253736125,"Anthony Bender","19742",669622
"Brusdar Graterol ","LAD","RP",999,44,-6.18588419993723,-1.41030681533995,0.6302906681084914,0.15631526819664987,-7.48589001125077,-14.295475090222817,5.491447694743614,-7.804027395479203,"Brusdar Graterol","20367",660813
"Keegan Akin ","BAL","RP",999,66,-5.16279768663863,-0.576475777863619,-1.7760251146918922,-1.321254804431698,-5.48329523123473,-14.319848614860566,5.491447694743614,-7.828400920116952,"Keegan Akin","19362",669211
"Colin Rea ","CHC","SP",748.260009765625,87,-5.16279768663863,-1.41030681533995,-3.9080258699798547,-2.0716569072686704,-5.26873150480444,-17.821518784031543,8.95993436825506,-7.8615844157764805,"Colin Rea","12317",607067
"Emerson Hancock ","SEA","SP",733.4199829101562,79,-5.16279768663863,-1.41030681533995,-3.0742362083078176,-2.4772239758441996,-5.69785895766502,-17.822423643795616,8.95993436825506,-7.8624892755405575,"Emerson Hancock","27470",676106
"Andrew Walters ","CLE","RP",999,38,-6.18588419993723,-1.41030681533995,0.46187342194658193,-0.40714798435610194,-6.8421988319599,-14.383664409646604,5.491447694743614,-7.892216714902991,"Andrew Walters","33834",689958
"Brendon Little ","TOR","RP",748.52001953125,54,-5.16279768663863,-1.41030681533995,0.6086015098389334,-2.4481813095372016,-5.98394392623874,-14.39662822791559,5.491447694743614,-7.905180533171977,"Brendon Little","21574",663893
"Noah Cameron ","KCR","SP",298,142,-1.07045163344423,-1.41030681533995,-7.655931062935278,-5.765582088839538,-1.97875436620664,-17.881025966765634,8.95993436825506,-7.921091598510573,"Noah Cameron","30184",702070
"Tyler Alexander ","TEX","SP/RP",999,71,-5.16279768663863,-1.41030681533995,-3.6011771050631007,-1.5863512888142015,-6.1269864105256,-17.88761930638148,8.95993436825506,-7.927684938126422,"Tyler Alexander","17735",641302
"Hayden Harris ","ATL","RP",999,50,-6.18588419993723,-1.41030681533995,-0.10844579134781496,-0.8359491859772298,-5.91242268409531,-14.453008676697536,5.491447694743614,-7.961560981953921,"Hayden Harris","31913",802686
"Sean Burke ","CHW","SP",748.5599975585938,141,-2.09353814674283,-1.41030681533995,-6.928039182613751,-6.853429776895904,-0.691372007624897,-17.976685929217332,8.95993436825506,-8.01675156096227,"Sean Burke","29878",680732
"Kevin Ginkel ","ARI","RP",556.52001953125,59,-5.16279768663863,-0.854419457022396,-0.7629736277231658,-1.6761259894352867,-6.05546516838217,-14.511781929201648,5.491447694743614,-8.020334234458034,"Kevin Ginkel","19876",656464
"Ryan Thompson ","ARI","RP",748.4299926757812,63,-5.16279768663863,-1.13236313618117,-0.4995031793455247,-1.4733424551475203,-6.27002889481246,-14.53803535212531,5.491447694743614,-8.046587657381695,"Ryan Thompson","16647",657044
"Yohan Ramírez ","PIT","RP",999,56,-5.16279768663863,-1.41030681533995,0.05997145481409454,-2.087501591272215,-5.98394392623874,-14.584578564675441,5.491447694743614,-8.093130869931828,"Yohan Ramirez","19444",670990
"Jordan Hicks ","CHW","RP",999,62,-5.16279768663863,-0.854419457022396,-0.2251881518331046,-2.561190143203883,-5.84090144195188,-14.644496880649895,5.491447694743614,-8.153049185906282,"Jordan Hicks","19618",663855
"Yosver Zulueta ","SEA","RP",999,40,-6.18588419993723,-1.41030681533995,0.820397072539956,-0.8243321194544316,-7.05676255839019,-14.656888620581851,5.491447694743614,-8.165440925838238,"Yosver Zulueta","27765",691172
"Tony Santillan ","CIN","RP",718.1199951171875,70,-5.16279768663863,-0.298532098704842,-1.966131519123358,-2.414911025749459,-4.83960405194385,-14.681976382160144,5.491447694743614,-8.190528687416531,"Tony Santillan","19926",663574
"Ryan Johnson ","LAA","RP",999,67,-5.16279768663863,-1.41030681533995,-1.143186436586098,-1.2705589208597574,-5.69785895766502,-14.684708817089454,5.491447694743614,-8.19326112234584,"Ryan Johnson","35325",696270
"Yennier Cano ","BAL","RP",999,60,-5.16279768663863,-1.13236313618117,-0.5837118024264787,-1.6254301058633462,-6.19850765266903,-14.702810383778658,5.491447694743614,-8.211362689035042,"Yennier Cano","25911",666974
"Gage Jump ","ATH","SP",999,48,-6.18588419993723,-1.41030681533995,-1.8277000003685109,-1.7152048064844279,-7.05676255839019,-18.195858380520317,8.95993436825506,-8.235924012265256,"Gage Jump","35418",695611
"Ryne Stanek ","STL","RP",745.9000244140625,60,-5.16279768663863,-0.0205884195460648,-1.490865508044693,-2.144006008105557,-5.91242268409531,-14.730680306430257,5.491447694743614,-8.239232611686642,"Ryne Stanek","15947",592773
"Mason Englert ","TBR","RP",999,61,-6.18588419993723,-1.13236313618117,-0.8580268299388989,-0.5375824178069797,-6.05546516838217,-14.769321752246453,5.491447694743614,-8.277874057502837,"Mason Englert","22288",669438
"Braydon Fisher ","TOR","RP",999,52,-6.18588419993723,-1.41030681533995,-0.20349899356354798,-0.9938453699544518,-5.98394392623874,-14.777479305033921,5.491447694743614,-8.286031610290307,"Braydon Fisher","24609",680755
"Hoby Milner ","CHC","RP",999,60,-5.16279768663863,-1.41030681533995,-0.5837118024264787,-1.106854203621135,-6.55611386338618,-14.819784371412377,5.491447694743614,-8.328336676668762,"Hoby Milner","13346",571948
"Casey Legumina ","TBR","RP",999,50,-6.18588419993723,-1.41030681533995,-0.10844579134781496,-0.5766612348561241,-6.55611386338618,-14.837411904867304,5.491447694743614,-8.34596421012369,"Casey Legumina","25921",668984
"Dietrich Enns ","BAL","RP",999,62,-5.16279768663863,-1.41030681533995,-1.1323418574513189,-1.2647503875983557,-5.91242268409531,-14.882619431123565,5.491447694743614,-8.39117173637995,"Dietrich Enns","13932",608650
"Sean Newcomb ","CHW","RP",999,66,-5.16279768663863,-1.13236313618117,-0.8688714090736778,-2.0991186577950147,-5.69785895766502,-14.961009847353514,5.491447694743614,-8.4695621526099,"Sean Newcomb","16943",656794
"Brad Keller ","PHI","RP",745.9099731445312,68,-5.16279768663863,-0.854419457022396,-0.9639246112894109,-2.5163027928933404,-5.55481647337816,-15.052261021221938,5.491447694743614,-8.560813326478323,"Brad Keller","15734",641745
"Hunter Gaddis ","CLE","RP",999,61,-6.18588419993723,-0.576475777863619,-1.311603682748006,-0.796870368928085,-6.19850765266903,-15.06934168214597,5.491447694743614,-8.577893987402357,"Hunter Gaddis","25636",683769
"Will Klein ","LAD","RP",999,58,-5.16279768663863,-1.13236313618117,-0.48865860021074564,-3.0232616286127554,-5.26873150480444,-15.075812556447742,5.491447694743614,-8.584364861704126,"Will Klein","27787",694361
"Grant Anderson ","MIL","RP",999,56,-6.18588419993723,-1.41030681533995,-0.3936053979950127,-1.0503497867877927,-6.05546516838217,-15.095611368442155,5.491447694743614,-8.604163673698542,"Grant Anderson","20546",681982
"Pierce Johnson ","CIN","RP",999,61,-5.16279768663863,-1.13236313618117,-1.7651805355571133,-1.5747342222914016,-5.48329523123473,-15.118370811903047,5.491447694743614,-8.626923117159432,"Pierce Johnson","13435",572955
"Craig Yoho ","MIL","RP",999,42,-6.18588419993723,-1.41030681533995,0.2717670175151172,-0.9822283034316538,-6.8421988319599,-15.14885113315362,5.491447694743614,-8.657403438410007,"Craig Yoho","33248",684974
"Brad Lord ","WSN","SP",999,91,-4.13971117334003,0.257355259612712,-5.005285980029535,-4.461752884191959,-5.26873150480444,-18.61812628275325,8.95993436825506,-8.658191914498188,"Brad Lord","31972",695418
"Eric Orze ","MIN","RP",999,60,-5.16279768663863,-1.13236313618117,-1.0372886552355858,-2.144006008105557,-5.69785895766502,-15.174314443825963,5.491447694743614,-8.682866749082349,"Eric Orze","27626",679358
"Tyler Kinley ","ATL","RP",999,63,-5.16279768663863,-1.41030681533995,-1.406656884963739,-1.732630406268626,-5.48329523123473,-15.195687024445672,5.491447694743614,-8.704239329702059,"Tyler Kinley","18297",641755
"Richard Fitts ","STL","SP",748.5800170898438,126,-3.11662466004143,-1.41030681533995,-5.9883517395912,-5.020988519263964,-3.19461548264496,-18.7308872168815,8.95993436825506,-8.77095284862644,"Richard Fitts","30160",690916
"Lucas Erceg ","KCR","RP",490.70001220703125,64,-5.16279768663863,-0.298532098704842,-1.227395059667052,-2.4597983760600015,-6.1269864105256,-15.275509631596126,5.491447694743614,-8.78406193685251,"Lucas Erceg","19360",668674
"Justin Topa ","TOR","RP",999,62,-5.16279768663863,-0.298532098704842,-1.1323418574513189,-2.3019021920827774,-6.41307137909932,-15.30864521397689,5.491447694743614,-8.817197519233277,"Justin Topa","15145",623437
"Hurston Waldrep ","ATL","SP",999,63,-5.16279768663863,-1.41030681533995,-2.3138105905819533,-3.8069340152374695,-6.19850765266903,-18.89235676046703,8.95993436825506,-8.932422392211972,"Hurston Waldrep","33527",694462
"Joel Payamps ","ATL","RP",999,55,-6.18588419993723,-1.41030681533995,-1.0264440761008082,-0.5824697681175223,-6.34155013695589,-15.546654996451403,5.491447694743614,-9.05520730170779,"Joel Payamps","14332",606303
"Luis García ",,"RP",999,60,-5.16279768663863,-1.41030681533995,-0.5837118024264787,-2.144006008105557,-6.27002889481246,-15.570851207323077,5.491447694743614,-9.079403512579463,"Luis Garcia","6984",472610
"Cody Bradford ","TEX","RP",999,67,-5.16279768663863,-1.41030681533995,-2.5039169950134195,-0.23340711637533512,-6.27002889481246,-15.580457508179798,5.491447694743614,-9.089009813436183,"Cody Bradford","27597",674003
"Brock Burke ","CIN","RP",999,62,-5.16279768663863,-1.13236313618117,-1.5859187102604262,-1.524038338719461,-6.19850765266903,-15.60362552446872,5.491447694743614,-9.112177829725105,"Brock Burke","17968",656271
"Keider Montero ","DET","SP/RP",999,54,-6.18588419993723,-1.41030681533995,-2.5664364598248173,-1.9296054072949909,-6.98524131624676,-19.077474198643756,8.95993436825506,-9.117539830388695,"Keider Montero","22630",672456
"Carson Whisenhunt ","SFG","SP",999,55,-6.18588419993723,-1.41030681533995,-2.38717463452813,-2.138197474844155,-6.98524131624676,-19.10680444089623,8.95993436825506,-9.14687007264117,"Carson Whisenhunt","31676",687931
"Brant Hurter ","DET","RP",999,55,-6.18588419993723,-1.41030681533995,-0.5728672232917011,-0.8417577192386276,-6.69915634767304,-15.709972305480553,5.491447694743614,-9.21852461073694,"Brant Hurter","30133",676428
"José Berríos ","TOR","SP",715.6500244140625,117,-3.11662466004143,-1.41030681533995,-6.694554461643167,-4.440099666927011,-3.55222169336211,-19.213807297313664,8.95993436825506,-9.253872929058605,"Jose Berrios","14168",621244
"Hunter Bigge ","TBR","RP",999,44,-6.18588419993723,-1.41030681533995,-0.27686303750972296,-1.1401244874088778,-6.77067758981647,-15.783856130012255,5.491447694743614,-9.29240843526864,"Hunter Bigge","26259",685801
"Ryan Lambert ","NYM","RP",999,36,-7.20897071323584,-1.41030681533995,0.556926624162315,-0.7678277026210908,-6.98524131624676,-15.815419923281322,5.491447694743614,-9.323972228537707,"Ryan Lambert","sa3025613",822038
"Eric Lauer ","LAD","SP/RP",720.5399780273438,67,-6.18588419993723,-1.41030681533995,-3.8646475534407414,-1.7891348231019681,-6.05546516838217,-19.30543856020206,8.95993436825506,-9.345504191946999,"Eric Lauer","19316",641778
"Lance McCullers Jr. ","HOU","SP",999,112,-3.11662466004143,-1.41030681533995,-5.322979324081069,-6.767882693755564,-2.69396678764094,-19.311760280858955,8.95993436825506,-9.351825912603896,"Lance McCullers Jr.","14120",621121
"Aaron Civale ","ATH","SP",748.5800170898438,132,-2.09353814674283,-1.41030681533995,-8.541395610283935,-4.716813217832319,-2.55092430335408,-19.312978093553113,8.95993436825506,-9.353043725298054,"Aaron Civale","19479",650644
"Robert Stephenson ","LAA","RP",683.219970703125,36,-7.20897071323584,-1.41030681533995,0.10334977135320776,0.010036150742225771,-7.34284752696391,-15.848739133444266,5.491447694743614,-9.357291438700651,"Robert Stephenson","13594",596112
"Ryan Zeferjahn ","LAA","RP",999,52,-6.18588419993723,-1.41030681533995,-0.6570758463726551,-1.7717092233177685,-5.84090144195188,-15.865877526919482,5.491447694743614,-9.374429832175869,"Ryan Zeferjahn","25420",666171
"JR Ritchie ","ATL","SP",999,37,-6.18588419993723,-1.41030681533995,-1.985272667395641,-1.7542836235335721,-8.05805994839822,-19.393807254604614,8.95993436825506,-9.433872886349553,"JR Ritchie","31760",702275
"Danny Coulombe ","BOS","RP",999,55,-6.18588419993723,-1.41030681533995,-1.0264440761008082,-0.8417577192386276,-6.48459262124275,-15.94898543185937,5.491447694743614,-9.457537737115755,"Danny Coulombe","13293",543056
"Ryan Yarbrough ","NYY","SP/RP",999,60,-6.18588419993723,-1.41030681533995,-3.305172919281122,-1.6254301058633462,-6.91372007410333,-19.440514114524984,8.95993436825506,-9.480579746269923,"Ryan Yarbrough","16502",642232
"Jaden Hill ","COL","RP",999,55,-5.16279768663863,-1.41030681533995,-1.0264440761008082,-2.397485425965261,-5.98394392623874,-15.980977930283391,5.491447694743614,-9.489530235539778,"Jaden Hill","30250",677955
"Jack Dreyer ","LAD","RP",999,52,-6.18588419993723,-1.41030681533995,-1.1106526991817622,-0.7345574188333464,-6.55611386338618,-15.997514996678472,5.491447694743614,-9.506067301934857,"Jack Dreyer","30249",676263
"Eduardo Rodriguez ","ARI","SP",738.219970703125,130,-2.09353814674283,-1.41030681533995,-7.539188702449986,-6.1146447405817295,-2.33636057692379,-19.494038982038287,8.95993436825506,-9.534104613783224,"Eduardo Rodriguez","13164",593958
"Josh White ","MIA","RP",999,47,-6.18588419993723,-1.41030681533995,-0.646231267237876,-1.2473247878141593,-6.55611386338618,-16.0458609337154,5.491447694743614,-9.554413238971785,"Josh White","31738",687985
"Justin Wrobleski ","LAD","RP",650.3499755859375,65,-5.16279768663863,-1.41030681533995,-1.955286939988579,-1.6312386391247444,-5.91242268409531,-16.072052765187212,5.491447694743614,-9.580605070443598,"Justin Wrobleski","31204",680736
"Hogan Harris ","ATH","RP",618.1699829101562,66,-5.16279768663863,1.36912997624782,-3.136755673119213,-3.3955584134005425,-5.76938019980845,-16.095361996719017,5.491447694743614,-9.603914301975403,"Hogan Harris","21520",663687
"Wandy Peralta ","SDP","RP",999,57,-6.18588419993723,-1.41030681533995,-0.21434357269832557,-1.7775177565791682,-6.55611386338618,-16.14416620794086,5.491447694743614,-9.652718513197245,"Wandy Peralta","14295",593974
"Michael Wacha ","KCR","SP",609.2899780273438,165,-0.0473651201456261,-1.41030681533995,-10.33656187324808,-6.414592424532628,-1.4065844290592,-19.615410662325484,8.95993436825506,-9.655476294070423,"Michael Wacha","14078",608379
"Zack Littell ","WSN","SP",709.4099731445312,151,-2.09353814674283,-1.41030681533995,-9.671189457737949,-3.753591429965434,-2.69396678764094,-19.622592637427108,8.95993436825506,-9.662658269172049,"Zack Littell","15823",641793
"Cristian Javier ","HOU","SP",470.2799987792969,146,-1.07045163344423,-1.41030681533995,-9.660344878603173,-6.340662407915091,-1.19202070262891,-19.673786437931348,8.95993436825506,-9.713852069676287,"Cristian Javier","17606",664299
"Carlos Vargas ","SEA","RP",999,56,-6.18588419993723,-1.41030681533995,-0.3936053979950127,-1.309637737908898,-6.91372007410333,-16.213154225284423,5.491447694743614,-9.72170653054081,"Carlos Vargas","22915",672841
"Tim Herrin ","CLE","RP",999,56,-6.18588419993723,-1.41030681533995,-0.3936053979950127,-2.087501591272215,-6.19850765266903,-16.27580565721344,5.491447694743614,-9.784357962469825,"Tim Herrin","25139",682120
"Chris Paddack ","CIN","SP",748.510009765625,134,-2.09353814674283,-1.41030681533995,-8.18287195969056,-4.874709401809544,-3.19461548264496,-19.756041806227838,8.95993436825506,-9.796107437972779,"Chris Paddack","20099",663978
"Justin Lawrence ","MIN","RP",999,58,-5.16279768663863,-1.13236313618117,-0.9422354530198528,-3.0232616286127554,-6.05546516838217,-16.316123072834582,5.491447694743614,-9.82467537809097,"Justin Lawrence","17639",664875
"Grant Wolfram ","BAL","RP",999,50,-6.18588419993723,-1.41030681533995,-0.562022644156922,-1.613813039340546,-6.55611386338618,-16.32814056216083,5.491447694743614,-9.836692867417216,"Grant Wolfram","21623",664991
"Davis Martin ","CHW","SP",999,148,-2.09353814674283,-1.41030681533995,-7.48751381677337,-6.757846543013422,-2.05027560835007,-19.799480930219644,8.95993436825506,-9.839546561964582,"Davis Martin","21448",663436
"Colin Selby ","BAL","RP",999,45,-6.18588419993723,-1.41030681533995,-0.5511780650221431,-1.3487165549580409,-6.8421988319599,-16.33828446721727,5.491447694743614,-9.846836772473656,"Colin Selby","24986",681882
"Kyle Hurt ","LAD","RP",999,49,-6.18588419993723,-1.41030681533995,-0.741284469453609,-1.664508922912487,-6.34155013695589,-16.34353454459917,5.491447694743614,-9.852086849855556,"Kyle Hurt","27514",669165
"Elvis Alvarado ","ATH","RP",748.52001953125,54,-6.18588419993723,-0.854419457022396,-1.2057059013974953,-2.188893358416096,-5.98394392623874,-16.41884684301196,5.491447694743614,-9.927399148268345,"Elvis Alvarado","21662",665660
"Jonathan Bowlan ","PHI","RP",999,58,-6.18588419993723,-1.41030681533995,-1.39581230582896,-1.2082459707650166,-6.27002889481246,-16.47027818668362,5.491447694743614,-9.978830491940005,"Jonathan Bowlan","24607",680742
"Brent Headrick ","NYY","RP",999,42,-7.20897071323584,-1.41030681533995,-0.6353866881030971,0.05492350105276839,-7.27132628482048,-16.471067000446595,5.491447694743614,-9.97961930570298,"Brent Headrick","27702",687396
"Michael Petersen ","MIA","RP",999,48,-6.18588419993723,-1.41030681533995,-0.9205462947502961,-1.1966289042422167,-6.77067758981647,-16.48404380408617,5.491447694743614,-9.992596109342552,"Michael Petersen","20827",656848
"Keaton Winn ","SFG","RP",999,58,-6.18588419993723,-1.41030681533995,-0.9422354530198528,-1.467533921886122,-6.55611386338618,-16.562074253569342,5.491447694743614,-10.070626558825726,"Keaton Winn","23499",676775
"Troy Melton ","DET","RP",743.22998046875,53,-6.18588419993723,-1.41030681533995,-1.3849677266941824,-0.9431494863825111,-6.69915634767304,-16.623464576026915,5.491447694743614,-10.132016881283302,"Troy Melton","31807",675512
"Greg Weissert ","BOS","RP",999,65,-5.16279768663863,-1.13236313618117,-1.955286939988579,-2.409102492488061,-5.98394392623874,-16.643494181535182,5.491447694743614,-10.15204648679157,"Greg Weissert","20375",669711
"Huascar Brazobán ","NYM","RP",999,52,-6.18588419993723,-1.41030681533995,-0.6570758463726551,-1.7717092233177685,-6.62763510552961,-16.65261119049722,5.491447694743614,-10.161163495753605,"Huascar Brazoban","6107",623211
"Javier Assad ","CHC","SP",999,68,-6.18588419993723,-1.41030681533995,-3.231808875334947,-3.0348786951355513,-6.27002889481246,-20.13290748056014,8.95993436825506,-10.172973112305078,"Javier Assad","21741",665871
"Joel Peguero ","SFG","RP",999,48,-6.18588419993723,-0.298532098704842,-0.9205462947502961,-2.2337807087266386,-7.05676255839019,-16.695505860509204,5.491447694743614,-10.20405816576559,"Joel Peguero","21951",666711
"Tim Hill ","NYY","RP",999,66,-5.16279768663863,-1.41030681533995,-1.322448261882785,-1.8398307066739092,-6.98524131624676,-16.72062478678204,5.491447694743614,-10.229177092038425,"Tim Hill","16814",657612
"Jovani Morán ","BOS","RP",999,52,-6.18588419993723,-1.41030681533995,-1.1106526991817622,-1.7717092233177685,-6.27002889481246,-16.74858183258917,5.491447694743614,-10.257134137845558,"Jovani Moran","20422",663558
"Ryan Borucki ",,"RP",999,54,-6.18588419993723,-1.41030681533995,-0.7521290485883882,-1.9296054072949909,-6.48459262124275,-16.762518092403315,5.491447694743614,-10.2710703976597,"Ryan Borucki","16350",621366
"Cole Sulser ","TBR","RP",999,56,-6.18588419993723,-1.41030681533995,-1.3007591036132269,-1.309637737908898,-6.55611386338618,-16.762701720185486,5.491447694743614,-10.271254025441873,"Cole Sulser","15256",642121
"Seth Lugo ","KCR","SP",493.1000061035156,157,-0.0473651201456261,-1.41030681533995,-9.956349064385147,-7.5980233464714715,-1.26354194477234,-20.275586291114536,8.95993436825506,-10.315651922859475,"Seth Lugo","12447",607625
"Bradgley Rodriguez ","SDP","RP",999,52,-6.18588419993723,-1.41030681533995,-0.6570758463726551,-2.030997174438874,-6.55611386338618,-16.84037789947489,5.491447694743614,-10.348930204731278,"Bradgley Rodriguez","29107",699134
"Caleb Ferguson ","CIN","RP",999,53,-6.18588419993723,-1.41030681533995,-0.9313908738850754,-1.7210133397458274,-6.62763510552961,-16.8762303344377,5.491447694743614,-10.384782639694086,"Caleb Ferguson","19349",657571
"Patrick Corbin ","TOR","SP",999,62,-5.16279768663863,-1.41030681533995,-3.853802974305962,-3.0797660454460942,-6.8421988319599,-20.348872353690542,8.95993436825506,-10.388937985435481,"Patrick Corbin","9323",571578
"Brandon Williamson ","CIN","SP",748.4500122070312,88,-4.13971117334003,-1.41030681533995,-5.543071455919597,-4.354552583786679,-4.91112529408728,-20.358767322473536,8.95993436825506,-10.398832954218479,"Brandon Williamson","25463",682227
"Ryan Gusto ","MIA","SP/RP",999,46,-7.20897071323584,-1.41030681533995,-2.1862236509618844,-2.0758845247494166,-7.48589001125077,-20.367275715537858,8.95993436825506,-10.407341347282797,"Ryan Gusto","26440",687473
"Jakob Junis ","TEX","RP",999,65,-6.18588419993723,-1.13236313618117,-2.4088637927976864,-0.8533747857614277,-6.34155013695589,-16.92203605163341,5.491447694743614,-10.430588356889794,"Jakob Junis","13619",596001
"Isaac Mattson ","PIT","RP",999,61,-6.18588419993723,-0.0205884195460648,-2.21875738836622,-2.611886026775824,-5.98394392623874,-17.02105996086408,5.491447694743614,-10.529612266120466,"Isaac Mattson","20385",676755
"Logan Allen ","CLE","SP",999,113,-3.11662466004143,-1.41030681533995,-6.050871204402596,-5.93932295682031,-3.98134914622269,-20.498474782826975,8.95993436825506,-10.538540414571916,"Logan Allen","27589",671106
"Brenan Hanifee ","DET","RP",999,42,-6.18588419993723,-1.41030681533995,-0.6353866881030971,-0.9822283034316538,-7.84349622196793,-17.05730222877986,5.491447694743614,-10.565854534036248,"Brenan Hanifee","22304",669724
"Colin Holderman ","CLE","RP",999,42,-6.18588419993723,-1.41030681533995,-0.6353866881030971,-1.5008042056738646,-7.34284752696391,-17.07522943601806,5.491447694743614,-10.583781741274445,"Colin Holderman","22361",670059
"Caden Dana ","LAA","SP",999,69,-5.16279768663863,-1.41030681533995,-4.413277608465582,-3.7620466649269275,-5.84090144195188,-20.58933021732297,8.95993436825506,-10.629395849067908,"Caden Dana","31508",702674
"Rico Garcia ","BAL","RP",999,56,-6.18588419993723,-1.41030681533995,-1.7543359564223344,-1.8282136401511093,-5.98394392623874,-17.162684538089366,5.491447694743614,-10.671236843345751,"Rico Garcia","20023",670329
"Stephen Kolek ","KCR","SP",999,73,-5.16279768663863,-1.41030681533995,-3.6962303072788334,-3.8185510817602704,-6.55611386338618,-20.64399975440387,8.95993436825506,-10.684065386148806,"Stephen Kolek","21487",663568
"Randy Vásquez ","SDP","SP",721.1699829101562,139,-2.09353814674283,-1.41030681533995,-7.740139686016231,-6.436245641797574,-2.98005175621467,-20.660282046111252,8.95993436825506,-10.70034767785619,"Randy Vasquez","24719",681190
"Shane Drohan ","MIL","RP",999,57,-6.18588419993723,-1.41030681533995,-1.575074131125647,-2.0368057077002737,-5.98394392623874,-17.192014780341843,5.491447694743614,-10.70056708559823,"Shane Drohan","27814",675660
"Didier Fuentes ","ATL","RP",600.4400024414062,59,-5.16279768663863,-1.41030681533995,-2.1237041861504875,-2.4539898427986033,-6.05546516838217,-17.20626369930984,5.491447694743614,-10.714816004566227,"Didier Fuentes","30661",800311
"John Schreiber ","KCR","RP",999,64,-5.16279768663863,-1.13236313618117,-2.5881256180943737,-2.200510424938896,-6.1269864105256,-17.210783276378674,5.491447694743614,-10.719335581635058,"John Schreiber","20020",670167
"Austin Warren ","NYM","RP",999,48,-6.18588419993723,-1.41030681533995,-1.3741231475594033,-1.1966289042422167,-7.05676255839019,-17.223705625468998,5.491447694743614,-10.732257930725384,"Austin Warren","24937",681810
"Anthony Banda ","MIN","RP",999,56,-6.18588419993723,-1.13236313618117,-1.3007591036132269,-2.3467895423933203,-6.27002889481246,-17.235824876937414,5.491447694743614,-10.744377182193801,"Anthony Banda","14706",607455
"Tyler Phillips ","MIA","RP",999,68,-5.16279768663863,-0.576475777863619,-2.3246551697167326,-2.775590744014446,-6.41307137909932,-17.25259075733275,5.491447694743614,-10.761143062589136,"Tyler Phillips","20629",663969
"Yaramil Hiraldo ","BAL","RP",999,38,-7.20897071323584,-1.41030681533995,-0.8988571364807396,-0.40714798435610194,-7.34284752696391,-17.26813017637654,5.491447694743614,-10.776682481632927,"Yaramil Hiraldo","25215",682274
"Sam Moll ","CIN","RP",999,52,-6.18588419993723,-1.41030681533995,-1.1106526991817622,-2.030997174438874,-6.55611386338618,-17.293954752284,5.491447694743614,-10.802507057540387,"Sam Moll","14874",594580
"Rob Zastryzny ","MIL","RP",999,48,-6.18588419993723,-1.41030681533995,-1.3741231475594033,-1.1966289042422167,-7.12828380053362,-17.295226867612428,5.491447694743614,-10.803779172868813,"Rob Zastryzny","15094",642239
"Ben Casparius ","LAD","RP",999,55,-6.18588419993723,-1.41030681533995,-1.9335977817190226,-1.360333621480839,-6.41307137909932,-17.303193797576366,5.491447694743614,-10.811746102832752,"Ben Casparius","30085",676508
"Cole Henry ","WSN","RP",736.2100219726562,64,-6.18588419993723,2.48090469288293,-3.4952793237125883,-4.27481403390774,-5.84090144195188,-17.31597430662651,5.491447694743614,-10.824526611882897,"Cole Henry","27570",669371
"Enyel De Los Santos ","HOU","RP",999,60,-6.18588419993723,-1.41030681533995,-1.9444423608538004,-1.6254301058633462,-6.19850765266903,-17.36457113466336,5.491447694743614,-10.873123439919747,"Enyel De Los Santos","18403",660853
"Jason Alexander ","HOU","SP/RP",999,41,-7.20897071323584,-1.41030681533995,-2.1753790718271055,-2.0700759914880167,-7.98653870625479,-20.851271298145694,8.95993436825506,-10.891336929890633,"Jason Alexander","19666",669920
"Lake Bachar ","MIA","RP",999,52,-6.18588419993723,-1.41030681533995,-1.5642295519908695,-1.7717092233177685,-6.48459262124275,-17.41672241182857,5.491447694743614,-10.925274717084957,"Lake Bachar","19222",669199
"Andre Pallante ","STL","SP",999,135,-2.09353814674283,-1.41030681533995,-5.735725870348337,-8.454044833933077,-3.19461548264496,-20.88823114900915,8.95993436825506,-10.928296780754087,"Andre Pallante","26108",669467
"Adbert Alzolay ","NYM","RP",999,42,-7.20897071323584,-1.41030681533995,-0.6353866881030971,-0.7229403523105482,-7.48589001125077,-17.463494580240205,5.491447694743614,-10.97204688549659,"Adbert Alzolay","17859",640470
"Connor Prielipp ","MIN","RP",999,57,-6.18588419993723,-1.41030681533995,-1.575074131125647,-2.0368057077002737,-6.27002889481246,-17.478099748915568,5.491447694743614,-10.986652054171952,"Connor Prielipp","31857",687570
"Nate Pearson ","HOU","RP",999,50,-6.18588419993723,-1.41030681533995,-1.4691763497751364,-1.8731009904616516,-6.55611386338618,-17.494582218900153,5.491447694743614,-11.00313452415654,"Nate Pearson","20160",663878
"Jeffrey Springs ","ATH","SP",722.25,163,-1.07045163344423,-1.41030681533995,-11.602239229459668,-5.997408289434298,-0.905935734055188,-20.98634170173333,8.95993436825506,-11.02640733347827,"Jeffrey Springs","17677",605488
"Kyle Backhus ","PHI","RP",999,52,-6.18588419993723,-1.41030681533995,-1.5642295519908695,-1.7717092233177685,-6.62763510552961,-17.559764896115432,5.491447694743614,-11.06831720137182,"Kyle Backhus","29615",679775
"Connor Brogdon ","CLE","RP",999,52,-6.18588419993723,-1.41030681533995,-1.5642295519908695,-1.7717092233177685,-6.62763510552961,-17.559764896115432,5.491447694743614,-11.06831720137182,"Connor Brogdon","21205",641401
"Cooper Criswell ","SEA","RP",999,72,-5.16279768663863,-1.41030681533995,-2.5147615741481983,-2.3135192586055777,-6.19850765266903,-17.599892987401386,5.491447694743614,-11.108445292657771,"Cooper Criswell","24975",681867
"Andre Granillo ","WSN","RP",999,52,-6.18588419993723,-1.41030681533995,-1.5642295519908695,-2.030997174438874,-6.41307137909932,-17.60448912080625,5.491447694743614,-11.113041426062635,"Andre Granillo","29542",701552
"Kutter Crawford ","BOS","RP",999,63,-6.18588419993723,-1.41030681533995,-2.7673874433910606,-1.2140545040264148,-6.05546516838217,-17.633098131076828,5.491447694743614,-11.141650436333213,"Kutter Crawford","20531",676710
"Tyler Wells ","BAL","RP",748.469970703125,72,-5.16279768663863,-1.41030681533995,-4.329068985384628,-1.01707950300005,-5.76938019980845,-17.688633190171707,5.491447694743614,-11.197185495428094,"Tyler Wells","20000",669330
"Scott Barlow ","ATH","RP",999,60,-6.18588419993723,-0.298532098704842,-1.9444423608538004,-3.4404457637110846,-5.84090144195188,-17.710205865158834,5.491447694743614,-11.21875817041522,"Scott Barlow","14993",605130
"Quinn Mathews ","STL","SP",999,40,-7.20897071323584,-1.41030681533995,-1.9010640443146871,-3.157923679544381,-7.55741125339421,-21.23567650582906,8.95993436825506,-11.275742137573998,"Quinn Mathews","sa3023407",687273
"Juan Mejia ","COL","RP",748.510009765625,66,-5.16279768663863,-0.576475777863619,-2.683178820310107,-4.1734222667638585,-5.197210262661,-17.793084814237222,5.491447694743614,-11.30163711949361,"Juan Mejia","23237",675848
"Julian Fernández ","WSN","RP",999,38,-7.20897071323584,-1.41030681533995,-0.8988571364807396,-0.6664359354772076,-7.62893249553764,-17.813503096071365,5.491447694743614,-11.322055401327752,"Julian Fernandez","18341",642759
"Jacob Webb ","CHC","RP",999,54,-6.18588419993723,-1.41030681533995,-2.1128596070157095,-1.4110295050527797,-6.69915634767304,-17.819236475018712,5.491447694743614,-11.3277887802751,"Jacob Webb","19274",657097
"Matt Gage ","SFG","RP",999,56,-6.18588419993723,-1.41030681533995,-1.3007591036132269,-2.087501591272215,-6.8421988319599,-17.826650542122525,5.491447694743614,-11.33520284737891,"Matt Gage","17381",657424
"Kyle Nicolas ","BAL","RP",999,42,-6.18588419993723,-1.41030681533995,-1.0889635409122043,-2.019380107916076,-7.12828380053362,-17.83281846463909,5.491447694743614,-11.341370769895475,"Kyle Nicolas","27775",693312
"Dylan Dodd ","ATL","RP",999,42,-7.20897071323584,-1.41030681533995,-1.0889635409122043,-0.46365240118944256,-7.70045373768107,-17.872347208358494,5.491447694743614,-11.380899513614882,"Dylan Dodd","29928",689266
"Hunter Dobbins ","STL","SP",999,87,-5.16279768663863,-1.41030681533995,-4.815179575598068,-4.40524846735862,-5.62633771552159,-21.419870260456857,8.95993436825506,-11.4599358922018,"Hunter Dobbins","30240",690928
"Tim Mayza ","PHI","RP",999,48,-6.18588419993723,-1.41030681533995,-1.3741231475594033,-1.7152048064844279,-7.27132628482048,-17.9568452541415,5.491447694743614,-11.465397559397886,"Tim Mayza","15042",641835
"Mason Fluharty ","TOR","RP",999,42,-7.20897071323584,-1.41030681533995,-1.0889635409122043,-0.9822283034316538,-7.27132628482048,-17.961795657740126,5.491447694743614,-11.470347962996511,"Mason Fluharty","31553",689254
"Justin Bruihl ","STL","RP",999,54,-6.18588419993723,-1.41030681533995,-1.2057059013974953,-2.4481813095372016,-6.77067758981647,-18.020755816028352,5.491447694743614,-11.529308121284739,"Justin Bruihl","23779",677865
"Connor Phillips ","CIN","RP",999,58,-6.18588419993723,-1.41030681533995,-1.8493891586380673,-2.7639736774916495,-5.84090144195188,-18.050455293358777,5.491447694743614,-11.559007598615162,"Connor Phillips","27649",683175
"Luis Medina ","ATH","SP",999,78,-5.16279768663863,-1.41030681533995,-4.16065173922272,-5.380087321748301,-5.4117739890913,-21.5256175520409,8.95993436825506,-11.565683183785842,"Luis Medina","21649",665622
"Gus Varland ","WSN","RP",999,46,-6.18588419993723,-1.41030681533995,-1.2790699453436705,-2.0758845247494166,-7.12828380053362,-18.079429285903895,5.491447694743614,-11.587981591160279,"Gus Varland","24737",681402
"Jimmy Herget ","COL","RP",999,77,-5.16279768663863,-0.854419457022396,-3.886336711710299,-3.097191645230292,-5.12568902051758,-18.126434521119194,5.491447694743614,-11.63498682637558,"Jimmy Herget","17556",623474
"Ethan Roberts ","CHC","RP",999,42,-7.20897071323584,-1.41030681533995,-1.0889635409122043,-1.2415162545527594,-7.19980504267705,-18.149562366717802,5.491447694743614,-11.658114671974186,"Ethan Roberts","24930",681799
"Josh Sborz ","TEX","RP",999,50,-6.18588419993723,-1.41030681533995,-1.9227532025842438,-1.8731009904616516,-6.77067758981647,-18.16272279813955,5.491447694743614,-11.671275103395937,"Josh Sborz","18323",622250
"Tyler Ferguson ","CHC","RP",999,52,-6.18588419993723,-1.41030681533995,-1.5642295519908695,-2.5495730766810847,-6.48459262124275,-18.194586265191887,5.491447694743614,-11.703138570448274,"Tyler Ferguson","19481",621053
"George Klassen ","LAA","RP",999,49,-6.18588419993723,-1.41030681533995,-1.6484381750718238,-2.183084825154698,-6.77067758981647,-18.198391605320175,5.491447694743614,-11.706943910576562,"George Klassen","33464",691946
"Drew Thorpe ","CHW","SP",999,44,-7.20897071323584,-1.41030681533995,-2.998324154364366,-2.1772762918932997,-7.91501746411136,-21.709895438944805,8.95993436825506,-11.749961070689745,"Drew Thorpe","31967",689672
"Evan Sisk ","PIT","RP",999,40,-7.20897071323584,-1.41030681533995,-0.5403334858873654,-1.6021959728177484,-7.48589001125077,-18.24769699853167,5.491447694743614,-11.756249303788056,"Evan Sisk","24995",681895
"Cole Winn ","TEX","RP",999,63,-6.18588419993723,-0.298532098704842,-2.3138105905819533,-3.2883581129952586,-6.19850765266903,-18.285092654888313,5.491447694743614,-11.7936449601447,"Cole Winn","22113",668390
"Taylor Clarke ","ARI","RP",999,61,-6.18588419993723,-0.854419457022396,-2.672334241175328,-1.8340221734125075,-6.77067758981647,-18.317337661363936,5.491447694743614,-11.825889966620323,"Taylor Clarke","17611",664199
"Trevor McDonald ","SFG","RP",748.5800170898438,65,-5.16279768663863,-1.41030681533995,-2.4088637927976864,-2.927678394730272,-6.48459262124275,-18.39423931074929,5.491447694743614,-11.902791616005675,"Trevor McDonald","26448",686790
"José Buttó ","SFG","RP",999,64,-6.18588419993723,-0.854419457022396,-2.1345487652852664,-2.9783742783022125,-6.27002889481246,-18.423255595359564,5.491447694743614,-11.93180790061595,"Jose Butto","23313",676130
"PJ Poulin ","WSN","RP",999,59,-6.18588419993723,-1.13236313618117,-2.1237041861504875,-2.7132777939197092,-6.27002889481246,-18.425258211001058,5.491447694743614,-11.933810516257443,"PJ Poulin","23394",676571
"Zak Kent ","WSN","RP",999,54,-6.18588419993723,-1.41030681533995,-1.6592827542066027,-2.707469260658307,-6.48459262124275,-18.447535651384843,5.491447694743614,-11.956087956641229,"Zak Kent","25703",687849
"Zach Maxwell ","CIN","RP",999,40,-7.20897071323584,-1.41030681533995,-0.9939103386964727,-1.8614839239388536,-6.98524131624676,-18.459913107457872,5.491447694743614,-11.96846541271426,"Zach Maxwell","31610",687209
"Ron Marinaccio ","SDP","RP",999,40,-7.20897071323584,-1.41030681533995,-0.9939103386964727,-1.3429080216966427,-7.55741125339421,-18.513507142363107,5.491447694743614,-12.022059447619492,"Ron Marinaccio","23488",676760
"Matt Pushard ","MIA","RP",999,50,-6.18588419993723,-1.41030681533995,-1.9227532025842438,-1.8731009904616516,-7.12828380053362,-18.520329008856702,5.491447694743614,-12.02888131411309,"Matt Pushard","31870",690155
"Jack Kochanowicz ","LAA","SP",999,78,-5.16279768663863,-1.41030681533995,-4.16065173922272,-4.86151141950609,-6.41307137909932,-22.008339039806714,8.95993436825506,-12.048404671551653,"Jack Kochanowicz","27688",686799
"Ryan Fernandez ","STL","RP",999,40,-7.20897071323584,-1.41030681533995,-0.9939103386964727,-1.6021959728177484,-7.34284752696391,-18.558231367053917,5.491447694743614,-12.066783672310304,"Ryan Fernandez","24862",681676
"José Suarez ","ATH","RP",999,65,-6.18588419993723,-1.41030681533995,-2.8624406456067932,-2.1498145413669554,-5.98394392623874,-18.59239012848967,5.491447694743614,-12.100942433746054,"Jose Suarez","19911",660761
"Walker Buehler ","SDP","SP",740.9299926757812,80,-5.16279768663863,-1.41030681533995,-4.70928179424756,-5.019407603483313,-5.76938019980845,-22.071174099517904,8.95993436825506,-12.111239731262842,"Walker Buehler","19374",621111
"George Soriano ","STL","RP",999,58,-6.18588419993723,-1.41030681533995,-1.8493891586380673,-2.7639736774916495,-6.41307137909932,-18.622625230506223,5.491447694743614,-12.131177535762609,"George Soriano","21863",666277
"Richard Lovelady ","WSN","RP",999,46,-6.18588419993723,-1.41030681533995,-1.7326467981527776,-1.816596573628311,-7.48589001125077,-18.631324398309047,5.491447694743614,-12.139876703565434,"Richard Lovelady","19337",663992
"Caleb Kilian ","SFG","RP",999,59,-6.18588419993723,-0.854419457022396,-2.1237041861504875,-2.4539898427986033,-7.05676255839019,-18.674760244298913,5.491447694743614,-12.1833125495553,"Caleb Kilian","26213",668873
"DL Hall ","MIL","RP",999,52,-6.18588419993723,-1.41030681533995,-2.017806404799977,-2.290285125559979,-6.77067758981647,-18.674960135453613,5.491447694743614,-12.18351244071,"DL Hall","22207",669084
"Nick Mears ","KCR","RP",999,60,-6.18588419993723,-1.41030681533995,-2.3980192136629075,-2.4032939592266627,-6.34155013695589,-18.73905432512264,5.491447694743614,-12.247606630379028,"Nick Mears","25376",683232
"Eduarniel Núñez ","CHC","RP",999,50,-6.18588419993723,-1.41030681533995,-1.4691763497751364,-3.4288286971882846,-6.27002889481246,-18.764224957053063,5.491447694743614,-12.27277726230945,"Eduarniel Nunez","23162",674384
"Yuki Matsui ","SDP","RP",999,44,-7.20897071323584,-1.41030681533995,-1.6375935959370442,-1.3994124385299833,-7.12828380053362,-18.784567363576436,5.491447694743614,-12.293119668832821,"Yuki Matsui","33826",673513
"Gunnar Hoglund ","ATH","SP",999,60,-6.18588419993723,-1.41030681533995,-4.665903477708444,-2.921869861468874,-7.12828380053362,-22.312248154988126,8.95993436825506,-12.352313786733065,"Gunnar Hoglund","31318",680684
"Brandyn Garcia ","ARI","RP",999,46,-6.18588419993723,-1.41030681533995,-1.2790699453436705,-2.8537483781127335,-7.12828380053362,-18.85729313926721,5.491447694743614,-12.365845444523595,"Brandyn Garcia","33568",805299
"Drew Smith ","MIN","RP",999,36,-7.20897071323584,-1.41030681533995,-1.2573807870741138,-1.286403604863302,-7.70045373768107,-18.863515658194263,5.491447694743614,-12.372067963450649,"Drew Smith","17755",622098
"Brent Suter ","LAA","RP",999,61,-6.18588419993723,-1.41030681533995,-2.672334241175328,-1.8340221734125075,-6.77067758981647,-18.873225019681488,5.491447694743614,-12.381777324937875,"Brent Suter","13942",608718
"Steven Wilson ","TBR","RP",999,43,-7.20897071323584,-1.41030681533995,-1.8168554212337313,-1.1908203709808185,-7.27132628482048,-18.898279605610817,5.491447694743614,-12.406831910867204,"Steven Wilson","20353",621051
"Juan Morillo ","ARI","RP",999,54,-6.18588419993723,-1.41030681533995,-1.2057059013974953,-3.7446210651427294,-6.41307137909932,-18.959589360916727,5.491447694743614,-12.468141666173114,"Juan Morillo","21924",666661
"Jesse Scholtens ","TBR","RP",999,36,-7.20897071323584,-1.41030681533995,-1.2573807870741138,-1.0271156537421964,-8.05805994839822,-18.961833917790308,5.491447694743614,-12.470386223046695,"Jesse Scholtens","19205",669947
"Luis Curvelo ","TEX","RP",999,40,-7.20897071323584,-1.41030681533995,-1.4474871915055798,-1.3429080216966427,-7.55741125339421,-18.96708399517221,5.491447694743614,-12.475636300428597,"Luis Curvelo","24710",681168
"Steven Cruz ","KCR","RP",999,45,-6.18588419993723,-1.41030681533995,-1.9119086234494647,-2.1265804083213573,-7.34284752696391,-18.97752757401192,5.491447694743614,-12.486079879268306,"Steven Cruz","23165",674444
"Andrew Hoffmann ","ARI","RP",999,58,-6.18588419993723,-1.13236313618117,-2.302966011447174,-2.7639736774916495,-6.62763510552961,-19.01282213058684,5.491447694743614,-12.521374435843226,"Andrew Hoffmann","29633",694851
"Chase Silseth ","LAA","RP",999,62,-6.18588419993723,-1.13236313618117,-2.4930724158786406,-3.0797660454460942,-6.1269864105256,-19.01807220796874,5.491447694743614,-12.526624513225126,"Chase Silseth","30074",681217
"Brandon Eisert ","CHW","RP",999,36,-7.20897071323584,-1.41030681533995,-1.2573807870741138,-1.286403604863302,-7.91501746411136,-19.078079384624555,5.491447694743614,-12.58663168988094,"Brandon Eisert","27668",685126
"Michael Kelly ","ATH","RP",999,58,-6.18588419993723,-0.576475777863619,-2.7565428642562817,-3.0232616286127554,-6.55611386338618,-19.09827833405607,5.491447694743614,-12.606830639312456,"Michael Kelly","12791",547184
"Chris Murphy ","CHW","RP",999,56,-6.18588419993723,-1.41030681533995,-1.7543359564223344,-3.124653395756637,-6.62763510552961,-19.102815472985768,5.491447694743614,-12.611367778242155,"Chris Murphy","26214",669684
"Tyler Gilbert ","CHW","RP",999,40,-7.20897071323584,-1.41030681533995,-1.4474871915055798,-1.3429080216966427,-7.70045373768107,-19.11012647945907,5.491447694743614,-12.618678784715456,"Tyler Gilbert","17964",656457
"Cody Laweryson ","MIN","RP",999,50,-6.18588419993723,-1.41030681533995,-2.3763300553933506,-1.8731009904616516,-7.27132628482048,-19.116948345952668,5.491447694743614,-12.625500651209054,"Cody Laweryson","26429",689520
"Yerry De los Santos ","NYY","RP",999,40,-7.20897071323584,-1.41030681533995,-0.9939103386964727,-1.6021959728177484,-7.91501746411136,-19.13040130420136,5.491447694743614,-12.638953609457745,"Yerry De los Santos","21420",660787
"Lucas Giolito ","SDP","SP",728.47998046875,114,-2.09353814674283,-1.41030681533995,-8.593070495960552,-7.185066828853893,-3.33765796693182,-22.619640253829044,8.95993436825506,-12.659705885573983,"Lucas Giolito","15474",608337
"Brandan Bidois ","PIT","RP",999,52,-6.18588419993723,-1.41030681533995,-2.017806404799977,-3.0681489789232965,-6.55611386338618,-19.23826026238664,5.491447694743614,-12.746812567643024,"Brandan Bidois","28052",684049
"Tommy Kahnle ","BOS","RP",748.510009765625,46,-6.18588419993723,-1.41030681533995,-1.7326467981527776,-2.5944604269916276,-7.34284752696391,-19.266145767385503,5.491447694743614,-12.77469807264189,"Tommy Kahnle","11384",592454
"Travis Adams ","MIN","RP",999,49,-6.18588419993723,-1.41030681533995,-2.1020150278809306,-2.183084825154698,-7.41436876910734,-19.295659637420155,5.491447694743614,-12.80421194267654,"Travis Adams","30180",701519
"John King ","MIA","RP",999,56,-6.18588419993723,-1.41030681533995,-1.7543359564223344,-2.6060774935144257,-7.41436876910734,-19.370973234321287,5.491447694743614,-12.879525539577674,"John King","22051",667463
"Zack Kelly ","BOS","RP",999,58,-6.18588419993723,-1.41030681533995,-2.302966011447174,-3.282549579733861,-6.19850765266903,-19.380214259127246,5.491447694743614,-12.888766564383634,"Zack Kelly","20349",677161
"Seth Halvorsen ","COL","RP",712.510009765625,50,-6.18588419993723,-1.41030681533995,-1.9227532025842438,-3.169540746067179,-6.69915634767304,-19.387641311601644,5.491447694743614,-12.896193616858032,"Seth Halvorsen","33294",678020
"Zach Pop ","PHI","RP",999,42,-7.20897071323584,-1.41030681533995,-1.0889635409122043,-2.019380107916076,-7.70045373768107,-19.42807491508513,5.491447694743614,-12.936627220341514,"Zach Pop","20185",647315
"Jalen Beeks ","TEX","RP",999,58,-6.18588419993723,-1.41030681533995,-2.302966011447174,-2.7639736774916495,-6.77067758981647,-19.433808294032477,5.491447694743614,-12.942360599288865,"Jalen Beeks","17192",656222
"Germán Márquez ","SDP","SP",743.3200073242188,111,-3.11662466004143,-1.41030681533995,-7.770125413423293,-6.300002675085298,-4.41047659908327,-23.007536162973242,8.95993436825506,-13.047601794718185,"German Marquez","15038",608566
"Gregory Santos ","SFG","RP",999,36,-7.20897071323584,-1.41030681533995,-0.8038039342650066,-2.0642674582266185,-8.05805994839822,-19.54540886946563,5.491447694743614,-13.053961174722014,"Gregory Santos","21894",666619
"Jonathan Cannon ","CHW","SP",999,109,-4.13971117334003,-1.41030681533995,-7.221495358398452,-5.623530588865862,-4.69656156765699,-23.091605503601286,8.95993436825506,-13.131671135346224,"Jonathan Cannon","31730",686563
"Ryan Bergert ","KCR","SP",999,56,-6.18588419993723,-1.41030681533995,-4.475797073276977,-3.902517249119953,-7.12828380053362,-23.102789138207736,8.95993436825506,-13.142854769952681,"Ryan Bergert","29863",686701
"Mitchell Parker ","WSN","SP",999,50,-7.20897071323584,-1.41030681533995,-3.737060613820673,-3.169540746067179,-7.62893249553764,-23.15481138400127,8.95993436825506,-13.194877015746211,"Mitchell Parker","27636",680730
"Jordan Montgomery ","TEX","RP",999,52,-6.18588419993723,-1.41030681533995,-2.924960110418191,-1.7717092233177685,-7.41436876910734,-19.707229118120484,5.491447694743614,-13.21578142337687,"Jordan Montgomery","16511",656756
"Orlando Ribalta ","WSN","RP",999,48,-6.18588419993723,-1.41030681533995,-2.2812768531776175,-3.0116445620899555,-6.98524131624676,-19.874353746791517,5.491447694743614,-13.382906052047904,"Orlando Ribalta","26247",687377
"Alex Lange ","KCR","RP",999,52,-6.18588419993723,-1.41030681533995,-2.017806404799977,-3.5867248811655075,-6.69915634767304,-19.89987864891571,5.491447694743614,-13.408430954172095,"Alex Lange","19883",656638
"Miles Mikolas ","WSN","SP",999,139,-3.11662466004143,-1.41030681533995,-10.008023950061768,-5.139805886192048,-3.69526417764897,-23.370025489284163,8.95993436825506,-13.410091121029108,"Miles Mikolas","9803",571945
"Christian Roa ","CHC","RP",999,46,-7.20897071323584,-1.41030681533995,-1.7326467981527776,-2.5944604269916276,-7.05676255839019,-20.003147312110382,5.491447694743614,-13.51169961736677,"Christian Roa","27662",685005
"Ryan Watson ","BOS","RP",999,42,-7.20897071323584,-1.41030681533995,-1.9961172465304187,-1.7600921567949703,-7.62893249553764,-20.00441942743881,5.491447694743614,-13.512971732695195,"Ryan Watson","27853",670245
"Nick Anderson ",,"RP",999,40,-7.20897071323584,-1.41030681533995,-1.9010640443146871,-1.8614839239388536,-7.62893249553764,-20.010757992366955,5.491447694743614,-13.519310297623342,"Nick Anderson","18337",623433
"Spencer Bivens ","SFG","RP",999,42,-7.20897071323584,-1.41030681533995,-1.5425403937213114,-2.019380107916076,-7.84349622196793,-20.024694252181096,5.491447694743614,-13.533246557437483,"Spencer Bivens","30226",702352
"Chase Shugart ","PHI","RP",999,38,-7.20897071323584,-1.41030681533995,-1.8060108420989542,-1.7035877399616297,-7.91501746411136,-20.043893574747724,5.491447694743614,-13.55244588000411,"Chase Shugart","21544",663767
"Tyler Anderson ","LAA","SP",999,72,-5.16279768663863,-1.41030681533995,-6.143376396621057,-4.387822867574422,-6.41307137909932,-23.51737514527338,8.95993436825506,-13.55744077701832,"Tyler Anderson","12880",542881
"Blade Tidwell ","SFG","RP",999,36,-7.20897071323584,-1.41030681533995,-1.7109576398832207,-1.804979507105513,-7.91501746411136,-20.050232139675874,5.491447694743614,-13.55878444493226,"Blade Tidwell","31701",694918
"Michael Kopech ",,"RP",999,38,-7.20897071323584,-1.41030681533995,-1.8060108420989542,-2.222163642203841,-7.41436876910734,-20.061820781985922,5.491447694743614,-13.570373087242308,"Michael Kopech","17282",656629
"Sam Bachman ","LAA","RP",999,59,-6.18588419993723,-0.854419457022396,-2.5772810389595944,-3.750429598404131,-6.69915634767304,-20.067170641996395,5.491447694743614,-13.57572294725278,"Sam Bachman","29754",696147
"Roddery Muñoz ","HOU","RP",999,54,-6.18588419993723,-1.41030681533995,-3.020013312633924,-2.9667572117794125,-6.55611386338618,-20.1390754030767,5.491447694743614,-13.647627708333086,"Roddery Munoz","25311",682610
"Joey Lucchesi ","LAA","RP",999,54,-6.18588419993723,-1.41030681533995,-2.5664364598248173,-2.707469260658307,-7.34284752696391,-20.21294426272422,5.491447694743614,-13.721496567980608,"Joey Lucchesi","19320",664192
"Paul Blackburn ","NYY","RP",999,60,-6.18588419993723,-1.41030681533995,-3.305172919281122,-2.4032939592266627,-6.91372007410333,-20.2183779678883,5.491447694743614,-13.726930273144685,"Paul Blackburn","14739",621112
"Luis Mey ","CIN","RP",999,36,-7.20897071323584,-1.41030681533995,-1.2573807870741138,-2.8421313115899354,-7.55741125339421,-20.276200880634036,5.491447694743614,-13.784753185890422,"Luis Mey","25620",682825
"Carlos Rodriguez ","MIL","RP",999,37,-7.20897071323584,-1.41030681533995,-1.985272667395641,-1.7542836235335721,-7.98653870625479,-20.345372525759785,5.491447694743614,-13.85392483101617,"Carlos Rodriguez","30161",692230
"Alek Manoah ","LAA","SP",748.5599975585938,44,-7.20897071323584,-1.41030681533995,-3.9054778599825806,-3.4737160474988276,-7.84349622196793,-23.84196765802512,8.95993436825506,-13.88203328977006,"Alek Manoah","26410",666201
"Chris Roycroft ","STL","RP",999,52,-6.18588419993723,-1.41030681533995,-2.017806404799977,-3.5867248811655075,-7.19980504267705,-20.40052734391972,5.491447694743614,-13.909079649176105,"Chris Roycroft","31261",688297
"Ryan Rolison ","CHC","RP",999,36,-7.20897071323584,-1.41030681533995,-1.7109576398832207,-1.804979507105513,-8.27262367482851,-20.407838350393025,5.491447694743614,-13.916390655649412,"Ryan Rolison","22200",669020
"Kendry Rojas ","MIN","RP",999,40,-7.20897071323584,-1.41030681533995,-1.9010640443146871,-2.120771875059959,-7.7719749798245,-20.413088427774927,5.491447694743614,-13.921640733031314,"Kendry Rojas","29423",696070
"Gordon Graceffo ","STL","RP",999,44,-7.20897071323584,-1.41030681533995,-2.0911704487461518,-1.9179883407721945,-7.91501746411136,-20.543453782205486,5.491447694743614,-14.052006087461871,"Gordon Graceffo","29519",700669
"Enmanuel De Jesus ","DET","RP",999,50,-7.20897071323584,-1.41030681533995,-1.9227532025842438,-2.6509648438249687,-7.48589001125077,-20.67888558623577,5.491447694743614,-14.187437891492156,"Enmanuel De Jesus","18554",646241
"Peyton Pallette ","CHW","RP",999,48,-7.20897071323584,-1.41030681533995,-2.2812768531776175,-2.7523566109688495,-7.12828380053362,-20.781194793255874,5.491447694743614,-14.28974709851226,"Peyton Pallette","31865",688883
"Jake Irvin ","WSN","SP",999,137,-3.11662466004143,-1.41030681533995,-9.912970747846034,-6.796925360062561,-3.0515729983581,-24.288400581648073,8.95993436825506,-14.328466213393014,"Jake Irvin","21504",663623
"AJ Blubaugh ","HOU","RP",748.5399780273438,44,-7.20897071323584,-1.41030681533995,-2.5447473015552586,-2.1772762918932997,-7.48589001125077,-20.827191133275118,5.491447694743614,-14.335743438531502,"AJ Blubaugh","31764",805123
"Carter Baumler ","TEX","RP",999,54,-6.18588419993723,-1.41030681533995,-3.020013312633924,-3.226045162900518,-6.98524131624676,-20.827490807058386,5.491447694743614,-14.336043112314771,"Carter Baumler","30231",691945
"Kyle Hart ","SDP","RP",999,48,-7.20897071323584,-1.41030681533995,-2.734853705986725,-1.974492757605533,-7.62893249553764,-20.957556487705677,5.491447694743614,-14.466108792962062,"Kyle Hart","19646",606996
"Tanner Gordon ","COL","SP",999,58,-6.18588419993723,-1.41030681533995,-5.931580833920033,-3.5418375308549663,-7.41436876910734,-24.483978149159526,8.95993436825506,-14.524043780904465,"Tanner Gordon","27669",685299
"Cionel Pérez ","NYM","RP",999,57,-6.18588419993723,-0.854419457022396,-2.4822278367438613,-4.6296852189113284,-6.91372007410333,-21.06593678671815,5.491447694743614,-14.574489091974538,"Cionel Perez","19614",672335
"Ken Waldichuk ","WSN","RP",999,54,-6.18588419993723,-1.41030681533995,-3.4735901654430315,-3.226045162900518,-6.77067758981647,-21.066503933437204,5.491447694743614,-14.575056238693591,"Ken Waldichuk","27681",686610
"Keegan Thompson ","COL","RP",999,40,-7.20897071323584,-1.41030681533995,-2.354640897123794,-2.63934777730217,-7.48589001125077,-21.09915621425252,5.491447694743614,-14.607708519508908,"Keegan Thompson","19795",624522
"Jackson Rutledge ","PHI","RP",999,42,-7.20897071323584,-1.41030681533995,-2.449694099339526,-2.2786680590371815,-7.7719749798245,-21.119614666776982,5.491447694743614,-14.62816697203337,"Jackson Rutledge","26215",671131
"John Klein ","MIN","RP",999,39,-7.20897071323584,-1.41030681533995,-2.533902722420481,-2.1714677586319,-7.91501746411136,-21.23966547373952,5.491447694743614,-14.748217778995908,"John Klein","32155",804619
"Tanner McDougal ","CHW","RP",999,49,-6.18588419993723,-1.41030681533995,-2.5555918806900375,-3.9981004830024363,-7.12828380053362,-21.27816717950328,5.491447694743614,-14.786719484759669,"Tanner McDougal","sa3017471",701780
"Josiah Gray ","WSN","SP",999,79,-6.18588419993723,-1.41030681533995,-6.249274177971568,-5.32939143817636,-5.91242268409531,-25.087279315520423,8.95993436825506,-15.127344947265364,"Josiah Gray","24580",680686
"Luinder Avila ","KCR","RP",999,42,-7.20897071323584,-1.41030681533995,-2.449694099339526,-2.7972439612793925,-7.7719749798245,-21.638190569019198,5.491447694743614,-15.146742874275581,"Luinder Avila","24452",679883
"Dan Altavilla ","KCR","RP",999,42,-7.20897071323584,-1.41030681533995,-2.449694099339526,-2.7972439612793925,-7.7719749798245,-21.638190569019198,5.491447694743614,-15.146742874275581,"Dan Altavilla","16507",656186
"Cade Gibson ","MIA","RP",999,40,-7.20897071323584,-1.41030681533995,-2.354640897123794,-2.63934777730217,-8.12958119054165,-21.742847393543393,5.491447694743614,-15.251399698799784,"Cade Gibson","31815",806188
"JT Brubaker ","SFG","RP",999,57,-6.18588419993723,-1.41030681533995,-3.3893815423620763,-3.592533414426907,-7.27132628482048,-21.84943225688665,5.491447694743614,-15.357984562143038,"JT Brubaker","17578",664141
"José Urquidy ","PIT","RP",999,61,-6.18588419993723,-1.41030681533995,-4.033064799602649,-3.130461929018035,-7.12828380053362,-21.888001544431493,5.491447694743614,-15.396553849687876,"Jose Urquidy","18413",664353
"Cade Winquest ","STL","RP",999,50,-7.20897071323584,-1.41030681533995,-2.8299069082024584,-3.169540746067179,-7.41436876910734,-22.033093951952768,5.491447694743614,-15.541646257209152,"Cade Winquest","sa3020805",685464
"Zach Agnos ","COL","RP",743.47998046875,60,-6.18588419993723,-0.298532098704842,-4.665903477708444,-4.218309617074402,-6.69915634767304,-22.06778574109796,5.491447694743614,-15.576338046354348,"Zach Agnos","31552",688642
"Daniel Lynch IV ","KCR","RP",999,59,-6.18588419993723,-1.41030681533995,-3.9380115973869168,-3.23185369616192,-7.34284752696391,-22.10890383578993,5.491447694743614,-15.617456141046322,"Daniel Lynch IV","21537",663738
"Erick Fedde ","CHW","SP",999,108,-4.13971117334003,-1.41030681533995,-8.307910889313353,-6.970666228043326,-4.83960405194385,-25.668199157980514,8.95993436825506,-15.708264789725455,"Erick Fedde","17425",607200
"Andrew Alvarez ","WSN","SP",999,94,-5.16279768663863,-1.41030681533995,-6.735384768185009,-6.643256793566086,-5.76938019980845,-25.721126263538128,8.95993436825506,-15.76119189528307,"Andrew Alvarez","29914",674841
"Jedixson Paez ","BOS","RP",999,52,-7.20897071323584,-1.41030681533995,-3.378536963227299,-2.5495730766810847,-7.7719749798245,-22.319362548308664,5.491447694743614,-15.827914853565048,"Jedixson Paez","29114",699151
"Connor Seabold ","TOR","RP",999,52,-7.20897071323584,-1.41030681533995,-3.8321138160364057,-2.5495730766810847,-7.41436876910734,-22.415333190400617,5.491447694743614,-15.923885495657004,"Connor Seabold","19695",657756
"Mike Clevinger ","PIT","RP",748.0900268554688,48,-7.20897071323584,-1.41030681533995,-3.1884305587958326,-3.0116445620899555,-7.62893249553764,-22.448285144999204,5.491447694743614,-15.956837450255591,"Mike Clevinger","12808",605182
"Brennan Bernardino ","COL","RP",999,58,-6.18588419993723,-1.41030681533995,-3.6636965698744963,-4.578989335339388,-6.62763510552961,-22.46651202602068,5.491447694743614,-15.975064331277064,"Brennan Bernardino","16835",657514
"Bailey Falter ","KCR","SP",999,72,-6.18588419993723,-1.41030681533995,-7.05053010223927,-4.387822867574422,-6.91372007410333,-25.94826405919421,8.95993436825506,-15.98832969093915,"Bailey Falter","20070",663559
"Walbert Ureña ","LAA","RP",999,42,-7.20897071323584,-1.41030681533995,-2.449694099339526,-3.5751078146427084,-7.91501746411136,-22.559096906669375,5.491447694743614,-16.06764921192576,"Walbert Urena","29357",700712
"Wikelman González ","CHW","RP",999,45,-7.20897071323584,-1.41030681533995,-2.819062329067679,-3.941596066169096,-7.19980504267705,-22.579740966489606,5.491447694743614,-16.088293271745997,"Wikelman Gonzalez","26641",682790
"Chase Dollander ","COL","SP",743.4400024414062,120,-4.13971117334003,-1.41030681533995,-8.87823010260775,-9.473771038633306,-2.26483933478036,-26.166858464701402,8.95993436825506,-16.206924096446343,"Chase Dollander","33482",801403
"Luis Peralta ","CHC","RP",999,42,-7.20897071323584,-1.41030681533995,-3.35684780495774,-4.352971668006026,-7.34284752696391,-23.671944528503467,5.491447694743614,-17.18049683375985,"Luis Peralta","24203",678821
"Mason Black ","KCR","RP",999,57,-6.18588419993723,-1.41030681533995,-4.750112100789398,-4.370397267790224,-7.05676255839019,-23.773462942247,5.491447694743614,-17.282015247503384,"Mason Black","30171",696131
"Chase Petty ","CIN","RP",999,47,-7.20897071323584,-1.41030681533995,-3.8212692369016263,-3.580916347904109,-7.7719749798245,-23.793438093206014,5.491447694743614,-17.301990398462397,"Chase Petty","30170",695534
"Taijuan Walker ",,"SP",748.25,121,-3.11662466004143,-1.41030681533995,-10.513275688547491,-8.385923350576936,-4.26743411479641,-27.693564629302212,8.95993436825506,-17.733630261047157,"Taijuan Walker","11836",592836
"Michael Lorenzen ","COL","SP",999,143,-3.11662466004143,-1.41030681533995,-12.46601461853877,-10.641357276568598,-2.1217968504935,-29.75610022098225,8.95993436825506,-19.796165852727192,"Michael Lorenzen","14843",547179
"Ryan Feltner ","COL","SP",999,115,-4.13971117334003,-1.41030681533995,-10.228116081900293,-10.245826358735215,-3.90982790407926,-29.933788333394748,8.95993436825506,-19.973853965139693,"Ryan Feltner","21446",663372
"Kyle Freeland ","COL","SP",999,161,-2.09353814674283,-1.41030681533995,-14.682223996907684,-10.247407274515869,-1.97875436620664,-30.412230599712974,8.95993436825506,-20.452296231457915,"Kyle Freeland","16256",607536
"Antonio Senzatela ","COL","SP",999,96,-5.16279768663863,-1.41030681533995,-9.551899087255386,-8.87545658651215,-5.69785895766502,-30.698319133411136,8.95993436825506,-20.738384765156077,"Antonio Senzatela","15488",622608
"Tomoyuki Sugano ","COL","SP",999,116,-4.13971117334003,-1.41030681533995,-12.770315373458248,-8.639402768436645,-4.91112529408728,-31.870861424662156,8.95993436825506,-21.910927056407097,"Tomoyuki Sugano","35321",608372
"Jose Quintana ","COL","SP",999,144,-3.11662466004143,-1.41030681533995,-15.915367615714938,-13.183540904207717,-3.55222169336211,-37.17806168866614,8.95993436825506,-27.21812732041108,"Jose Quintana","11423",500779