Name,Team,POS,ADP,PA,mAVG,mRBI,mR,mSB,mHR,PTS,aPOS,Dollars,NameASCII,PlayerId,MLBAMID
"Shohei Ohtani ","LAD","DH",1.2699999809265137,679,6.47742724925217,9.32700315321712,11.2380654958302,3.46987238138348,10.8456718713734,41.3580401510563,8.538446347189781,50.8964864982461,"Shohei Ohtani","19755",660271
"Aaron Judge ","NYY","OF/DH",1.850000023841858,644,8.67916278792484,9.9189701081983,8.25218532038292,-0.560320132219828,11.6094835983217,37.8994816826079,10.553832793224087,49.453314475831974,"Aaron Judge","15640",592450
"Bobby Witt Jr. ","KCR","SS",3.0999999046325684,679,9.87218540307872,5.77520142333002,8.0225022299639,6.34858131967156,3.97136632883876,33.989836704883,8.978848907125535,43.968685612008485,"Bobby Witt Jr.","25764",677951
"Juan Soto ","NYM","OF",4.650000095367432,686,5.20475908231199,6.36716837831121,8.0225022299639,2.60625969989706,6.64470737315777,28.8453967636419,10.553832793224087,40.399229556866004,"Juan Soto","20123",665742
"Ronald Acuña Jr. ","ATL","OF",5.260000228881836,651,6.64451684183934,4.19662287671354,5.26630514493565,3.46987238138348,3.97136632883876,23.5486835737108,10.553832793224087,35.10251636693485,"Ronald Acuna Jr.","18401",660670
"Vladimir Guerrero Jr. ","TOR","1B/DH",18.049999237060547,679,9.84455480513742,5.77520142333002,5.03662205451663,-1.99967460136387,4.3532721923129,23.0099758739331,9.804671645785488,33.814647519718605,"Vladimir Guerrero Jr.","19611",665489
"Julio Rodríguez ","SEA","OF",9.489999771118164,686,5.39037477888648,4.3939451950406,4.34757278325957,4.62135595669871,2.82564873841632,21.5788974523017,10.553832793224087,33.13273024552577,"Julio Rodriguez","23697",677594
"Gunnar Henderson ","BAL","SS",12.510000228881836,672,5.02694187475206,4.19662287671354,7.56313604912586,3.18200148755467,2.44374287494218,22.4124451630883,8.978848907125535,32.39129407021383,"Gunnar Henderson","26289",683002
"Elly De La Cruz ","CIN","SS",8.449999809265137,672,1.8714374923638,2.81536664842411,5.72567132577369,8.0758066826444,2.06183701146803,20.550119160674,8.978848907125535,30.52896806779958,"Elly De La Cruz","26668",682829
"Fernando Tatis Jr. ","SDP","OF",14.010000228881836,672,3.24065419405882,3.60465592173235,3.88820660242153,3.75774327521229,3.58946046536461,18.0807204587896,10.553832793224087,29.634553252013692,"Fernando Tatis Jr.","19709",665487
"Kyle Tucker ","LAD","OF",13.130000114440918,651,2.6932287143687,4.19662287671354,4.57725587367859,3.18200148755467,3.20755460189047,17.856663554206,10.553832793224087,29.41049634743005,"Kyle Tucker","18345",663656
"Cal Raleigh ","SEA","C/DH",18.729999542236328,637,-3.093432921682,4.78858983169472,2.05074187906937,-1.13606191987744,5.88089564620948,8.49073251541413,19.785718440951914,29.27645095636604,"Cal Raleigh","21534",663728
"Corbin Carroll ","ARI","OF",14.100000381469727,637,1.00966493642607,1.03946578348056,8.0225022299639,6.34858131967156,0.916119421045599,17.3363336905877,10.553832793224087,28.890166483811768,"Corbin Carroll","25878",682998
"Yordan Alvarez ","HOU","DH",33.38999938964844,560,7.46013269584846,3.80197824005941,2.51010805990741,-2.28754549519268,4.3532721923129,15.8379456929355,8.538446347189781,25.37639204012529,"Yordan Alvarez","19556",670541
"Junior Caminero ","TBR","3B",16.479999542236328,665,4.07479615205526,5.18323446834884,2.96947424074545,-2.28754549519268,5.49898978273534,15.4389491486922,8.538446347189781,24.977395495881993,"Junior Caminero","28163",691406
"Pete Crow-Armstrong ","CHC","OF",32.939998626708984,644,-0.51591374288336,2.02607737511587,2.96947424074545,6.92432310732918,1.29802528451974,12.7019862648269,10.553832793224087,24.255819058050967,"Pete Crow-Armstrong","27769",691718
"Bryce Harper ","PHI","1B",47.900001525878906,665,2.38505700611686,4.78858983169472,3.19915733116447,-0.560320132219828,3.58946046536461,13.4019445021208,9.804671645785488,24.206616147906324,"Bryce Harper","11579",547180
"Brent Rooker ","ATH","OF/DH",42.11000061035156,672,0.994385074476323,5.18323446834884,3.42884042158349,-1.71180370753506,4.73517805578705,12.6298343126606,10.553832793224087,24.183667105884734,"Brent Rooker","19627",667670
"Pete Alonso ","BAL","1B",24.440000534057617,679,-0.272107724468083,6.76181301496533,3.42884042158349,-2.86328728285029,6.26280150968362,13.3180599389141,9.804671645785488,24.12273158469956,"Pete Alonso","19251",624413
"José Ramírez ","CLE","3B/DH",6.28000020980835,679,1.50345234125239,2.02607737511587,2.73979115032643,7.21219400115798,0.534213557571454,14.0157284254241,8.538446347189781,23.55417477261391,"Jose Ramirez","13510",608070
"Jackson Chourio ","MIL","OF",19.3799991607666,651,2.3206913162803,2.61804433009705,2.28042496948839,3.46987238138348,1.29802528451974,11.987058281769,10.553832793224087,23.54089107499306,"Jackson Chourio","28806",694192
"Austin Riley ","ATL","3B",59.36000061035156,672,3.19774373416778,5.57787910500296,3.65852351200251,-2.86328728285029,4.3532721923129,13.9241312606359,8.538446347189781,23.462577607825647,"Austin Riley","18360",663586
"Kyle Schwarber ","PHI","DH",24.690000534057617,686,-3.780317396018,6.16984605998415,4.57725587367859,-1.99967460136387,8.17233082705435,13.1394407633352,8.538446347189781,22.677887110525,"Kyle Schwarber","16478",656941
"Riley Greene ","DET","OF/DH",78.4800033569336,651,2.45559806394919,3.21001128507823,3.88820660242153,-2.28754549519268,3.20755460189047,10.4738250581468,10.553832793224087,22.027657851370837,"Riley Greene","25976",682985
"Hunter Goodman ","COL","C/DH",67.36000061035156,583,0.164795363456868,2.02607737511587,-0.246089025120831,-3.1511581766791,2.44374287494218,1.23736841171498,19.785718440951914,22.023086852666896,"Hunter Goodman","29715",696100
"Nick Kurtz ","ATH","1B",19.8700008392334,616,1.59382550801146,4.59126751336766,2.73979115032643,-2.86328728285029,5.11708391926119,11.1786808081164,9.804671645785488,21.98335245390194,"Nick Kurtz","35110",701762
"Zach Neto ","LAA","SS",32.29999923706055,665,-0.342648782300416,2.81536664842411,1.82105878865035,4.90922685052752,2.44374287494218,11.6467463802437,8.978848907125535,21.625595287369276,"Zach Neto","31347",687263
"William Contreras ","MIL","C/DH",56.560001373291016,610,1.78854569853992,0.250176510172317,0.442960246136229,-1.71180370753506,-0.61150403285098,0.158374714462429,19.785718440951914,20.944093155414347,"William Contreras","20503",661388
"Wyatt Langford ","TEX","OF",37.75,644,-0.0728352869626342,2.02607737511587,2.73979115032643,2.89413059372587,1.67993114799389,9.26709498019942,10.553832793224087,20.820927773423506,"Wyatt Langford","33333",694671
"Matt Olson ","ATL","1B",48.0099983215332,686,-0.52664135785612,5.18323446834884,3.88820660242153,-3.43902907050791,4.3532721923129,9.45904283471925,9.804671645785488,20.26371448050474,"Matt Olson","14344",621566
"Salvador Perez ","KCR","C/1B/DH",91.13999938964844,618,-0.992798164741153,2.22339969344293,-1.62418756763495,-3.43902907050791,2.82564873841632,-1.00696637102476,19.785718440951914,19.778752069927155,"Salvador Perez","7304",521692
"Freddie Freeman ","LAD","1B",67.87999725341797,651,3.11029969336692,3.01268896675117,2.73979115032643,-1.13606191987744,0.916119421045599,8.64283731161267,9.804671645785488,19.44750895739816,"Freddie Freeman","5361",518692
"Shea Langeliers ","ATH","C",54.04999923706055,524,0.152444627465321,0.644821146826439,-1.85387065805397,-1.99967460136387,1.67993114799389,-1.37634833713219,19.785718440951914,19.40937010381972,"Shea Langeliers","25816",669127
"Ben Rice ","NYY","C/1B/DH",53.189998626708984,546,-1.63384305322792,0.8421434651535,-0.475772115539852,-2.28754549519268,2.06183701146803,-1.49318018733891,19.785718440951914,19.292538253613003,"Ben Rice","29576",700250
"Byron Buxton ","MIN","OF",73.4800033569336,560,-0.279906213482645,1.63143273846174,1.13200951739329,1.45477612458183,3.20755460189047,7.14586676884468,10.553832793224087,18.69969956206877,"Byron Buxton","14161",621439
"Jazz Chisholm Jr. ","NYY","2B/3B",19.520000457763672,602,-1.96802223840226,1.43411042013468,0.672643336555249,5.77283953201394,2.44374287494218,8.3553139252438,9.27394518882176,18.629259114065555,"Jazz Chisholm Jr.","20454",665862
"Drake Baldwin ","ATL","C",78.62999725341797,571,1.85291138837648,-0.341790444808866,-0.475772115539852,-3.43902907050791,-0.229598169376836,-2.63327841185698,19.785718440951914,18.152440029094937,"Drake Baldwin","31539",686948
"Jarren Duran ","BOS","OF",64.04000091552734,602,1.59382550801146,-0.341790444808866,3.88820660242153,3.18200148755467,-1.75722162327341,6.56502152990538,10.553832793224087,18.118854323129472,"Jarren Duran","24617",680776
"Trea Turner ","PHI","SS",26.780000686645508,644,3.50591544241962,-0.341790444808866,1.59137569823133,4.62135595669871,-1.37531575979927,8.00154089274152,8.978848907125535,17.980389799867055,"Trea Turner","16252",607208
"James Wood ","WSN","OF/DH",37.790000915527344,644,-0.34882415029619,1.63143273846174,2.28042496948839,1.16690523075302,1.67993114799389,6.40986993640085,10.553832793224087,17.963702729624938,"James Wood","29518",695578
"Michael Harris II ","ATL","OF",99.06999969482422,574,4.10535587595475,0.447498828499378,0.213277155717209,1.74264701841063,-0.229598169376836,6.27918070920514,10.553832793224087,17.833013502429225,"Michael Harris II","25931",671739
"Jo Adell ","LAA","OF",120.33000183105469,609,-1.4804102015717,3.01268896675117,0.672643336555249,-0.560320132219828,4.3532721923129,5.99787416182779,10.553832793224087,17.551706955051873,"Jo Adell","20220",666176
"Francisco Lindor ","NYM","SS",25.350000381469727,651,-0.748992146325876,1.63143273846174,1.82105878865035,3.46987238138348,1.29802528451974,7.47139704668944,8.978848907125535,17.450245953814978,"Francisco Lindor","12916",596019
"Bo Bichette ","NYM","SS",92.86000061035156,658,4.72949778147298,1.8287550567888,1.82105878865035,-1.71180370753506,-0.229598169376836,6.43790975000024,8.978848907125535,16.416758657125776,"Bo Bichette","19612",666182
"Teoscar Hernández ","LAD","OF",125.41999816894531,595,0.235336421289201,3.21001128507823,-0.0164059347018114,-1.42393281370625,2.82564873841632,4.83065769637569,10.553832793224087,16.384490489599777,"Teoscar Hernandez","13066",606192
"Ketel Marte ","ARI","2B/DH",32.63999938964844,637,2.1627062176471,1.8287550567888,2.51010805990741,-1.99967460136387,1.29802528451974,5.7999200174992,9.27394518882176,16.073865206320953,"Ketel Marte","13613",606466
"Rafael Devers ","SFG","1B/DH",61.619998931884766,686,-1.23042881516066,3.21001128507823,3.19915733116447,-2.86328728285029,2.82564873841632,5.14110125664808,9.804671645785488,15.945772902433568,"Rafael Devers","17350",646240
"Manny Machado ","SDP","3B",37.52000045776367,644,1.19983287997755,2.81536664842411,0.213277155717209,-0.560320132219828,2.44374287494218,6.11189942684121,8.538446347189781,15.650345774030994,"Manny Machado","11493",592518
"Jackson Merrill ","SDP","OF",70.79000091552734,630,1.65981431886681,1.63143273846174,1.59137569823133,-1.71180370753506,0.916119421045599,4.08693846907042,10.553832793224087,15.640771262294503,"Jackson Merrill","29490",701538
"Corey Seager ","TEX","SS",95.08999633789062,567,3.13013180229365,2.02607737511587,0.213277155717209,-2.86328728285029,2.82564873841632,5.33184778869275,8.978848907125535,15.310696695818288,"Corey Seager","13624",608369
"Randy Arozarena ","SEA","OF",89.37999725341797,679,-3.98576520151922,1.63143273846174,2.05074187906937,3.46987238138348,0.534213557571454,3.70049535496683,10.553832793224087,15.254328148190911,"Randy Arozarena","19290",668227
"Yainer Diaz ","HOU","C/DH",113.04000091552734,517,2.98904968662898,-1.32840203644417,-3.46165229098712,-3.1511581766791,-0.993409896325125,-5.94557271380653,19.785718440951914,14.84014572714539,"Yainer Diaz","23003",673237
"Mookie Betts ","LAD","SS",60.58000183105469,651,0.782761900979326,1.63143273846174,2.73979115032643,-0.560320132219828,0.152307694097309,4.74597335164498,8.978848907125535,14.724822258770516,"Mookie Betts","13611",605141
"Oneil Cruz ","PIT","OF",92.93000030517578,560,-2.66725744872981,-0.144468126481805,-0.0164059347018114,4.90922685052752,0.916119421045599,2.9972147616597,10.553832793224087,14.551047554883782,"Oneil Cruz","21711",665833
"CJ Abrams ","WSN","SS",65,630,0.170970731452642,-0.933757399790049,1.13200951739329,5.48496863818514,-1.37531575979927,4.47887572744175,8.978848907125535,14.457724634567285,"CJ Abrams","25768",682928
"Vinnie Pasquantino ","KCR","1B/DH",77.0999984741211,637,1.94653079717312,2.42072201176999,1.13200951739329,-3.1511581766791,1.29802528451974,3.64612943417704,9.804671645785488,14.450801079962531,"Vinnie Pasquantino","27676",686469
"Maikel Garcia ","KCR","3B",63.150001525878906,665,2.50468389183601,-0.933757399790049,1.82105878865035,4.3334850628699,-3.28484507716999,4.44062526639622,8.538446347189781,13.979071613586,"Maikel Garcia","22715",672580
"Will Smith ","LAD","C",95.69000244140625,500,0.00518714380488196,-1.52572435477123,-1.85387065805397,-2.86328728285029,-0.61150403285098,-6.84919918472159,19.785718440951914,13.936519256230321,"Will Smith","19197",669257
"Adley Rutschman ","BAL","C",148.92999267578125,566,0.0175378797964297,-1.13107971811711,-0.705455205958872,-3.43902907050791,-1.75722162327341,-7.01524773806087,19.785718440951914,13.770470702891043,"Adley Rutschman","26288",668939
"Taylor Ward ","BAL","OF",148.42999267578125,658,-2.81126869035267,2.81536664842411,1.59137569823133,-1.99967460136387,2.44374287494218,2.03954192988108,10.553832793224087,13.593374723105168,"Taylor Ward","17548",621493
"George Springer ","TOR","OF/DH",94.37999725341797,595,-0.333544288346444,0.250176510172317,0.213277155717209,0.591163443095403,0.916119421045599,1.63719224168408,10.553832793224087,13.19102503490817,"George Springer","12856",543807
"Roman Anthony ","BOS","OF",50.75,630,1.05257539631711,0.0528541918452561,2.73979115032643,-1.42393281370625,-0.993409896325125,1.42787802845742,10.553832793224087,12.981710821681506,"Roman Anthony","31812",701350
"Luis Robert Jr. ","NYM","OF",105.63999938964844,567,-2.8021641963987,0.0528541918452561,-2.08355374847299,6.06071042584275,0.152307694097309,1.38015436691363,10.553832793224087,12.93398716013771,"Luis Robert Jr.","20043",673357
"Jeremy Peña ","HOU","SS",122.9800033569336,623,2.68250109939594,-0.539112763135927,0.672643336555249,1.45477612458183,-1.37531575979927,2.89549203759782,8.978848907125535,12.87434094472335,"Jeremy Pena","21636",665161
"Andy Pages ","LAD","OF",133.4199981689453,609,-0.939160089877354,2.02607737511587,-0.0164059347018114,-1.13606191987744,1.29802528451974,1.232474715179,10.553832793224087,12.78630750840309,"Andy Pages","24816",681624
"Seiya Suzuki ","CHC","OF/DH",113.43000030517578,567,-0.0039173501490898,0.447498828499378,0.672643336555249,-1.42393281370625,0.916119421045599,0.608411422244884,10.553832793224087,12.162244215468972,"Seiya Suzuki","30116",673548
"Agustín Ramírez ","MIA","C/DH",86.8499984741211,493,-1.20149221227995,-2.11769130975241,-4.15070156224417,0.0154216554377875,-1.37531575979927,-8.82977918863802,19.785718440951914,11.955939252313891,"Agustin Ramirez","26546",682663
"Alejandro Kirk ","TOR","C",160.25,495,3.02578477852425,-3.10430290138772,-3.46165229098712,-3.43902907050791,-2.13912748674756,-9.11832697110605,19.785718440951914,11.667391469845862,"Alejandro Kirk","22581",672386
"Lawrence Butler ","ATH","OF",157.22000122070312,581,-1.40531689676239,0.0528541918452561,-0.705455205958872,2.31838880606825,-0.229598169376836,0.0308727258154116,10.553832793224087,11.584705519039499,"Lawrence Butler","22542",671732
"Josh Naylor ","SEA","1B/DH",67.45999908447266,623,-0.164831574740486,0.644821146826439,-0.705455205958872,1.45477612458183,-0.61150403285098,0.617806457857927,9.804671645785488,11.422478103643416,"Josh Naylor","18839",647304
"Yandy Díaz ","TBR","1B/DH",138.63999938964844,651,3.7220908628936,-0.144468126481805,0.90232642697427,-3.1511581766791,-0.993409896325125,0.33538109038184,9.804671645785488,11.140052736167329,"Yandy Diaz","16578",650490
"Ceddanne Rafaela ","BOS","2B/OF",125.02999877929688,609,0.08970205864755,-0.736435081462988,-0.0164059347018114,2.89413059372587,-1.37531575979927,0.855675876409347,9.27394518882176,11.129621065231106,"Ceddanne Rafaela","24262",678882
"Willy Adames ","SFG","SS",133.92999267578125,679,-4.10994433421536,2.22339969344293,1.13200951739329,0.0154216554377875,1.67993114799389,0.940817680052536,8.978848907125535,10.919666587178071,"Willy Adames","15986",642715
"Tyler Soderstrom ","ATH","1B/OF",82.8499984741211,581,-0.241548000568592,1.23678810180762,-0.475772115539852,-2.57541638902148,1.29802528451974,-0.757923118802561,10.553832793224087,10.795909674421527,"Tyler Soderstrom","27467",691016
"Ezequiel Tovar ","COL","SS",209.22999572753906,651,0.431679732836452,1.23678810180762,0.442960246136229,-1.13606191987744,-0.229598169376836,0.745767991526024,8.978848907125535,10.724616898651558,"Ezequiel Tovar","24064",678662
"Christian Yelich ","MIL","DH",127.22000122070312,637,-0.960615319822874,-0.341790444808866,0.672643336555249,2.03051791223944,-0.229598169376836,1.17115731478612,8.538446347189781,10.709603661975898,"Christian Yelich","11477",592885
"Jacob Wilson ","ATH","SS",196.44000244140625,616,7.32684906919836,-0.539112763135927,-0.246089025120831,-2.28754549519268,-3.66675094064414,0.587350845104783,8.978848907125535,10.566199752230318,"Jacob Wilson","33266",805779
"Dansby Swanson ","CHC","SS",152.30999755859375,686,-3.80632487294051,1.23678810180762,0.672643336555249,1.45477612458183,0.916119421045599,0.47400211104979,8.978848907125535,10.452851018175325,"Dansby Swanson","18314",621020
"Samuel Basallo ","BAL","C",160.94000244140625,445,0.0802804486142002,-2.51233594640654,-4.15070156224417,-3.1511581766791,-0.61150403285098,-10.3454192695666,19.785718440951914,10.440299171385325,"Samuel Basallo","28824",694212
"Geraldo Perdomo ","ARI","SS",76.7699966430664,686,-0.0666599189668603,-1.52572435477123,2.96947424074545,2.31838880606825,-3.28484507716999,0.410633695905616,8.978848907125535,10.38948260303115,"Geraldo Perdomo","22799",672695
"Brice Turang ","MIL","2B",48.18000030517578,651,-0.483730897965081,-1.72304667309829,0.213277155717209,4.62135595669871,-2.5210333502217,0.106822191130844,9.27394518882176,10.380767379952603,"Brice Turang","22186",668930
"Jung Hoo Lee ","SFG","OF",339.44000244140625,616,2.72541155928697,-1.52572435477123,2.05074187906937,-0.848191026048636,-3.66675094064414,-1.26451288310766,10.553832793224087,10.289319910116426,"Jung Hoo Lee","33824",808982
"Adolis García ","PHI","OF",213.99000549316406,609,-3.36942178501556,1.43411042013468,-1.39450447721593,0.303292549266595,1.67993114799389,-1.34659214483632,10.553832793224087,10.207240648387765,"Adolis Garcia","19287",666969
"Ian Happ ","CHC","OF",184.86000061035156,658,-3.04434709379519,1.03946578348056,1.59137569823133,-1.13606191987744,0.152307694097309,-1.39725983786343,10.553832793224087,10.156572955360657,"Ian Happ","17919",664023
"Michael Busch ","CHC","1B",106.45999908447266,602,-1.9572946234295,1.63143273846174,0.213277155717209,-2.86328728285029,2.06183701146803,-0.914035000632803,9.804671645785488,9.890636645152686,"Michael Busch","26319",683737
"Trevor Story ","BOS","SS",111.33000183105469,665,-3.68214574024438,0.644821146826439,-0.935138296377892,4.0456141690411,-0.229598169376836,-0.156446890131568,8.978848907125535,9.822402016993967,"Trevor Story","12564",596115
"Jake Burger ","TEX","1B",236.72000122070312,595,-1.37768629882109,1.63143273846174,-0.935138296377892,-3.1511581766791,2.82564873841632,-1.00690129500002,9.804671645785488,9.797770350785472,"Jake Burger","22275",669394
"Cody Bellinger ","NYY","OF",80.98999786376953,616,-1.39914152876661,0.0528541918452561,0.442960246136229,-0.27244923839102,-0.61150403285098,-1.78728036202713,10.553832793224087,9.766552431196958,"Cody Bellinger","15998",641355
"Heliot Ramos ","SFG","OF",218.8000030517578,637,-0.646268243575265,0.0528541918452561,0.672643336555249,-1.71180370753506,-0.229598169376836,-1.86217259208665,10.553832793224087,9.691660201137433,"Heliot Ramos","22515",671218
"Mike Trout ","LAA","OF/DH",178.44000244140625,560,-2.34835812550521,0.250176510172317,0.213277155717209,-2.57541638902148,2.44374287494218,-2.01657797369499,10.553832793224087,9.537254819529094,"Mike Trout","10155",545361
"Nico Hoerner ","CHC","2B",101.93000030517578,665,2.94321010077975,-3.10430290138772,0.213277155717209,4.62135595669871,-5.57628025801486,-0.902739946206914,9.27394518882176,9.371205242614845,"Nico Hoerner","21479",663538
"Bryan Reynolds ","PIT","OF/DH",204.72000122070312,644,-1.36078331585256,0.250176510172317,1.13200951739329,-1.99967460136387,-0.229598169376836,-2.20787005902766,10.553832793224087,9.345962734196432,"Bryan Reynolds","19326",668804
"Steven Kwan ","CLE","OF",169.60000610351562,665,3.05666161850312,-3.49894753804184,1.36169260781231,1.74264701841063,-5.19437439454072,-2.5323206878565,10.553832793224087,9.02151210536759,"Steven Kwan","24610",680757
"Alec Burleson ","STL","1B/OF/DH",175.19000244140625,602,2.54141898373127,-0.539112763135927,-1.62418756763495,-1.99967460136387,-0.993409896325125,-2.6149658447286,10.553832793224087,8.938866948495486,"Alec Burleson","27615",676475
"Brandon Nimmo ","TEX","OF",145.4600067138672,630,-1.49113781654446,-0.341790444808866,0.672643336555249,-0.848191026048636,-0.61150403285098,-2.6199799836977,10.553832793224087,8.933852809526389,"Brandon Nimmo","12927",607043
"Gleyber Torres ","DET","2B",261.510009765625,658,0.95602686156227,-0.341790444808866,0.90232642697427,-1.99967460136387,-0.993409896325125,-1.47652165396132,9.27394518882176,8.79742353486044,"Gleyber Torres","16997",650402
"Ryan Jeffers ","MIN","C/DH",298.05999755859375,523,-1.49893630555903,-2.51233594640654,-3.00228611014907,-2.86328728285029,-2.13912748674756,-12.0159731317125,19.785718440951914,8.769745309239429,"Ryan Jeffers","24618",680777
"J.T. Realmuto ","PHI","C",212.27000427246094,500,-1.66147365116921,-3.10430290138772,-3.92101847182516,-1.71180370753506,-2.13912748674756,-12.5377262186647,19.785718440951914,8.247992222287213,"J.T. Realmuto","11739",592663
"Matt Chapman ","SFG","3B",163.6199951171875,672,-4.96554152215732,1.63143273846174,1.59137569823133,-0.560320132219828,0.916119421045599,-1.38693379663847,8.538446347189781,8.15151255055131,"Matt Chapman","16505",656305
"Luis Arraez ","SFG","1B/DH",280.04998779296875,623,8.36643883269602,-3.49894753804184,-0.0164059347018114,-1.42393281370625,-6.34009198496315,-2.91293943871704,9.804671645785488,7.8917322070684515,"Luis Arraez","18568",650333
"Munetaka Murakami ","CHW","1B",999,588,-6.31037386794862,0.447498828499378,-0.0164059347018114,-0.27244923839102,3.20755460189047,-2.9441756106516,9.804671645785488,7.860496035133886,"Munetaka Murakami","37120",808959
"Mickey Moniak ","COL","OF",245.8300018310547,483,1.29931054069058,-2.11769130975241,-1.85387065805397,-0.848191026048636,-0.229598169376836,-3.75004062254128,10.553832793224087,7.80379217068281,"Mickey Moniak","19956",666160
"Ozzie Albies ","ATL","2B",150.5,630,-0.727536916380357,-0.144468126481805,-0.0164059347018114,-0.27244923839102,-1.37531575979927,-2.53617597575426,9.27394518882176,7.737769213067495,"Ozzie Albies","16556",645277
"Spencer Torkelson ","DET","1B",188.35000610351562,637,-3.991940569515,1.63143273846174,0.442960246136229,-3.1511581766791,1.67993114799389,-3.38877461360224,9.804671645785488,7.4158970321832545,"Spencer Torkelson","27465",679529
"Brenton Doyle ","COL","OF",166.25,595,-2.80671644337568,-1.32840203644417,-2.08355374847299,2.60625969989706,-0.61150403285098,-4.22391656124677,10.553832793224087,7.329916231977315,"Brenton Doyle","25479",686668
"Francisco Alvarez ","NYM","C",165.25,438,-2.02035430832665,-3.10430290138772,-4.61006774308222,-3.43902907050791,-0.61150403285098,-13.7852580561555,19.785718440951914,7.000460384796447,"Francisco Alvarez","26121",682626
"Bryson Stott ","PHI","2B",181.44000244140625,609,-0.387182363210243,-2.31501362807948,-1.16482138679691,3.46987238138348,-2.90293921369585,-3.300084210399,9.27394518882176,6.973860978422761,"Bryson Stott","26294",681082
"Jose Altuve ","HOU","2B/OF/DH",116.5199966430664,623,0.0191610008152177,-0.933757399790049,-0.935138296377892,0.303292549266595,-1.75722162327341,-3.30366376935954,9.27394518882176,6.970281419462216,"Jose Altuve","5417",514888
"Daulton Varsho ","TOR","OF",192.2100067138672,595,-4.92880643026205,0.447498828499378,-0.246089025120831,-0.560320132219828,0.534213557571454,-4.75350320153188,10.553832793224087,6.800329591692209,"Daulton Varsho","19918",662139
"Ramón Laureano ","SDP","OF",224.47999572753906,553,-1.77947741586957,-0.539112763135927,-1.85387065805397,-0.848191026048636,0.152307694097309,-4.8683441690108,10.553832793224087,6.685488624213292,"Ramon Laureano","17128",657656
"Gabriel Moreno ","ARI","C",181.22000122070312,443,2.42927347094731,-4.88020376633127,-5.06943392392026,-2.57541638902148,-4.04865680411828,-14.144437412444,19.785718440951914,6.641281028507936,"Gabriel Moreno","22664",672515
"Royce Lewis ","MIN","3B",193.64999389648438,574,-0.506809248929388,-0.341790444808866,-2.31323683889201,0.303292549266595,-0.229598169376836,-3.08814215274051,8.538446347189781,6.450304194449273,"Royce Lewis","20437",668904
"Willson Contreras ","BOS","1B",168.1999969482422,609,-2.76380598348465,0.250176510172317,-0.475772115539852,-1.99967460136387,0.534213557571454,-4.45486263264459,9.804671645785488,6.349809013140896,"Willson Contreras","11609",575929
"Iván Herrera ","STL","DH",178.42999267578125,594,1.11694108615367,-1.52572435477123,-0.705455205958872,-0.848191026048636,-1.37531575979927,-3.33774526042434,8.538446347189781,6.200701086765437,"Ivan Herrera","20599",671056
"Masyn Winn ","STL","SS",364.7799987792969,644,-0.229197264577044,-1.32840203644417,0.213277155717209,0.303292549266595,-2.90293921369585,-3.94396880973326,8.978848907125535,6.034880097392276,"Masyn Winn","27479",691026
"Austin Wells ","NYY","C",246.13999938964844,461,-3.42175385493994,-3.10430290138772,-4.61006774308222,-2.28754549519268,-1.37531575979927,-14.7989857544018,19.785718440951914,5.986732686550089,"Austin Wells","27562",669224
"Kerry Carpenter ","DET","OF/DH",236.22000122070312,497,-0.0591785460316765,-1.13107971811711,-2.31323683889201,-2.86328728285029,0.534213557571454,-5.83256882831964,10.553832793224087,5.72126396490445,"Kerry Carpenter","25961",681481
"Josh Lowe ","LAA","OF",297.0899963378906,511,-1.59093259333688,-2.7096582647336,-3.00228611014907,3.18200148755467,-1.75722162327341,-5.87809710393829,10.553832793224087,5.675735689285796,"Josh Lowe","19953",666139
"Matt McLain ","CIN","2B",144.3000030517578,623,-4.32774287570813,-0.933757399790049,-0.705455205958872,1.74264701841063,-0.61150403285098,-4.83581249589739,9.27394518882176,5.438132692924365,"Matt McLain","29695",680574
"Jordan Beck ","COL","OF",232.9199981689453,581,-2.56908579295618,-1.92036899142535,-1.39450447721593,1.45477612458183,-1.75722162327341,-6.18640476028906,10.553832793224087,5.36742803293503,"Jordan Beck","31431",687597
"Luke Keaschall ","MIN","2B",114.8499984741211,567,-0.604980904703014,-2.7096582647336,-2.08355374847299,3.75774327521229,-3.28484507716999,-4.92529471986731,9.27394518882176,5.34865046895445,"Luke Keaschall","33321",807712
"Jakob Marsee ","MIA","OF",137.0800018310547,581,-6.06656784953334,-4.09091449302302,-1.16482138679691,8.36367757647321,-3.28484507716999,-6.24347123005006,10.553832793224087,5.31036156317403,"Jakob Marsee","31370",805300
"Alec Bohm ","PHI","3B",239.8699951171875,609,2.34669879320281,-0.933757399790049,-0.935138296377892,-2.57541638902148,-2.13912748674756,-4.23674077873418,8.538446347189781,5.301705568455605,"Alec Bohm","21618",664761
"Eugenio Suárez ","CIN","3B",97.91999816894531,609,-4.84753775745696,1.63143273846174,-1.39450447721593,-2.86328728285029,3.20755460189047,-4.26634217717097,8.538446347189781,5.272104170018809,"Eugenio Suarez","12552",553993
"Otto Lopez ","MIA","2B/SS",229.16000366210938,609,1.19365751198177,-2.7096582647336,-1.39450447721593,1.45477612458183,-3.66675094064414,-5.12248004603007,9.27394518882176,5.1514651427916895,"Otto Lopez","19608",672640
"Xander Bogaerts ","SDP","SS",237.1999969482422,609,0.143340133511349,-1.92036899142535,-1.85387065805397,1.16690523075302,-2.5210333502217,-4.98502763543666,8.978848907125535,4.993821271688871,"Xander Bogaerts","12161",593428
"Brandon Lowe ","PIT","2B",187.57000732421875,546,-1.75802218592405,-0.341790444808866,-1.85387065805397,-2.28754549519268,0.916119421045599,-5.32510936293396,9.27394518882176,4.948835825887796,"Brandon Lowe","18882",664040
"Alex Bregman ","CHC","3B",119.16999816894531,672,-2.11820884802089,0.0528541918452561,1.13200951739329,-2.86328728285029,-0.993409896325125,-4.79004231795776,8.538446347189781,4.748404029232017,"Alex Bregman","17678",608324
"Xavier Edwards ","MIA","2B/SS",182.42999267578125,602,3.19612061314899,-5.47217072131245,-0.705455205958872,4.0456141690411,-6.34009198496315,-5.27598313004438,8.978848907125535,4.7028657770811515,"Xavier Edwards","22266",669364
"Daylen Lile ","WSN","OF",206.50999450683594,553,0.526605146572502,-4.28823681135008,0.213277155717209,0.591163443095403,-4.04865680411828,-7.00584787008326,10.553832793224087,4.547984923140833,"Daylen Lile","29995",695734
"Wilyer Abreu ","BOS","OF",199.89999389648438,518,-1.31494373000332,-1.52572435477123,-2.77260301973005,-0.848191026048636,-0.61150403285098,-7.07296616340422,10.553832793224087,4.480866629819861,"Wilyer Abreu","23772",677800
"Logan O'Hoppe ","LAA","C",246.50999450683594,452,-2.88050374324559,-3.89359217469596,-5.75848319517732,-2.86328728285029,-0.993409896325125,-16.3892762922943,19.785718440951914,4.396442148657627,"Logan O'Hoppe","24729",681351
"Justin Crawford ","PHI","OF",999,532,0.834776854824336,-5.07752608465833,-3.00228611014907,4.90922685052752,-5.19437439454072,-7.53018288399626,10.553832793224087,4.023649909227823,"Justin Crawford","31791",702222
"Andrew Vaughn ","MIL","1B",272.2699890136719,560,-0.821156325176997,-0.341790444808866,-2.31323683889201,-3.43902907050791,-0.229598169376836,-7.14481084876262,9.804671645785488,3.6598607970228705,"Andrew Vaughn","26197",683734
"Andrés Giménez ","TOR","2B",412.2200012207031,595,-1.25350716612496,-3.10430290138772,-1.62418756763495,2.89413059372587,-3.66675094064414,-6.75461798206591,9.27394518882176,3.519327206755852,"Andres Gimenez","19950",665926
"Matt Wallner ","MIN","OF",340.5899963378906,476,-1.91145503758026,-1.72304667309829,-2.31323683889201,-2.28754549519268,0.152307694097309,-8.08297635066593,10.553832793224087,3.4708564425581536,"Matt Wallner","26466",670242
"Luis García Jr. ","WSN","2B",261.8500061035156,490,2.53362049471671,-2.90698058306066,-4.3803846526632,0.0154216554377875,-2.13912748674756,-6.87745057231692,9.27394518882176,3.396494616504842,"Luis Garcia Jr.","20391",671277
"Colton Cowser ","BAL","OF",251.72000122070312,504,-2.79305970244473,-1.92036899142535,-3.00228611014907,0.0154216554377875,-0.61150403285098,-8.31179718143235,10.553832793224087,3.24203561179174,"Colton Cowser","29591",681297
"Trent Grisham ","NYY","OF",253.82000732421875,546,-4.47044811239158,-0.933757399790049,-1.16482138679691,-2.28754549519268,0.534213557571454,-8.32235883659976,10.553832793224087,3.2314739566243245,"Trent Grisham","18564",663757
"Addison Barger ","TOR","3B/OF",193.08999633789062,518,-1.42839524772669,-0.933757399790049,-2.77260301973005,-2.28754549519268,-0.993409896325125,-8.4157110587646,10.553832793224087,3.1381217344594896,"Addison Barger","24598",680718
"Jonathan Aranda ","TBR","1B",195.60000610351562,609,-1.61076470226361,-0.933757399790049,-1.39450447721593,-3.1511581766791,-0.61150403285098,-7.70168878879967,9.804671645785488,3.102982856985819,"Jonathan Aranda","21837",666018
"Marcus Semien ","NYM","2B",266.25,644,-4.66809742887824,-0.736435081462988,-0.246089025120831,-0.27244923839102,-1.37531575979927,-7.29838653365235,9.27394518882176,2.9755586551694098,"Marcus Semien","12533",543760
"Tyler Stephenson ","CIN","C",294.75,450,-2.22580211382787,-4.28823681135008,-5.75848319517732,-3.43902907050791,-2.13912748674756,-17.8506786776107,19.785718440951914,2.9350397633411776,"Tyler Stephenson","17988",663886
"Kyle Stowers ","MIA","OF",164.42999267578125,483,-1.239850425194,-1.72304667309829,-3.00228611014907,-2.86328728285029,0.152307694097309,-8.67616279719435,10.553832793224087,2.877669996029734,"Kyle Stowers","26151",669065
"Nolan Schanuel ","LAA","1B",594.6599731445312,616,0.624776802346127,-2.90698058306066,-0.475772115539852,-1.71180370753506,-3.66675094064414,-8.13653054443358,9.804671645785488,2.6681411013519085,"Nolan Schanuel","33189",694384
"Joey Ortiz ","MIL","SS",743.4400024414062,630,-2.0645707731571,-2.31501362807948,-0.246089025120831,0.591163443095403,-3.28484507716999,-7.31935506043199,8.978848907125535,2.6594938466935423,"Joey Ortiz","25493",687401
"Willi Castro ","COL","2B/3B/OF",256.3399963378906,553,0.120261782547041,-3.6962698563689,-0.935138296377892,0.879034336924211,-3.28484507716999,-6.91695711044554,8.538446347189781,2.621489236744245,"Willi Castro","17338",650489
"Ernie Clement ","TOR","2B/3B/SS",337.67999267578125,644,0.983657459503563,-1.92036899142535,-1.16482138679691,-0.848191026048636,-4.04865680411828,-6.99838074888562,8.538446347189781,2.5400655983041585,"Ernie Clement","20352",676391
"Christian Walker ","HOU","1B",212.94000244140625,588,-4.63136233698298,0.250176510172317,-2.08355374847299,-2.86328728285029,0.916119421045599,-8.41190743708834,9.804671645785488,2.3927642086971446,"Christian Walker","13419",572233
"Jorge Polanco ","NYM","2B/DH",209.42999267578125,539,-1.90983191656147,-1.13107971811711,-2.54291992931103,-1.71180370753506,-0.61150403285098,-7.90713930437566,9.27394518882176,2.3668058844461024,"Jorge Polanco","13152",593871
"Brandon Marsh ","PHI","OF",609.72998046875,497,-0.465521910057137,-3.49894753804184,-2.54291992931103,-0.560320132219828,-2.13912748674756,-9.2068369963774,10.553832793224087,2.346995796846688,"Brandon Marsh","20202",669016
"Ryan O'Hearn ","PIT","1B/OF/DH",285.44000244140625,546,0.569515606463541,-2.51233594640654,-2.31323683889201,-2.57541638902148,-2.5210333502217,-9.3525069180782,10.553832793224087,2.2013258751458906,"Ryan O'Hearn","16442",656811
"Noelvi Marte ","CIN","3B/OF",147.7100067138672,504,-0.784421233281732,-2.90698058306066,-4.15070156224417,0.591163443095403,-2.13912748674756,-9.39006742223872,10.553832793224087,2.1637653709853653,"Noelvi Marte","26517",682622
"Carlos Correa ","HOU","3B/SS",281.2300109863281,567,1.05712764329409,-1.52572435477123,-1.85387065805397,-3.43902907050791,-1.75722162327341,-7.51871806331243,8.538446347189781,2.0197282838773494,"Carlos Correa","14162",621043
"Kazuma Okamoto ","TOR","3B",999,560,-4.17755626608949,0.0528541918452561,-1.85387065805397,-2.86328728285029,1.29802528451974,-7.54383473062875,8.538446347189781,1.994611616561027,"Kazuma Okamoto","37123",672960
"Kevin McGonigle ","DET","3B/SS",999,546,-1.03277949867399,-2.11769130975241,-2.54291992931103,-0.560320132219828,-1.37531575979927,-7.62902662975654,8.538446347189781,1.9094197174332403,"Kevin McGonigle","33572",805808
"TJ Friedl ","CIN","OF",265.1499938964844,623,-3.06125007676372,-3.89359217469596,0.442960246136229,0.0154216554377875,-3.28484507716999,-9.78130542705566,10.553832793224087,1.7725273661684273,"TJ Friedl","19522",670770
"Carter Jensen ","KCR","C/DH",999,401,-1.84253710076672,-5.86681535796657,-5.06943392392026,-2.86328728285029,-3.66675094064414,-19.308824606148,19.785718440951914,1.4768938348039395,"Carter Jensen","29478",695600
"Miguel Vargas ","CHW","1B/3B",303.0899963378906,602,-3.01833961687268,-1.32840203644417,-1.16482138679691,-0.848191026048636,-1.75722162327341,-8.11697568943581,8.538446347189781,1.4214706577539666,"Miguel Vargas","20178",678246
"JJ Wetherholt ","STL","2B",999,588,-1.46513033962196,-2.90698058306066,-2.08355374847299,0.0154216554377875,-2.5210333502217,-8.96127636593953,9.27394518882176,1.3126688228822314,"JJ Wetherholt","34985",802139
"Dillon Dingler ","DET","C",254.6199951171875,429,-2.1123505961045,-5.07752608465833,-5.98816628559634,-3.43902907050791,-2.90293921369585,-19.5200112505629,19.785718440951914,1.2657071903889938,"Dillon Dingler","27464",693307
"Bo Naylor ","CLE","C",574.2899780273438,454,-4.91059744235411,-4.68288144800421,-5.5288001047583,-1.99967460136387,-2.5210333502217,-19.6429869467022,19.785718440951914,1.1427314942497329,"Bo Naylor","21865",666310
"Caleb Durbin ","BOS","3B",219.8300018310547,560,-0.707704807453625,-3.6962698563689,-3.46165229098712,3.75774327521229,-4.43056266759243,-8.53844634718978,8.538446347189781,1,"Caleb Durbin","29646",702332
"Konnor Griffin ","PIT","SS",999,469,-0.249346489583154,-4.88020376633127,-4.61006774308222,4.0456141690411,-3.28484507716999,-8.97884890712554,8.978848907125535,1,"Konnor Griffin","35376",804606
"Jackson Holliday ","BAL","2B",203.14999389648438,490,-0.606604025721802,-3.6962698563689,-2.08355374847299,0.0154216554377875,-2.90293921369585,-9.27394518882176,9.27394518882176,1,"Jackson Holliday","31781",702616
"Josh Bell ","MIN","1B/DH",636.3300170898438,574,-2.34218275750944,-1.32840203644417,-2.08355374847299,-3.43902907050791,-0.61150403285098,-9.80467164578549,9.804671645785488,1,"Josh Bell","13145",605137
"Chandler Simpson ","TBR","OF",180.19000244140625,455,1.6396650938607,-8.2346831778913,-5.98816628559634,9.51516115178844,-7.48580957538558,-10.5538327932241,10.553832793224087,1,"Chandler Simpson","31912",802415
"Edgar Quero ","CHW","C/DH",475.1000061035156,483,-1.49438405858204,-5.27484840298539,-5.5288001047583,-3.43902907050791,-4.04865680411828,-19.7857184409519,19.785718440951914,1,"Edgar Quero","28022",700337
"Jordan Walker ","STL","OF",511.7200012207031,532,-1.37930941983988,-3.10430290138772,-2.77260301973005,-0.848191026048636,-2.5210333502217,-10.625439717228,10.553832793224087,0.9283930759960916,"Jordan Walker","27475",691023
"Colt Keith ","DET","2B/3B/DH",502.489990234375,497,1.12604558010764,-3.30162521971478,-2.54291992931103,-2.86328728285029,-2.5210333502217,-10.1028202019902,9.27394518882176,0.1711249868315875,"Colt Keith","27899",690993
"Brendan Donovan ","SEA","2B",268.5799865722656,560,0.190802840379374,-2.7096582647336,-2.08355374847299,-2.28754549519268,-3.28484507716999,-10.1747997451899,9.27394518882176,0.09914544363187328,"Brendan Donovan","24679",680977
"Moisés Ballesteros ","CHC","C/1B/DH",594.3599853515625,389,-0.229514380656423,-5.86681535796657,-7.13658173769144,-3.43902907050791,-4.04865680411828,-20.7205973509406,19.785718440951914,0.06512109001129074,"Moises Ballesteros","28820",694208
"Jordan Lawlar ","ARI","2B/3B/SS/DH",261.6499938964844,518,-3.11195902566932,-4.09091449302302,-2.08355374847299,2.89413059372587,-3.66675094064414,-10.0590476140836,8.978848907125535,-0.08019870695807674,"Jordan Lawlar","29976",691783
"Jac Caglianone ","KCR","OF",164.58999633789062,455,-0.0331710691091712,-3.30162521971478,-3.92101847182516,-3.1511581766791,-1.37531575979927,-11.7822886971275,10.553832793224087,-0.22845590390338888,"Jac Caglianone","35041",695506
"Evan Carter ","TEX","OF",280.4800109863281,476,-2.26871257371891,-5.07752608465833,-3.00228611014907,2.03051791223944,-3.66675094064414,-11.984757796931,10.553832793224087,-0.4309250037069221,"Evan Carter","27790",694497
"Sean Murphy ","ATL","C",746.0599975585938,383,-3.30992545823536,-5.07752608465833,-6.90689864727242,-3.43902907050791,-2.5210333502217,-21.2544126108957,19.785718440951914,-0.468694169943803,"Sean Murphy","19352",669221
"Josh Jung ","TEX","3B",610.5,553,-1.81166026078785,-1.52572435477123,-3.46165229098712,-2.28754549519268,-0.993409896325125,-10.079992298064,8.538446347189781,-0.5415459508742126,"Josh Jung","26299",673962
"Anthony Volpe ","NYY","SS",641.989990234375,469,-2.91268658816387,-3.49894753804184,-3.46165229098712,1.74264701841063,-2.5210333502217,-10.6516727490039,8.978848907125535,-0.6728238418783625,"Anthony Volpe","27647",683011
"Tyler O'Neill ","BAL","OF",477.6400146484375,434,-2.45888051727039,-2.7096582647336,-4.83975083350124,-1.99967460136387,-0.229598169376836,-12.2375623862459,10.553832793224087,-0.6837295930218363,"Tyler O'Neill","15711",641933
"Colson Montgomery ","CHW","SS",254.75,602,-5.62186627259383,-1.32840203644417,-0.705455205958872,-2.86328728285029,-0.229598169376836,-10.748608967224,8.978848907125535,-0.7697600600984609,"Colson Montgomery","29712",695657
"Jesús Sánchez ","TOR","OF",617.4299926757812,420,-0.74313389440948,-3.89359217469596,-4.83975083350124,-0.848191026048636,-2.13912748674756,-12.4637954154029,10.553832793224087,-0.9099626221787898,"Jesus Sanchez","19913",660821
"Sal Frelick ","MIL","OF",216.39999389648438,511,0.828601486828563,-5.47217072131245,-3.23196920056809,0.591163443095403,-5.19437439454072,-12.4787493864973,10.553832793224087,-0.9249165932732093,"Sal Frelick","29622",686217
"Dylan Crews ","WSN","OF",282.2200012207031,469,-2.47416037922013,-4.88020376633127,-4.61006774308222,2.31838880606825,-2.90293921369585,-12.5489822962612,10.553832793224087,-0.9951495030371269,"Dylan Crews","33541",686611
"Giancarlo Stanton ","NYY","OF/DH",251.4600067138672,413,-2.86522388129585,-2.11769130975241,-5.5288001047583,-3.43902907050791,1.29802528451974,-12.6527190817947,10.553832793224087,-1.0988862885706352,"Giancarlo Stanton","4949",519317
"Brooks Lee ","MIN","2B/3B/SS",542.5700073242188,595,-1.55095125940404,-1.92036899142535,-2.54291992931103,-2.57541638902148,-2.5210333502217,-11.1106899193836,8.978848907125535,-1.1318410122580782,"Brooks Lee","31595",686797
"Sal Stewart ","CIN","1B/3B",161.8699951171875,504,-0.762966003336212,-2.31501362807948,-4.3803846526632,-1.71180370753506,-1.75722162327341,-10.9273896148874,8.538446347189781,-1.3889432676975768,"Sal Stewart","31505",701398
"Cam Smith ","HOU","OF",341.8699951171875,539,-2.98160452497742,-3.49894753804184,-1.85387065805397,-1.71180370753506,-2.90293921369585,-12.9491656423041,10.553832793224087,-1.3953328490800505,"Cam Smith","35108",701358
"Jorge Soler ","LAA","OF/DH",634.8099975585938,511,-4.50880632530563,-1.52572435477123,-3.69133538140614,-3.43902907050791,0.152307694097309,-13.0125874378936,10.553832793224087,-1.4587546446695092,"Jorge Soler","14221",624585
"Freddy Fermin ","SDP","C",735.3099975585938,480,-3.31285458419356,-5.66949303963951,-6.44753246643438,-2.86328728285029,-4.04865680411828,-22.341824177236,19.785718440951914,-1.5561057362841066,"Freddy Fermin","21840",666023
"Denzel Clarke ","ATH","OF",728.3300170898438,476,-3.72992556319178,-4.88020376633127,-3.00228611014907,1.74264701841063,-3.28484507716999,-13.1546134984315,10.553832793224087,-1.600780705207395,"Denzel Clarke","29858",672016
"Victor Caratini ","MIN","C/DH",681.02001953125,400,-1.13874964346218,-6.65610463127482,-7.36626482811046,-3.1511581766791,-4.43056266759243,-22.742839947119,19.785718440951914,-1.9571215061670664,"Victor Caratini","14968",605170
"Kyle Manzardo ","CLE","1B/DH",253.4600067138672,518,-3.81574648297386,-1.72304667309829,-3.46165229098712,-3.1511581766791,-0.61150403285098,-12.7631076565893,9.804671645785488,-1.958436010803854,"Kyle Manzardo","29794",700932
"Lourdes Gurriel Jr. ","ARI","OF",689.0700073242188,476,0.167724489415066,-3.6962698563689,-5.06943392392026,-1.71180370753506,-3.28484507716999,-13.5946280755791,10.553832793224087,-2.04079528235506,"Lourdes Gurriel Jr.","19238",666971
"Marcell Ozuna ","PIT","DH",377.510009765625,525,-2.21345137783632,-1.92036899142535,-3.46165229098712,-3.43902907050791,-0.61150403285098,-11.6460057636077,8.538446347189781,-2.1075594164178963,"Marcell Ozuna","10324",542303
"Patrick Bailey ","CLE","C",747.8900146484375,525,-5.64494462355813,-5.07752608465833,-5.06943392392026,-3.1511581766791,-4.04865680411828,-22.9917196129341,19.785718440951914,-2.2060011719821846,"Patrick Bailey","27478",672275
"Harrison Bader ","SFG","OF",554.3099975585938,518,-2.60289175889325,-4.09091449302302,-4.3803846526632,0.591163443095403,-3.28484507716999,-13.7678725386541,10.553832793224087,-2.2140397454299716,"Harrison Bader","18030",664056
"Andrew Benintendi ","CHW","OF/DH",735.8099975585938,518,-0.979141423810195,-3.49894753804184,-3.92101847182516,-2.57541638902148,-2.90293921369585,-13.8774630363945,10.553832793224087,-2.3236302431704368,"Andrew Benintendi","17901",643217
"Jeff McNeil ","ATH","2B/OF",440.5199890136719,581,-0.404085346178776,-3.49894753804184,-2.08355374847299,-2.28754549519268,-4.43056266759243,-12.7046947954787,9.27394518882176,-2.430749606656954,"Jeff McNeil","15362",643446
"Victor Scott II ","STL","OF",391.1300048828125,574,-6.55873213334088,-5.86681535796657,-3.92101847182516,7.50006489498679,-5.19437439454072,-14.0408754626865,10.553832793224087,-2.4870426694624457,"Victor Scott II","31349",687363
"Lars Nootbaar ","STL","OF",745.989990234375,497,-2.23035436080486,-3.89359217469596,-3.46165229098712,-1.99967460136387,-2.5210333502217,-14.1063067780735,10.553832793224087,-2.55247398484942,"Lars Nootbaar","21454",663457
"Jordan Westburg ","BAL","3B",646.8400268554688,427,-0.0608016670504645,-3.10430290138772,-4.61006774308222,-2.57541638902148,-1.75722162327341,-12.1078103238153,8.538446347189781,-2.569363976625516,"Jordan Westburg","27815",676059
"Jake Cronenworth ","SDP","2B",738.2999877929688,630,-5.12352662079051,-2.7096582647336,-0.0164059347018114,-2.28754549519268,-2.90293921369585,-13.0400755291144,9.27394518882176,-2.766130340292688,"Jake Cronenworth","18036",630105
"Kyle Teel ","CHW","C",266.8800048828125,374,-2.03270504431819,-7.248071586256,-7.8256310089485,-2.28754549519268,-4.43056266759243,-23.8245158023078,19.785718440951914,-3.038797361355881,"Kyle Teel","33549",691019
"Austin Hays ","CHW","OF/DH",572.469970703125,483,-1.80255576683388,-3.6962698563689,-4.61006774308222,-1.99967460136387,-2.5210333502217,-14.6296013178706,10.553832793224087,-3.0757685246464774,"Austin Hays","19363",669720
"Chase DeLauter ","CLE","DH/OF",999,497,-0.925503348946396,-3.6962698563689,-4.3803846526632,-2.86328728285029,-2.90293921369585,-14.7683843545246,10.553832793224087,-3.2145515613005475,"Chase DeLauter","32127",800050
"Carlos Narváez ","BOS","C",443.010009765625,423,-3.94772410468455,-6.06413767629364,-7.13658173769144,-2.86328728285029,-4.04865680411828,-24.0603876056382,19.785718440951914,-3.274669164686279,"Carlos Narvaez","19722",665966
"Isaac Collins ","KCR","OF",666.1699829101562,448,-1.4791041966323,-6.06413767629364,-3.46165229098712,1.16690523075302,-5.19437439454072,-15.0323633277007,10.553832793224087,-3.4785305344766577,"Isaac Collins","25477",686555
"Lane Thomas ","KCR","OF",726.6699829101562,420,-1.90690279060328,-5.07752608465833,-5.75848319517732,1.16690523075302,-3.66675094064414,-15.24275778033,10.553832793224087,-3.688924987105956,"Lane Thomas","16939",657041
"Spencer Horwitz ","PIT","1B",738.1500244140625,497,0.270448392165678,-3.6962698563689,-3.92101847182516,-3.1511581766791,-4.04865680411828,-14.5466549168258,9.804671645785488,-3.7419832710402714,"Spencer Horwitz","26477",687462
"Jonathan India ","KCR","2B/3B/OF/DH",607.719970703125,497,-0.617331640694562,-4.28823681135008,-3.23196920056809,-2.28754549519268,-3.66675094064414,-14.0918340884496,9.27394518882176,-3.817888899627797,"Jonathan India","21523",663697
"Carson Kelly ","CHC","C",591.9099731445312,373,-2.8499440193461,-6.85342694960188,-7.8256310089485,-3.1511581766791,-4.04865680411828,-24.7288169586939,19.785718440951914,-3.9430985177419426,"Carson Kelly","13620",608348
"Parker Meadows ","DET","OF",745.6900024414062,448,-3.21630604943872,-5.66949303963951,-3.23196920056809,0.0154216554377875,-3.66675094064414,-15.7690975748527,10.553832793224087,-4.215264781628592,"Parker Meadows","23800",678009
"Jake Meyers ","HOU","OF",738.1500244140625,469,-1.39166015583143,-5.47217072131245,-4.83975083350124,0.0154216554377875,-4.43056266759243,-16.1187227227998,10.553832793224087,-4.5648899295756715,"Jake Meyers","20308",676694
"Isaac Paredes ","HOU","3B",243.60000610351562,497,-2.03563417027639,-3.49894753804184,-3.00228611014907,-3.43902907050791,-2.13912748674756,-14.1150243757228,8.538446347189781,-4.5765780285329924,"Isaac Paredes","20036",670623
"Nolan Arenado ","ARI","3B",638.0599975585938,609,-3.2774254972377,-2.11769130975241,-3.00228611014907,-2.86328728285029,-2.90293921369585,-14.1636294136853,8.538446347189781,-4.62518306649555,"Nolan Arenado","9777",571448
"Marcelo Mayer ","BOS","3B",589.5399780273438,462,-0.677145083554134,-3.6962698563689,-4.61006774308222,-2.28754549519268,-2.90293921369585,-14.1739673918938,8.538446347189781,-4.635521044703995,"Marcelo Mayer","29668",691785
"Mark Vientos ","NYM","3B/DH",652.5700073242188,441,-2.14453344102278,-2.7096582647336,-5.29911701433928,-3.43902907050791,-0.993409896325125,-14.5857476869287,8.538446347189781,-5.047301339738903,"Mark Vientos","22184",668901
"Brady House ","WSN","3B",710.1199951171875,546,-2.26091408470435,-3.30162521971478,-4.61006774308222,-2.28754549519268,-2.13912748674756,-14.5992800294416,8.538446347189781,-5.060833682251797,"Brady House","29993",691781
"Mike Yastrzemski ","ATL","OF",656.0999755859375,476,-4.60697798107926,-3.6962698563689,-3.92101847182516,-2.28754549519268,-2.13912748674756,-16.6509392912136,10.553832793224087,-5.097106497989463,"Mike Yastrzemski","14854",573262
"Dominic Canzone ","SEA","OF",477.1600036621094,420,-1.65236915721524,-4.28823681135008,-6.44753246643438,-2.28754549519268,-2.13912748674756,-16.8148114169399,10.553832793224087,-5.260978623715851,"Dominic Canzone","26438",686527
"Max Muncy ","LAD","3B",234.3699951171875,455,-4.60242573410227,-2.90698058306066,-3.92101847182516,-2.86328728285029,-0.61150403285098,-14.9052161046894,8.538446347189781,-5.366769757499576,"Max Muncy","13301",571970
"Cedric Mullins ","TBR","OF",321.5,476,-5.06695941996852,-5.47217072131245,-5.29911701433928,2.89413059372587,-4.04865680411828,-16.9927733660127,10.553832793224087,-5.4389405727885745,"Cedric Mullins","17929",656775
"J.P. Crawford ","SEA","SS",748.5399780273438,588,-3.24069040534244,-3.6962698563689,-2.08355374847299,-1.99967460136387,-4.43056266759243,-15.4507512791406,8.978848907125535,-5.471902372015093,"J.P. Crawford","15491",641487
"Connor Norby ","MIA","3B",728.1400146484375,497,-2.6412499718073,-3.6962698563689,-5.06943392392026,-1.13606191987744,-2.5210333502217,-15.0640490221956,8.538446347189781,-5.525602675005827,"Connor Norby","29592",681393
"Danny Jansen ","TEX","C",999,352,-3.94934722570334,-6.85342694960188,-8.51468028020556,-3.43902907050791,-3.66675094064414,-26.4232344666628,19.785718440951914,-5.637516025710906,"Danny Jansen","16535",643376
"Brett Baty ","NYM","2B/3B",292.9200134277344,434,-1.13257427546641,-4.28823681135008,-5.5288001047583,-2.86328728285029,-2.13912748674756,-15.9520259611726,9.27394518882176,-5.67808077235088,"Brett Baty","26123",683146
"Chase Meidroth ","CHW","2B/SS",646.8699951171875,560,-1.55257438042283,-5.66949303963951,-3.00228611014907,-0.27244923839102,-5.19437439454072,-15.6911771631432,8.978848907125535,-5.712328256017614,"Chase Meidroth","31580",805367
"Nolan Gorman ","STL","2B/3B/DH",653.1400146484375,532,-6.54345227139113,-2.31501362807948,-4.3803846526632,-2.57541638902148,-0.229598169376836,-16.0438651105321,9.27394518882176,-5.769919921710362,"Nolan Gorman","22263",669357
"Josh Smith ","TEX","1B/3B/SS",428.9100036621094,504,-2.15981330297252,-4.88020376633127,-3.46165229098712,-0.848191026048636,-4.43056266759243,-15.780423053932,8.978848907125535,-5.801574146806434,"Josh Smith","26396",669701
"Carson Williams ","TBR","SS",724.5499877929688,469,-6.48526194955035,-4.48555912967715,-3.69133538140614,0.591163443095403,-1.75722162327341,-15.8282146408116,8.978848907125535,-5.8493657336861045,"Carson Williams","30038",700246
"Gavin Sheets ","SDP","OF/DH",684.8099975585938,490,-3.05832095080552,-3.6962698563689,-5.06943392392026,-2.86328728285029,-2.90293921369585,-17.5902512276408,10.553832793224087,-6.036418434416732,"Gavin Sheets","19901",657757
"Yoán Moncada ","LAA","3B",746.1500244140625,455,-1.87927219266198,-3.89359217469596,-4.61006774308222,-3.1511581766791,-2.13912748674756,-15.6732177738668,8.538446347189781,-6.134771426677038,"Yoan Moncada","17232",660162
"Jake McCarthy ","COL","OF",506.760009765625,350,1.7453181225695,-8.2346831778913,-6.21784937601536,0.591163443095403,-5.57628025801486,-17.6923312462566,10.553832793224087,-6.13849845303253,"Jake McCarthy","21622",664983
"Owen Caissie ","MIA","OF/DH",528.5,420,-1.35492506393616,-4.88020376633127,-5.5288001047583,-2.86328728285029,-3.28484507716999,-17.912061295046,10.553832793224087,-6.358228501821928,"Owen Caissie","27496",683357
"Kyle Isbel ","KCR","OF",999,490,-2.35453349350099,-6.06413767629364,-3.46165229098712,-0.848191026048636,-5.19437439454072,-17.9228888813711,10.553832793224087,-6.369056088147,"Kyle Isbel","21614",664728
"Ke'Bryan Hayes ","CIN","3B",999,539,-2.5645335459792,-4.68288144800421,-4.15070156224417,-0.27244923839102,-4.43056266759243,-16.101128462211,8.538446347189781,-6.562682115021247,"Ke'Bryan Hayes","18577",663647
"Keibert Ruiz ","WSN","C",720.3499755859375,320,-0.344589019398582,-8.2346831778913,-10.1224619131387,-3.1511581766791,-5.57628025801486,-27.4291725451226,19.785718440951914,-6.643454104170634,"Keibert Ruiz","19610",660688
"Carson Benge ","NYM","OF",999,413,-2.04798490626794,-5.86681535796657,-5.06943392392026,-1.71180370753506,-3.66675094064414,-18.362788836334,10.553832793224087,-6.8089560431098795,"Carson Benge","35177",701807
"Garrett Mitchell ","MIL","OF",691.1699829101562,378,-1.78889902590292,-6.85342694960188,-5.98816628559634,0.303292549266595,-4.04865680411828,-18.3758565159528,10.553832793224087,-6.822023722728735,"Garrett Mitchell","27555",669003
"Joey Loperfido ","HOU","OF",746.02001953125,427,-2.73486938060394,-5.27484840298539,-5.98816628559634,-1.13606191987744,-3.66675094064414,-18.8006969297072,10.553832793224087,-7.246864136483165,"Joey Loperfido","29630",694388
"Jared Triolo ","PIT","1B/3B/SS",735.5399780273438,504,-2.88505599022258,-5.47217072131245,-4.3803846526632,0.303292549266595,-4.81246853106657,-17.2467873459982,8.978848907125535,-7.267938438872671,"Jared Triolo","25807",669707
"Joc Pederson ","TEX","DH",999,420,-2.40524244240659,-4.48555912967715,-5.29911701433928,-2.86328728285029,-1.75722162327341,-16.8104274925467,8.538446347189781,-7.271981145356934,"Joc Pederson","11899",592626
"Gabriel Arias ","CLE","2B/SS",748.3800048828125,462,-3.26994412430252,-4.88020376633127,-5.06943392392026,-0.560320132219828,-3.66675094064414,-17.446652887418,8.978848907125535,-7.4678039802924765,"Gabriel Arias","22563",672356
"Luis Rengifo ","MIL","2B/3B",644.9299926757812,441,-1.07276083260683,-6.2614599946207,-5.75848319517732,-0.27244923839102,-4.43056266759243,-17.7957159283883,9.27394518882176,-7.521770739566536,"Luis Rengifo","19858",650859
"Luisangel Acuña ","CHW","2B",395.510009765625,427,-0.878040642078372,-7.44539390458306,-7.13658173769144,3.46987238138348,-5.95818612148901,-17.9483300244584,9.27394518882176,-7.674384835636637,"Luisangel Acuna","26548",682668
"Trevor Larnach ","MIN","OF/DH",748.52001953125,413,-1.69072737012929,-5.47217072131245,-6.21784937601536,-2.57541638902148,-3.28484507716999,-19.2410089336486,10.553832793224087,-7.687176140424491,"Trevor Larnach","21501",663616
"Pedro Pagés ","STL","C",748.2899780273438,358,-3.46173518887279,-7.84003854123718,-8.9740464610436,-3.43902907050791,-4.81246853106657,-28.527317792728,19.785718440951914,-7.741599351776131,"Pedro Pages","25782",686780
"Dylan Beavers ","BAL","OF",505.0400085449219,371,-1.75671618098464,-6.65610463127482,-6.21784937601536,-0.27244923839102,-4.43056266759243,-19.3336820942583,10.553832793224087,-7.779849301034174,"Dylan Beavers","31695",687637
"Alek Thomas ","LAD","OF",746.030029296875,420,-1.4791041966323,-6.2614599946207,-5.75848319517732,-1.42393281370625,-4.43056266759243,-19.353542867729,10.553832793224087,-7.799710074504901,"Alek Thomas","23792",677950
"Brayan Rocchio ","CLE","2B/SS",999,504,-3.17177246852889,-5.27484840298539,-4.61006774308222,0.0154216554377875,-4.81246853106657,-17.8537354902253,8.978848907125535,-7.87488658309975,"Brayan Rocchio","23690",677587
"Paul Goldschmidt ","NYY","1B",748.3599853515625,385,-1.46382433468255,-5.07752608465833,-7.13658173769144,-2.28754549519268,-3.28484507716999,-19.250322729395,9.804671645785488,-8.445651083609496,"Paul Goldschmidt","9218",502671
"Kyle Higashioka ","TEX","C/DH",999,282,-2.84083952539213,-8.2346831778913,-10.5818280939767,-3.1511581766791,-4.43056266759243,-29.2390716415317,19.785718440951914,-8.453353200579791,"Kyle Higashioka","5517",543309
"Lenyn Sosa ","TOR","1B/2B",487.05999755859375,427,-0.715503296468187,-4.88020376633127,-7.13658173769144,-3.1511581766791,-2.90293921369585,-18.7863861908658,9.27394518882176,-8.512441002044083,"Lenyn Sosa","22896",672820
"Pavin Smith ","ARI","1B/DH",999,455,-3.29757472224381,-4.88020376633127,-5.06943392392026,-2.86328728285029,-3.28484507716999,-19.3953447725156,9.804671645785488,-8.590673126730133,"Pavin Smith","19892",656976
"Miguel Amaya ","CHC","C",745.969970703125,291,-2.12632445311483,-8.82665013287249,-9.89277882271968,-3.43902907050791,-5.19437439454072,-29.4791568737556,19.785718440951914,-8.693438432803713,"Miguel Amaya","21693",665804
"Nick Gonzales ","PIT","2B",999,434,-0.163525569801076,-5.66949303963951,-4.83975083350124,-3.1511581766791,-5.19437439454072,-19.0183020141616,9.27394518882176,-8.74435682533988,"Nick Gonzales","27490",693304
"Christopher Morel ","MIA","OF",999,350,-2.26578344776071,-6.2614599946207,-7.36626482811046,-1.71180370753506,-3.28484507716999,-20.8901570551969,10.553832793224087,-9.33632426197283,"Christopher Morel","21897",666624
"Joey Bart ","PIT","C",999,282,-2.0021453204187,-9.22129476952661,-10.1224619131387,-3.43902907050791,-5.57628025801486,-30.3612113316068,19.785718440951914,-9.575492890654868,"Joey Bart","21524",663698
"Ha-Seong Kim ","ATL","SS",748.3800048828125,413,-2.12925357907303,-6.85342694960188,-6.44753246643438,0.879034336924211,-5.19437439454072,-19.7455530527258,8.978848907125535,-9.76670414560026,"Ha-Seong Kim","27506",673490
"Henry Davis ","PIT","C",999,256,-2.2137684939157,-9.41861708785367,-10.8115111843958,-2.57541638902148,-5.57628025801486,-30.5955934132015,19.785718440951914,-9.809874972249562,"Henry Davis","29617",680779
"Liam Hicks ","MIA","C/1B/DH",748.5399780273438,318,-1.89324604967232,-9.41861708785367,-9.66309573230066,-3.43902907050791,-6.34009198496315,-30.7540799252977,19.785718440951914,-9.968361484345788,"Liam Hicks","29844",689414
"Griffin Conine ","MIA","OF",999,399,-3.45555982087701,-5.47217072131245,-6.6772155568534,-3.43902907050791,-2.5210333502217,-21.5650085197725,10.553832793224087,-10.011175726548384,"Griffin Conine","21626",665052
"Nick Fortes ","TBR","C",999,314,-2.90520521522869,-9.02397245119955,-10.1224619131387,-3.1511581766791,-5.95818612148901,-31.160983877735,19.785718440951914,-10.375265436783131,"Nick Fortes","21538",663743
"Spencer Steer ","CIN","1B",335.70001220703125,371,-2.2166976198739,-6.2614599946207,-7.13658173769144,-1.99967460136387,-3.66675094064414,-21.281164894194,9.804671645785488,-10.476493248408545,"Spencer Steer","26323",668715
"Jake Mangum ","PIT","OF",672.4199829101562,371,0.86371345770504,-8.43200549621836,-8.05531409936752,0.591163443095403,-7.10390371191144,-22.1363464066969,10.553832793224087,-10.582513613472797,"Jake Mangum","26202",663968
"Luke Raley ","SEA","1B/OF",748.25,350,-2.96957090506525,-6.45878231294776,-7.59594791852948,-1.99967460136387,-3.28484507716999,-22.3088208150763,10.553832793224087,-10.754988021852254,"Luke Raley","19354",670042
"Jake Fraley ","TBR","OF",999,406,-2.75177236357248,-7.248071586256,-7.59594791852948,0.303292549266595,-5.19437439454072,-22.4868737136321,10.553832793224087,-10.93304092040799,"Jake Fraley","19260",641584
"Jose Trevino ","CIN","C",999,282,-1.94233187755913,-9.41861708785367,-11.0411942748148,-3.43902907050791,-5.95818612148901,-31.7993584322245,19.785718440951914,-11.013639991272584,"Jose Trevino","16725",624431
"Zach McKinstry ","DET","3B/SS/OF",510.30999755859375,378,-2.42214542537512,-7.64271622291012,-5.75848319517732,0.0154216554377875,-5.19437439454072,-21.0022975825655,8.978848907125535,-11.023448675439953,"Zach McKinstry","19392",656716
"Joe Mack ","MIA","C",999,250,-2.57102603005435,-9.41861708785367,-11.5005604556528,-3.1511581766791,-5.19437439454072,-31.8357361447806,19.785718440951914,-11.050017703828736,"Joe Mack","29780",691788
"Ryan McMahon ","NYY","3B",732.8599853515625,490,-6.06819097055213,-4.28823681135008,-5.5288001047583,-2.86328728285029,-2.13912748674756,-20.8876426562584,8.538446347189781,-11.349196309068578,"Ryan McMahon","15112",641857
"TJ Rumfield ","COL","1B",999,420,-0.559141318853777,-6.45878231294776,-7.36626482811046,-3.43902907050791,-4.43056266759243,-22.2537801980123,9.804671645785488,-11.449108552226836,"TJ Rumfield","29805",681198
"Cole Young ","SEA","2B",704.2899780273438,434,-3.16266797457492,-6.65610463127482,-5.29911701433928,-1.99967460136387,-4.81246853106657,-21.9300327526195,9.27394518882176,-11.656087563797698,"Cole Young","31680",702284
"Tommy Edman ","LAD","2B/OF",730.1199951171875,406,-2.86522388129585,-6.2614599946207,-6.90689864727242,-1.13606191987744,-4.81246853106657,-21.982112974133,9.27394518882176,-11.708167785311216,"Tommy Edman","19470",669242
"Will Benson ","CIN","OF",999,315,-2.97574627306102,-7.44539390458306,-8.05531409936752,-1.13606191987744,-3.66675094064414,-23.2792671375332,10.553832793224087,-11.725434344309095,"Will Benson","21853",666181
"Nick Castellanos ",,"OF",631.0399780273438,371,-2.07561550420923,-6.2614599946207,-8.05531409936752,-2.86328728285029,-4.04865680411828,-23.304333685166,10.553832793224087,-11.750500891941936,"Nick Castellanos","11737",592206
"Connor Wong ","BOS","C",999,211,-0.780186102384124,-10.405228679489,-12.1896097269099,-2.86328728285029,-6.34009198496315,-32.5784037765964,19.785718440951914,-11.792685335644514,"Connor Wong","19896",657136
"Max Muncy ","ATH","2B/3B",672.719970703125,406,-2.773227593518,-5.66949303963951,-7.13658173769144,-2.57541638902148,-4.04865680411828,-22.2033755639887,9.27394518882176,-11.929430375166953,"Max Muncy","29779",691777
"Travis d'Arnaud ","LAA","C",999,231,-2.52811557016331,-9.61593940618073,-11.9599266364909,-3.43902907050791,-5.19437439454072,-32.7373850778835,19.785718440951914,-11.951666636931614,"Travis d'Arnaud","7739",518595
"Harry Ford ","WSN","C/DH",725.52001953125,224,-1.85195871080007,-10.602550997816,-11.7302435460718,-2.28754549519268,-6.34009198496315,-32.8123907348438,19.785718440951914,-12.026672293891858,"Harry Ford","29958",695670
"José Caballero ","NYY","2B/3B/SS/OF",200.02999877929688,308,-3.39281725205924,-9.02397245119955,-9.43341264188164,5.77283953201394,-5.95818612148901,-22.0355489346155,8.978848907125535,-12.056700027489958,"Jose Caballero","23401",676609
"Rhys Hoskins ","CLE","1B",737.989990234375,399,-4.06735099040369,-5.66949303963951,-7.36626482811046,-2.86328728285029,-2.90293921369585,-22.8693353546998,9.804671645785488,-12.064663708914317,"Rhys Hoskins","16472",656555
"Mauricio Dubón ","ATL","2B/3B/SS/OF",743.3800048828125,448,-0.482424893025671,-6.45878231294776,-6.6772155568534,-2.57541638902148,-5.95818612148901,-22.1520252733373,8.978848907125535,-12.173176366211779,"Mauricio Dubon","16530",643289
"Gavin Lux ","TBR","OF/DH",745.989990234375,399,-1.39328327685022,-7.248071586256,-6.44753246643438,-3.1511581766791,-5.57628025801486,-23.8163257642346,10.553832793224087,-12.262492971010465,"Gavin Lux","19955",666158
"Jacob Young ","WSN","OF",746.0700073242188,385,-2.17833940695984,-9.02397245119955,-8.28499718978654,2.31838880606825,-6.7219978484373,-23.890918090315,10.553832793224087,-12.337085297090892,"Jacob Young","29931",696285
"Hunter Feduccia ","TBR","C",999,262,-3.20427242952655,-9.81326172450779,-10.3521450035577,-3.43902907050791,-6.34009198496315,-33.1488002130631,19.785718440951914,-12.363081772111206,"Hunter Feduccia","23372",676439
"Luis Torrens ","NYM","C",999,218,-1.78141765296773,-10.0105840428349,-11.9599266364909,-3.43902907050791,-5.95818612148901,-33.1491435242904,19.785718440951914,-12.36342508333845,"Luis Torrens","15905",620443
"CJ Kayfus ","CLE","OF",999,364,-2.47123125326193,-7.05074926792894,-6.90689864727242,-3.1511581766791,-4.43056266759243,-24.0106000127348,10.553832793224087,-12.456767219510727,"CJ Kayfus","33704",692216
"Javier Báez ","DET","3B/SS/OF",740.6500244140625,448,-3.97373158160706,-6.06413767629364,-6.6772155568534,-1.71180370753506,-4.04865680411828,-22.4755453264074,8.978848907125535,-12.496696419281895,"Javier Baez","12979",595879
"Edouard Julien ","COL","1B/2B",746.0499877929688,378,-2.02197742934544,-7.05074926792894,-7.36626482811046,-2.57541638902148,-4.04865680411828,-23.0630647185246,9.27394518882176,-12.789119529702837,"Edouard Julien","27534",666397
"Zach Cole ","HOU","OF",743.5999755859375,322,-4.25296668697819,-7.44539390458306,-7.8256310089485,-0.848191026048636,-4.04865680411828,-24.4208394306767,10.553832793224087,-12.867006637452574,"Zach Cole","31583",805904
"Brooks Baldwin ","CHW","OF",748.22998046875,315,-1.12964514950821,-7.84003854123718,-9.43341264188164,-1.71180370753506,-4.43056266759243,-24.5454627077545,10.553832793224087,-12.991629914530431,"Brooks Baldwin","31394",681460
"George Valera ","CLE","OF/DH",748.3099975585938,392,-4.14861966320879,-6.2614599946207,-7.36626482811046,-3.1511581766791,-3.66675094064414,-24.5942536032632,10.553832793224087,-13.040420810039093,"George Valera","22541",671655
"Nasim Nuñez ","WSN","2B/SS/OF",583.0999755859375,378,-4.1977054910956,-9.41861708785367,-9.20372955146262,6.06071042584275,-6.34009198496315,-23.0994336895323,8.978848907125535,-13.120584782406757,"Nasim Nunez","25979",683083
"Yohel Pozo ","STL","C",999,172,0.182687235285434,-10.7998733161431,-13.567708269424,-3.43902907050791,-6.34009198496315,-33.9640154057527,19.785718440951914,-13.178296964800811,"Yohel Pozo","18848",650968
"Wenceel Pérez ","DET","OF",748.5399780273438,301,-1.35199593797797,-8.62932781454543,-8.05531409936752,-1.42393281370625,-5.57628025801486,-25.036850923612,10.553832793224087,-13.483018130387942,"Wenceel Perez","22857",672761
"Jonny DeLuca ","TBR","OF/DH",999,301,-2.15850729803311,-8.43200549621836,-8.9740464610436,-0.848191026048636,-4.81246853106657,-25.2252188124103,10.553832793224087,-13.671386019186198,"Jonny DeLuca","26365",676356
"Tyler Freeman ","COL","OF/DH",745.8599853515625,280,1.30516879260698,-9.61593940618073,-9.66309573230066,-0.560320132219828,-6.7219978484373,-25.2561843265315,10.553832793224087,-13.70235153330745,"Tyler Freeman","22532",671289
"Miguel Andujar ","SDP","3B/OF/DH",722.9099731445312,357,0.630635054262523,-7.248071586256,-8.28499718978654,-3.1511581766791,-5.19437439454072,-23.2479662929998,8.538446347189781,-13.709519945810053,"Miguel Andujar","15878",609280
"Jake Rogers ","DET","C",999,192,-2.24757445985277,-10.602550997816,-12.4192928173289,-3.43902907050791,-5.95818612148901,-34.6666334669946,19.785718440951914,-13.880915026042707,"Jake Rogers","19452",668670
"Dalton Rushing ","LAD","C",745.8300170898438,168,-1.64195865832186,-10.7998733161431,-12.6489759077479,-3.72689996433671,-5.95818612148901,-34.7758939680386,19.785718440951914,-13.990175527086684,"Dalton Rushing","31382",687221
"James McCann ","ARI","C",999,213,-1.95468261355068,-10.405228679489,-12.6489759077479,-3.43902907050791,-6.34009198496315,-34.7880082562586,19.785718440951914,-14.002289815306721,"James McCann","12859",543510
"Matt Vierling ","DET","OF",999,322,-1.22164143728606,-8.2346831778913,-8.51468028020556,-2.57541638902148,-5.19437439454072,-25.7407956789451,10.553832793224087,-14.186962885721035,"Matt Vierling","21558",663837
"Jake Bauers ","MIL","1B/OF",999,294,-3.18736944655802,-8.03736085956424,-9.20372955146262,-1.42393281370625,-4.04865680411828,-25.9010494754094,10.553832793224087,-14.34721668218533,"Jake Bauers","15194",641343
"Victor Robles ","SEA","OF",727.5399780273438,294,-2.04505578030974,-9.02397245119955,-9.89277882271968,1.16690523075302,-6.34009198496315,-26.1349938084391,10.553832793224087,-14.581161015215015,"Victor Robles","18363",645302
"Gary Sánchez ","MIL","C",999,150,-1.51777952562573,-11.1945179527972,-13.338025179005,-3.72689996433671,-5.95818612148901,-35.7354087432536,19.785718440951914,-14.949690302301734,"Gary Sanchez","11442",596142
"Drew Millas ","WSN","C/DH",999,154,-0.640727107738247,-12.1811295444325,-13.338025179005,-2.57541638902148,-7.10390371191144,-35.8392019321087,19.785718440951914,-15.053483491156765,"Drew Millas","25643",686452
"Christian Moore ","LAA","2B",748.3499755859375,336,-2.85611938734187,-7.84003854123718,-8.05531409936752,-2.28754549519268,-4.43056266759243,-25.4695801907317,9.27394518882176,-15.19563500190992,"Christian Moore","34979",695681
"Sam Haggerty ",,"OF",999,280,-1.92087664761361,-9.61593940618073,-9.66309573230066,0.591163443095403,-6.34009198496315,-26.9488403279628,10.553832793224087,-15.39500753473866,"Sam Haggerty","18054",664059
"Davis Schneider ","TOR","2B/OF",999,322,-3.69026134533832,-7.248071586256,-8.51468028020556,-2.57541638902148,-3.66675094064414,-25.6951805414655,9.27394518882176,-15.421235352643738,"Davis Schneider","23565",676914
"Austin Wynns ","ATL","C",999,166,-1.38742502493382,-11.3918402711243,-13.338025179005,-3.43902907050791,-6.7219978484373,-36.2783173940083,19.785718440951914,-15.492598953056376,"Austin Wynns","15271",642851
"Austin Martin ","MIN","OF",748.5599975585938,329,-1.64944003125704,-9.22129476952661,-8.9740464610436,-0.27244923839102,-7.10390371191144,-27.2211342121297,10.553832793224087,-15.667301418905623,"Austin Martin","27462",668885
"Nathan Lukes ","TOR","OF",999,294,-0.177499426811412,-8.62932781454543,-9.66309573230066,-2.86328728285029,-5.95818612148901,-27.2913963779968,10.553832793224087,-15.737563584772708,"Nathan Lukes","18123",664770
"Dane Myers ","CIN","OF",999,280,-1.83960797480852,-9.22129476952661,-10.5818280939767,-0.560320132219828,-5.19437439454072,-27.3974253650724,10.553832793224087,-15.843592571848326,"Dane Myers","22054",667472
"Heriberto Hernández ","MIA","OF/DH",999,301,-2.94356342814274,-7.84003854123718,-9.20372955146262,-3.1511581766791,-4.43056266759243,-27.5690523651141,10.553832793224087,-16.015219571889983,"Heriberto Hernandez","24878",681715
"Starling Marte ","KCR","DH",999,273,0.49865743255183,-9.22129476952661,-9.89277882271968,-1.13606191987744,-5.95818612148901,-25.7096642010609,8.538446347189781,-16.171217853871127,"Starling Marte","9241",516782
"Graham Pauley ","MIA","3B",999,329,-2.39613794845262,-7.64271622291012,-8.9740464610436,-2.28754549519268,-4.43056266759243,-25.7310087951914,8.538446347189781,-16.19256244800166,"Graham Pauley","31363",688363
"Brett Sullivan ","COL","C",999,154,-1.1819772194326,-11.9838072261055,-13.338025179005,-3.1511581766791,-7.48580957538558,-37.1407773766077,19.785718440951914,-16.355058935655812,"Brett Sullivan","18217",664954
"Matt Shaw ","CHC","3B",336.67999267578125,259,-1.24471978825037,-9.02397245119955,-9.66309573230066,-0.848191026048636,-5.19437439454072,-25.9743533923399,8.538446347189781,-16.43590704515015,"Matt Shaw","33322",807713
"Ramón Urías ","STL","2B/3B",999,315,-1.0269212467576,-8.2346831778913,-9.43341264188164,-3.1511581766791,-5.19437439454072,-27.0405496377504,9.27394518882176,-16.766604448928597,"Ramon Urias","18795",602104
"Rafael Marchán ","PHI","C",999,141,-1.13906675954156,-12.1811295444325,-13.797391359843,-3.43902907050791,-7.10390371191144,-37.6605204462365,19.785718440951914,-16.87480200528454,"Rafael Marchan","21646",665561
"J.C. Escarra ","NYY","C",999,130,-1.19888020240113,-12.1811295444325,-13.797391359843,-3.43902907050791,-7.10390371191144,-37.720333889096,19.785718440951914,-16.93461544814411,"J.C. Escarra","20084",641555
"Rob Refsnyder ","SEA","OF/DH",999,266,-1.78596989994472,-8.62932781454543,-10.1224619131387,-2.86328728285029,-5.19437439454072,-28.5954213050199,10.553832793224087,-17.04158851179577,"Rob Refsnyder","13770",608701
"Endy Rodríguez ","PIT","C/1B",999,105,-0.430727055260038,-12.5757741810866,-14.4864406311001,-3.43902907050791,-7.10390371191144,-38.0358746498661,19.785718440951914,-17.250156208914202,"Endy Rodriguez","25332",682848
"Tyler Heineman ","TOR","C",999,154,-1.70177210118143,-12.1811295444325,-13.567708269424,-3.1511581766791,-7.48580957538558,-38.0875776671026,19.785718440951914,-17.301859226150732,"Tyler Heineman","13897",623168
"Bryce Eldridge ","SFG","1B/DH",999,315,-3.53845161470089,-7.248071586256,-9.89277882271968,-3.43902907050791,-4.04865680411828,-28.1669878983028,9.804671645785488,-17.36231625251727,"Bryce Eldridge","33390",805811
"Reese McGuire ","CHW","C",999,134,-1.22033543234665,-12.1811295444325,-14.2567575406811,-3.43902907050791,-7.10390371191144,-38.2011552998796,19.785718440951914,-17.41543685892767,"Reese McGuire","15674",624512
"Kody Clemens ","MIN","1B/2B/OF",700.7000122070312,252,-1.86723857274981,-8.62932781454543,-10.1224619131387,-2.86328728285029,-4.43056266759243,-27.9128782508767,9.27394518882176,-17.638933062054896,"Kody Clemens","20572",665019
"Sung-Mun Song ","SDP","2B",999,287,-1.14654813247674,-9.02397245119955,-9.89277882271968,-1.99967460136387,-5.95818612148901,-28.0211601292488,9.27394518882176,-17.74721494042708,"Sung-Mun Song","37122",823550
"Oswald Peraza ","LAA","3B",999,273,-2.17541028100165,-9.02397245119955,-10.3521450035577,-0.560320132219828,-5.19437439454072,-27.3062222625195,8.538446347189781,-17.76777591532968,"Oswald Peraza","22823",672724
"Tyrone Taylor ","NYM","OF",999,259,-2.41921629941692,-9.41861708785367,-10.3521450035577,-1.42393281370625,-5.95818612148901,-29.5720973260236,10.553832793224087,-18.018264532799485,"Tyrone Taylor","13675",621438
"Andrés Chaparro ","WSN","1B",999,259,-1.52070865158392,-8.62932781454543,-10.8115111843958,-3.43902907050791,-4.43056266759243,-28.8311393886254,9.804671645785488,-18.026467742839955,"Andres Chaparro","21797",665953
"Christian Vázquez ","HOU","C",999,160,-1.9992161944605,-11.9838072261055,-14.027074450262,-3.43902907050791,-7.48580957538558,-38.9349365167215,19.785718440951914,-18.149218075769586,"Christian Vazquez","9774",543877
"Mitch Garver ","SEA","C/DH",999,109,-1.59449595145383,-12.3784518627596,-14.4864406311001,-3.43902907050791,-7.10390371191144,-39.0023212277328,19.785718440951914,-18.216602786780935,"Mitch Garver","15161",641598
"Everson Pereira ","CHW","OF",999,224,-1.70014898016264,-9.61593940618073,-11.2708773652338,-2.57541638902148,-4.81246853106657,-29.9748506716652,10.553832793224087,-18.421017878441145,"Everson Pereira","23695",677592
"Edmundo Sosa ","PHI","2B/3B",999,245,-0.600745773805406,-9.41861708785367,-10.3521450035577,-2.86328728285029,-5.57628025801486,-28.811075406082,9.27394518882176,-18.537130217260188,"Edmundo Sosa","17022",624641
"Romy Gonzalez ","BOS","1B/2B",999,196,0.231773063172247,-10.0105840428349,-11.5005604556528,-1.99967460136387,-5.57628025801486,-28.8553262946942,9.27394518882176,-18.5813811058724,"Romy Gonzalez","21562",663853
"Ezequiel Duran ","TEX","1B/SS",999,245,-0.78473834936111,-9.41861708785367,-11.0411942748148,-1.42393281370625,-5.95818612148901,-28.6266686472248,8.978848907125535,-18.647819740099287,"Ezequiel Duran","23733",677649
"Jimmy Crooks ","STL","C/DH",999,97,-0.593264400870222,-12.7730964994137,-14.9458068119381,-3.72689996433671,-7.48580957538558,-39.5248772519444,19.785718440951914,-18.73915881099244,"Jimmy Crooks","31354",699625
"JJ Bleday ","CIN","OF",748.5800170898438,231,-1.88414155571835,-9.22129476952661,-11.0411942748148,-3.1511581766791,-5.19437439454072,-30.4921631712796,10.553832793224087,-18.938330378055465,"JJ Bleday","26368",668709
"James Outman ","MIN","OF",999,210,-2.3717535925489,-9.81326172450779,-11.0411942748148,-2.28754549519268,-5.19437439454072,-30.7081294816049,10.553832793224087,-19.154296688380782,"James Outman","24770",681546
"Ryan Ritter ","COL","2B/SS",999,259,-1.24471978825037,-9.61593940618073,-10.1224619131387,-2.57541638902148,-5.57628025801486,-29.1348177546061,8.978848907125535,-19.15596884748061,"Ryan Ritter","31500",690022
"Carlos Santana ","ARI","1B",999,357,-4.95057877628695,-8.2346831778913,-9.20372955146262,-2.57541638902148,-5.19437439454072,-30.1587822892031,9.804671645785488,-19.354110643417584,"Carlos Santana","2396",467793
"Braxton Fulford ","COL","C",999,64,-0.242182232727348,-13.3650634543949,-15.6348560831952,-3.43902907050791,-7.48580957538558,-40.1669404162109,19.785718440951914,-19.381221975259006,"Braxton Fulford","29704",690924
"David Hamilton ","MIL","2B",743.3300170898438,203,-2.45302226535399,-10.9971956344702,-11.9599266364909,2.03051791223944,-6.34009198496315,-29.7197186090387,9.27394518882176,-19.44577342021696,"David Hamilton","27531",666152
"Daniel Susac ","SFG","C",999,77,-0.815615189339979,-13.1677411360678,-15.4051729927762,-3.43902907050791,-7.48580957538558,-40.3133679640775,19.785718440951914,-19.527649523125554,"Daniel Susac","31441",691740
"Jeremiah Jackson ","BAL","OF",999,203,-1.40270488688357,-9.41861708785367,-12.1896097269099,-2.57541638902148,-5.57628025801486,-31.1626283486835,10.553832793224087,-19.608795555459377,"Jeremiah Jackson","22239",669236
"Michael Massey ","KCR","2B",999,252,-0.714197291528777,-9.22129476952661,-11.2708773652338,-3.1511581766791,-5.57628025801486,-29.9338078609832,9.27394518882176,-19.65986267216139,"Michael Massey","27684",686681
"Angel Martínez ","CLE","2B/OF",748.5800170898438,280,-2.02360055036422,-9.22129476952661,-10.3521450035577,-2.57541638902148,-5.95818612148901,-30.130642833959,9.27394518882176,-19.85669764513728,"Angel Martinez","26540",682657
"Andy Ibáñez ","NYM","3B",999,266,-1.09291005761294,-9.22129476952661,-10.5818280939767,-2.57541638902148,-5.95818612148901,-29.4296354316268,8.538446347189781,-19.891189084437002,"Andy Ibanez","18819",628451
"Jonah Heim ","ATH","C/DH",999,70,-0.528898711033664,-13.3650634543949,-15.6348560831952,-3.72689996433671,-7.48580957538558,-40.741527788346,19.785718440951914,-19.955809347394126,"Jonah Heim","16930",641680
"Dom Keegan ","TBR","C",999,64,-0.691436056643848,-13.3650634543949,-15.6348560831952,-3.72689996433671,-7.48580957538558,-40.9040651339562,19.785718440951914,-20.118346693004312,"Dom Keegan","sa3020194",681371
"Tom Murphy ",,"C",999,51,-0.301995675586921,-13.562385772722,-15.8645391736142,-3.72689996433671,-7.48580957538558,-40.9416301616454,19.785718440951914,-20.155911720693464,"Tom Murphy","13499",608596
"Coby Mayo ","BAL","1B",459.1600036621094,189,-0.807816700325417,-9.81326172450779,-11.7302435460718,-3.43902907050791,-5.19437439454072,-30.9847254359537,9.804671645785488,-20.180053790168188,"Coby Mayo","28312",691723
"Austin Hedges ","CLE","C",999,141,-3.1093470157905,-12.7730964994137,-14.7161237215191,-3.1511581766791,-7.48580957538558,-41.235534988788,19.785718440951914,-20.449816547836082,"Austin Hedges","12976",595978
"Amed Rosario ","NYY","3B",999,224,0.24867604614078,-10.2079063611619,-11.0411942748148,-2.28754549519268,-6.7219978484373,-30.0099679334659,8.538446347189781,-20.471521586276104,"Amed Rosario","15518",642708
"Colt Emerson ","SEA","3B/SS",999,294,-2.84083952539213,-9.22129476952661,-9.89277882271968,-2.57541638902148,-5.95818612148901,-30.4885156281489,8.978848907125535,-20.509666721023383,"Colt Emerson","33575",806068
"Bryce Teodosio ","LAA","OF",999,259,-3.94024273174936,-10.602550997816,-10.8115111843958,-0.27244923839102,-6.7219978484373,-32.3487520007895,10.553832793224087,-20.794919207565396,"Bryce Teodosio","29524",669326
"Otto Kemp ","PHI","3B",999,231,-1.61888030735755,-9.81326172450779,-10.8115111843958,-2.57541638902148,-5.57628025801486,-30.3953498632974,8.538446347189781,-20.856903516107668,"Otto Kemp","31792",805249
"Rafael Flores Jr. ","PIT","C/1B",999,47,-0.291268060614161,-13.759708091049,-16.0942222640332,-3.72689996433671,-7.86771543885973,-41.7398138188928,19.785718440951914,-20.95409537794093,"Rafael Flores Jr.","31991",804668
"Troy Johnston ","COL","OF",748.4099731445312,175,-0.337107646463398,-11.1945179527972,-12.6489759077479,-1.71180370753506,-6.7219978484373,-32.6144030629809,10.553832793224087,-21.060570269756806,"Troy Johnston","26143",687859
"Austin Barnes ",,"C/1B",999,64,-0.956697305004644,-13.759708091049,-15.8645391736142,-3.43902907050791,-7.86771543885973,-41.8876890790355,19.785718440951914,-21.101970638083582,"Austin Barnes","12158",605131
"Javier Sanoja ","MIA","2B/3B/OF",999,217,-0.0058575872472559,-10.7998733161431,-11.5005604556528,-1.99967460136387,-7.10390371191144,-31.4098696723185,9.27394518882176,-21.135924483496723,"Javier Sanoja","28253",691594
"Jesus Rodriguez ","SFG","C/OF",999,33,-0.16708892791803,-14.1543527277031,-16.3239053544522,-3.43902907050791,-7.86771543885973,-41.9520915194411,19.785718440951914,-21.166373078489134,"Jesus Rodriguez","26991",683679
"Blaze Alexander ","BAL","3B",745.9099731445312,259,-2.8470148933879,-9.41861708785367,-10.5818280939767,-2.28754549519268,-5.57628025801486,-30.7112858284258,8.538446347189781,-21.172839481236068,"Blaze Alexander","23789",677942
"Robert Hassell III ","WSN","OF",999,238,-1.65106315227583,-10.602550997816,-12.1896097269099,-1.99967460136387,-6.34009198496315,-32.7829904633288,10.553832793224087,-21.229157670104684,"Robert Hassell III","27482",690987
"José Tena ","WSN","3B",999,231,-0.833824177247922,-10.405228679489,-11.5005604556528,-1.71180370753506,-6.34009198496315,-30.7915090048879,8.538446347189781,-21.25306265769815,"Jose Tena","23691",677588
"Alex Jackson ","MIN","C",999,32,-0.16708892791803,-13.9570304093761,-16.3239053544522,-3.72689996433671,-7.86771543885973,-42.0426400949428,19.785718440951914,-21.25692165399088,"Alex Jackson","17276",656577
"Alan Roden ","MIN","OF",999,196,-0.461286779159529,-10.9971956344702,-11.9599266364909,-2.86328728285029,-6.7219978484373,-33.0036941814081,10.553832793224087,-21.44986138818405,"Alan Roden","31564",702176
"Abimelec Ortiz ","WSN","1B",999,203,-1.56524223249375,-10.0105840428349,-11.9599266364909,-3.72689996433671,-5.19437439454072,-32.4570272706969,9.804671645785488,-21.652355624911404,"Abimelec Ortiz","sa3016926",694673
"Nathan Church ","STL","OF",999,217,-0.709645044551791,-10.9971956344702,-12.1896097269099,-2.28754549519268,-7.10390371191144,-33.2878996130359,10.553832793224087,-21.734066819811858,"Nathan Church","31357",701675
"Ben Williamson ","TBR","3B",999,266,-1.35817130597374,-10.2079063611619,-10.8115111843958,-2.28754549519268,-6.7219978484373,-31.3871321951614,8.538446347189781,-21.848685847971613,"Ben Williamson","33197",810938
"Riley Adams ","WSN","C",999,19,-0.134906082999751,-14.3516750460302,-16.7832715352903,-3.72689996433671,-7.86771543885973,-42.8644680675167,19.785718440951914,-22.07874962656476,"Riley Adams","19864",656180
"César Salazar ","HOU","C/DH",999,19,-0.134906082999751,-14.3516750460302,-16.7832715352903,-3.72689996433671,-8.24962130233387,-43.2463739309908,19.785718440951914,-22.460655490038906,"Cesar Salazar","21587",663967
"Ryan Vilade ","TBR","OF/DH",999,203,-1.4732459447159,-10.9971956344702,-11.9599266364909,-2.86328728285029,-6.7219978484373,-34.0156533469645,10.553832793224087,-22.46182055374042,"Ryan Vilade","22165",668723
"Jhostynxon Garcia ","PIT","OF/DH",999,182,-1.69559673318566,-10.7998733161431,-12.4192928173289,-3.1511581766791,-5.95818612148901,-34.0241071648258,10.553832793224087,-22.470274371601676,"Jhostynxon Garcia","28142",691373
"Casey Schmitt ","SFG","2B/3B",999,217,-1.42416011682909,-10.0105840428349,-12.1896097269099,-3.43902907050791,-5.95818612148901,-33.0215690785707,9.27394518882176,-22.747623889748976,"Casey Schmitt","27577",669477
"Korey Lee ","CHW","C/OF/DH",999,13,-0.0321821802491394,-14.5489973643573,-17.0129546257093,-3.72689996433671,-8.24962130233387,-43.5706554369863,19.785718440951914,-22.78493699603438,"Korey Lee","25543",686676
"Eric Haase ","SFG","C",999,13,-0.0321821802491394,-14.5489973643573,-17.0129546257093,-3.72689996433671,-8.24962130233387,-43.5706554369863,19.785718440951914,-22.78493699603438,"Eric Haase","14111",606992
"Tomás Nido ","DET","C",999,13,-0.0321821802491394,-14.5489973643573,-17.0129546257093,-3.72689996433671,-8.24962130233387,-43.5706554369863,19.785718440951914,-22.78493699603438,"Tomas Nido","13755",621512
"Elias Díaz ","TEX","C",999,13,-0.0321821802491394,-14.5489973643573,-17.0129546257093,-3.72689996433671,-8.24962130233387,-43.5706554369863,19.785718440951914,-22.78493699603438,"Elias Diaz","11680",553869
"Travis Bazzana ","CLE","2B",999,252,-3.52934712074692,-10.2079063611619,-10.8115111843958,-2.57541638902148,-5.95818612148901,-33.0823671768151,9.27394518882176,-22.80842198799332,"Travis Bazzana","34967",683953
"Colby Thomas ","ATH","OF",748.5900268554688,147,-0.987257028904135,-10.7998733161431,-13.108342088586,-3.1511581766791,-6.34009198496315,-34.3867225952754,10.553832793224087,-22.83288980205136,"Colby Thomas","31855",687515
"Kyle Karros ","COL","3B",999,238,-0.568562928887127,-10.405228679489,-11.2708773652338,-3.43902907050791,-6.7219978484373,-32.4056958925551,8.538446347189781,-22.867249545365322,"Kyle Karros","33252",691720
"Dominic Smith ","ATL","1B",999,210,-1.31070859910572,-10.405228679489,-12.1896097269099,-3.43902907050791,-6.34009198496315,-33.6846680609756,9.804671645785488,-22.879996415190142,"Dominic Smith","15653",642086
"Eduardo Valencia ","DET","C/1B",999,6,-0.194719525859324,-14.5489973643573,-17.0129546257093,-3.72689996433671,-8.24962130233387,-43.7331927825965,19.785718440951914,-22.94747434164456,"Eduardo Valencia","sa3006622",680664
"Jeferson Quero ","MIL","C",999,6,-0.194719525859324,-14.5489973643573,-17.0129546257093,-3.72689996433671,-8.24962130233387,-43.7331927825965,19.785718440951914,-22.94747434164456,"Jeferson Quero","28272",691620
"Maverick Handley ","ATL","C",999,6,-0.194719525859324,-14.5489973643573,-17.0129546257093,-3.72689996433671,-8.24962130233387,-43.7331927825965,19.785718440951914,-22.94747434164456,"Maverick Handley","26106",668974
"Mickey Gasper ","BOS","C/1B/2B/OF/DH",999,6,-0.194719525859324,-14.5489973643573,-17.0129546257093,-3.72689996433671,-8.24962130233387,-43.7331927825965,19.785718440951914,-22.94747434164456,"Mickey Gasper","24759",681508
"Willie MacIver ","TOR","C",999,6,-0.194719525859324,-14.5489973643573,-17.0129546257093,-3.72689996433671,-8.24962130233387,-43.7331927825965,19.785718440951914,-22.94747434164456,"Willie MacIver","24641",680862
"Will Banfield ","CIN","C",999,6,-0.194719525859324,-14.5489973643573,-17.0129546257093,-3.72689996433671,-8.24962130233387,-43.7331927825965,19.785718440951914,-22.94747434164456,"Will Banfield","23790",677943
"Sebastián Rivero ","LAA","C",999,6,-0.194719525859324,-14.5489973643573,-17.0129546257093,-3.72689996433671,-8.24962130233387,-43.7331927825965,19.785718440951914,-22.94747434164456,"Sebastian Rivero","21735",665861
"Hayden Senger ","NYM","C",999,6,-0.194719525859324,-14.5489973643573,-17.0129546257093,-3.72689996433671,-8.24962130233387,-43.7331927825965,19.785718440951914,-22.94747434164456,"Hayden Senger","21489",663584
"Rodolfo Durán ","SDP","C",999,6,-0.194719525859324,-14.5489973643573,-17.0129546257093,-3.72689996433671,-8.24962130233387,-43.7331927825965,19.785718440951914,-22.94747434164456,"Rodolfo Duran","20958",660710
"Matt Thaiss ","BOS","C",999,6,-0.194719525859324,-14.5489973643573,-17.0129546257093,-3.72689996433671,-8.24962130233387,-43.7331927825965,19.785718440951914,-22.94747434164456,"Matt Thaiss","19318",642136
"Seby Zavala ",,"C",999,6,-0.194719525859324,-14.5489973643573,-17.0129546257093,-3.72689996433671,-8.24962130233387,-43.7331927825965,19.785718440951914,-22.94747434164456,"Seby Zavala","18887",664874
"Garrett Stubbs ","PHI","C/DH",999,6,-0.194719525859324,-14.5489973643573,-17.0129546257093,-3.72689996433671,-8.24962130233387,-43.7331927825965,19.785718440951914,-22.94747434164456,"Garrett Stubbs","18067",596117
"Jose Herrera ","TEX","C",999,6,-0.194719525859324,-14.5489973643573,-17.0129546257093,-3.72689996433671,-8.24962130233387,-43.7331927825965,19.785718440951914,-22.94747434164456,"Jose Herrera","17040",645444
"Dom Nuñez ","CLE","C",999,6,-0.194719525859324,-14.5489973643573,-17.0129546257093,-3.72689996433671,-8.24962130233387,-43.7331927825965,19.785718440951914,-22.94747434164456,"Dom Nunez","15055",624513
"Richie Palacios ","TBR","1B/2B/OF/DH",999,224,-2.31194014968933,-10.7998733161431,-11.7302435460718,-1.71180370753506,-6.7219978484373,-33.2758585678766,9.27394518882176,-23.001913379054862,"Richie Palacios","24589",680700
"Ryan Mountcastle ","BAL","1B/DH",748.0900268554688,147,-0.27274195662684,-10.7998733161431,-13.338025179005,-3.43902907050791,-5.95818612148901,-33.8078556437718,9.804671645785488,-23.003183997986344,"Ryan Mountcastle","18373",663624
"Jahmai Jones ","DET","OF/DH",999,140,-0.505820360069356,-11.5891625894513,-12.8786589981669,-2.86328728285029,-6.7219978484373,-34.5589270789752,10.553832793224087,-23.00509428575114,"Jahmai Jones","18872",663330
"Shane McGuire ","ATH","C/1B",999,13,-0.297443428609935,-14.5489973643573,-17.0129546257093,-3.72689996433671,-8.24962130233387,-43.8359166853471,19.785718440951914,-23.050198244395173,"Shane McGuire","sa3017284",676063
"Ben Rortvedt ","NYM","C",999,13,-0.297443428609935,-14.5489973643573,-17.0129546257093,-3.72689996433671,-8.24962130233387,-43.8359166853471,19.785718440951914,-23.050198244395173,"Ben Rortvedt","20287",666163
"Andrew Knizner ","COL","C",999,13,-0.297443428609935,-14.5489973643573,-17.0129546257093,-3.72689996433671,-8.24962130233387,-43.8359166853471,19.785718440951914,-23.050198244395173,"Andrew Knizner","19514",668800
"Brandon Valenzuela ","TOR","C",999,13,-0.389439716387787,-14.5489973643573,-17.0129546257093,-3.72689996433671,-8.24962130233387,-43.9279129731249,19.785718440951914,-23.142194532173022,"Brandon Valenzuela","23813",678218
"Jerar Encarnacion ","SFG","1B/OF",999,154,-1.08998093165475,-11.1945179527972,-13.338025179005,-3.1511581766791,-5.95818612148901,-34.7318683616251,10.553832793224087,-23.17803556840096,"Jerar Encarnacion","21871",666464
"Masataka Yoshida ","BOS","DH",748.3300170898438,175,0.561400001369601,-10.7998733161431,-12.6489759077479,-3.1511581766791,-6.7219978484373,-32.7606052476378,8.538446347189781,-23.222158900448033,"Masataka Yoshida","31837",807799
"Eli White ","ATL","OF",999,140,-0.965801798958616,-11.7864849077784,-13.567708269424,-1.99967460136387,-6.7219978484373,-35.0416674259622,10.553832793224087,-23.4878346327381,"Eli White","19346",642201
"Taylor Walls ","TBR","SS",999,224,-3.11845150974447,-10.9971956344702,-11.7302435460718,-0.560320132219828,-7.10390371191144,-33.5101145344177,8.978848907125535,-23.53126562729221,"Taylor Walls","22458",670764
"Jesse Winker ",,"DH",999,203,-1.62505567535332,-10.602550997816,-11.7302435460718,-2.86328728285029,-6.34009198496315,-33.1612294870546,8.538446347189781,-23.622783139864868,"Jesse Winker","13590",608385
"José Fermín ","STL","2B/3B/OF/DH",999,175,-0.764906240434378,-11.5891625894513,-12.8786589981669,-1.71180370753506,-7.10390371191144,-34.0484352474992,9.27394518882176,-23.7744900586774,"Jose Fermin","21746",665877
"Thomas Saggese ","STL","2B/SS",999,189,-0.910540603076029,-10.7998733161431,-12.6489759077479,-3.1511581766791,-6.34009198496315,-33.8506399886093,8.978848907125535,-23.871791081483767,"Thomas Saggese","27883",695336
"Adam Frazier ","LAA","2B/OF",999,259,-2.59248125999987,-10.7998733161431,-11.5005604556528,-2.28754549519268,-7.10390371191144,-34.2843642388999,9.27394518882176,-24.010419050078145,"Adam Frazier","15223",624428
"Carlos Cortes ","ATH","OF",999,154,-0.997984643876895,-11.1945179527972,-13.338025179005,-3.72689996433671,-6.34009198496315,-35.597519724979,10.553832793224087,-24.043686931754873,"Carlos Cortes","21842",666126
"Brandon Lockridge ","MIL","OF",999,161,-1.45796608276615,-12.1811295444325,-13.338025179005,-1.13606191987744,-7.48580957538558,-35.5989923014667,10.553832793224087,-24.0451595082426,"Brandon Lockridge","21496",663604
"Randal Grichuk ","CHW","OF/DH",999,140,-1.05779808673647,-11.1945179527972,-13.567708269424,-3.43902907050791,-6.34009198496315,-35.5991453644288,10.553832793224087,-24.04531257120466,"Randal Grichuk","10243",545341
"Nathaniel Lowe ","CIN","1B",999,161,-0.824719683293951,-11.3918402711243,-12.8786589981669,-3.43902907050791,-6.34009198496315,-34.8743400080562,9.804671645785488,-24.069668362270743,"Nathaniel Lowe","19566",663993
"Cody Freeman ","TEX","2B",999,189,-1.45179071477038,-10.602550997816,-13.108342088586,-2.86328728285029,-6.34009198496315,-34.3660630689858,9.27394518882176,-24.09211788016406,"Cody Freeman","25629",683227
"Jacob Melton ","TBR","OF",727.5700073242188,140,-1.77231315901376,-11.7864849077784,-14.027074450262,-1.42393281370625,-6.7219978484373,-35.7318031791978,10.553832793224087,-24.17797038597367,"Jacob Melton","31661",689200
"Triston Casas ","BOS","1B",746.0599975585938,133,-0.219103881763041,-11.3918402711243,-13.338025179005,-3.72689996433671,-6.34009198496315,-35.0159612811922,9.804671645785488,-24.21128963540668,"Triston Casas","22514",671213
"Alex Call ","LAD","OF",999,154,-1.51777952562573,-11.5891625894513,-13.108342088586,-2.86328728285029,-6.7219978484373,-35.8005693349506,10.553832793224087,-24.246736541726534,"Alex Call","19296",669743
"Tyler Austin ","CHC","1B",999,133,-0.321827784513653,-11.3918402711243,-13.567708269424,-3.43902907050791,-6.34009198496315,-35.060497380533,9.804671645785488,-24.25582573474751,"Tyler Austin","11850",592122
"Tyler Locklear ","ARI","1B",999,154,-1.43651085282063,-11.3918402711243,-13.338025179005,-2.57541638902148,-6.34009198496315,-35.0818846769345,9.804671645785488,-24.277213031149046,"Tyler Locklear","31396",682988
"Jorge Mateo ","ATL","2B/3B/SS/OF/DH",999,147,-1.60977581340358,-11.7864849077784,-13.567708269424,-0.27244923839102,-7.10390371191144,-34.3403219409084,8.978848907125535,-24.361473033782907,"Jorge Mateo","17273",622761
"Myles Straw ","TOR","OF",999,182,-1.51160415762995,-11.9838072261055,-12.8786589981669,-1.71180370753506,-7.86771543885973,-35.9535895282972,10.553832793224087,-24.39975673507307,"Myles Straw","17620",664702
"Max Kepler ","ARI","OF",999,126,-0.657630090706781,-11.7864849077784,-13.797391359843,-3.43902907050791,-6.34009198496315,-36.0206274137993,10.553832793224087,-24.46679462057518,"Max Kepler","12144",596146
"Daniel Schneemann ","CLE","2B/3B/OF",999,196,-2.43156703540847,-10.9971956344702,-12.6489759077479,-2.57541638902148,-6.34009198496315,-34.9932469516112,9.27394518882176,-24.719301762789428,"Daniel Schneemann","25180",682177
"Zac Veen ","COL","OF",743.6599731445312,119,-0.554906187956169,-12.3784518627596,-14.027074450262,-2.28754549519268,-7.10390371191144,-36.3518817080819,10.553832793224087,-24.798048914857826,"Zac Veen","27770",691728
"Andrew McCutchen ",,"DH",999,203,-2.35029836260338,-10.405228679489,-12.1896097269099,-3.43902907050791,-5.95818612148901,-34.3423519609992,8.538446347189781,-24.80390561380937,"Andrew McCutchen","9847",457705
"Zack Gelof ","ATH","2B",999,140,-1.13906675954156,-11.5891625894513,-13.797391359843,-2.28754549519268,-6.34009198496315,-35.1532581889918,9.27394518882176,-24.879313000169994,"Zack Gelof","29766",680869
"Tommy Pham ","BAL","OF",999,154,-1.17124960445984,-11.7864849077784,-13.567708269424,-2.86328728285029,-7.10390371191144,-36.492633776424,10.553832793224087,-24.938800983199886,"Tommy Pham","2967",502054
"Jared Oliva ","SFG","OF",999,112,-1.16669735748285,-12.7730964994137,-14.2567575406811,-0.848191026048636,-7.48580957538558,-36.5305519990118,10.553832793224087,-24.976719205787756,"Jared Oliva","19968",666931
"Blake Perkins ","MIL","OF",999,147,-1.50705191065297,-12.1811295444325,-13.567708269424,-2.28754549519268,-7.10390371191144,-36.6473389316136,10.553832793224087,-25.09350613838952,"Blake Perkins","19921",663368
"Luis Campusano ","SDP","DH",999,182,-0.970354045935601,-10.7998733161431,-12.8786589981669,-3.72689996433671,-6.34009198496315,-34.7158783095455,8.538446347189781,-25.177431962355726,"Luis Campusano","22217",669134
"Alex Freeland ","LAD","2B/3B",999,161,-2.06975725229284,-11.3918402711243,-13.108342088586,-2.57541638902148,-6.34009198496315,-35.4854479859877,9.27394518882176,-25.211502797165956,"Alex Freeland","31665",690976
"Joey Wiemer ","WSN","OF",999,147,-2.04830202234732,-11.7864849077784,-13.797391359843,-2.57541638902148,-6.7219978484373,-36.9295925274275,10.553832793224087,-25.375759734203438,"Joey Wiemer","27690",686894
"Jasson Domínguez ","NYY","OF",421.5400085449219,98,-0.50126811309237,-12.5757741810866,-14.4864406311001,-2.28754549519268,-7.10390371191144,-36.9549321323832,10.553832793224087,-25.401099339159128,"Jasson Dominguez","28080",691176
"David Fry ","CLE","DH",999,192,-2.24757445985277,-10.602550997816,-12.6489759077479,-3.1511581766791,-6.34009198496315,-34.990351527059,8.538446347189781,-25.451905179869197,"David Fry","24934",681807
"Esteury Ruiz ","MIA","OF",748.530029296875,84,-0.0198314442575916,-13.1677411360678,-14.9458068119381,-1.42393281370625,-7.48580957538558,-37.0431217813554,10.553832793224087,-25.489288988131296,"Esteury Ruiz","21780",665923
"Chris Taylor ",,"OF",999,140,-1.761585544041,-11.9838072261055,-13.797391359843,-2.86328728285029,-6.7219978484373,-37.1280692612771,10.553832793224087,-25.57423646805299,"Chris Taylor","13757",621035
"Jorbit Vivas ","WSN","2B/3B",999,196,-1.97158559651921,-11.5891625894513,-12.4192928173289,-2.86328728285029,-7.10390371191144,-35.9472319980612,9.27394518882176,-25.673286809239432,"Jorbit Vivas","23917",678391
"Darell Hernaiz ","ATH","3B/SS",999,161,-0.212928513767267,-11.7864849077784,-13.338025179005,-2.86328728285029,-7.48580957538558,-35.6865354587865,8.978848907125535,-25.70768655166099,"Darell Hernaiz","26224",687231
"Bryce Johnson ","SDP","OF",999,140,-1.40432800790236,-12.5757741810866,-13.797391359843,-1.99967460136387,-7.48580957538558,-37.2629777255815,10.553832793224087,-25.70914493235739,"Bryce Johnson","20002",669369
"Nick Yorke ","PIT","1B/2B/3B/OF",999,140,-0.25128672668132,-11.9838072261055,-13.797391359843,-2.86328728285029,-7.10390371191144,-35.9996763073915,9.27394518882176,-25.725731118569776,"Nick Yorke","27504",694377
"Tyler Tolbert ","KCR","OF",999,119,-1.36141754801132,-12.9704188177408,-14.2567575406811,-0.848191026048636,-7.86771543885973,-37.3045003713415,10.553832793224087,-25.750667578117426,"Tyler Tolbert","25779",686475
"Leo Rivas ","SEA","2B",999,168,-2.25374982784854,-12.1811295444325,-13.108342088586,-1.42393281370625,-7.10390371191144,-36.0710579864847,9.27394518882176,-25.797112797662958,"Leo Rivas","21009",660844
"Eric Wagaman ","NYM","1B/OF",748.2100219726562,112,-0.544178572983409,-12.1811295444325,-14.2567575406811,-3.43902907050791,-7.10390371191144,-37.5249984405164,10.553832793224087,-25.971165647292256,"Eric Wagaman","23395",676572
"Will Brennan ","SFG","OF",999,112,0.170336499293886,-12.5757741810866,-14.4864406311001,-3.1511581766791,-7.48580957538558,-37.5288460649575,10.553832793224087,-25.975013271733438,"Will Brennan","25660",686823
"Michael Conforto ","CHC","OF",999,126,-1.18815258742837,-11.9838072261055,-14.027074450262,-3.72689996433671,-6.7219978484373,-37.6479320765699,10.553832793224087,-26.094099283345802,"Michael Conforto","16376",624424
"Blaine Crim ","TEX","1B/DH",999,133,-1.03634285679095,-11.7864849077784,-14.027074450262,-3.43902907050791,-6.7219978484373,-37.0109291337766,9.804671645785488,-26.206257487991113,"Blaine Crim","25714",688760
"Tristan Gray ","MIN","1B/2B/3B/SS",999,154,-1.6312310433491,-11.1945179527972,-13.338025179005,-3.72689996433671,-6.34009198496315,-36.2307661244512,8.978848907125535,-26.25191721732563,"Tristan Gray","19877",656484
"Wilmer Flores ",,"1B/DH",999,161,-1.54996237054401,-11.5891625894513,-13.567708269424,-3.72689996433671,-6.7219978484373,-37.1557310421934,9.804671645785488,-26.351059396407873,"Wilmer Flores","5827",527038
"Braden Montgomery ","CHW","OF",999,140,-1.58832058345806,-11.9838072261055,-13.797391359843,-3.43902907050791,-7.10390371191144,-37.9124519518259,10.553832793224087,-26.358619158601808,"Braden Montgomery","35423",695731
"Austin Slater ","TBR","OF",999,119,-1.08542868467776,-12.3784518627596,-14.2567575406811,-3.1511581766791,-7.10390371191144,-37.975699976709,10.553832793224087,-26.421867183484867,"Austin Slater","16153",596103
"Isiah Kiner-Falefa ","BOS","3B/SS",746.1500244140625,154,-0.202200898794507,-12.3784518627596,-13.797391359843,-2.28754549519268,-7.86771543885973,-36.5333050554495,8.978848907125535,-26.554456148323993,"Isiah Kiner-Falefa","16512",643396
"Nelson Velázquez ","STL","DH/OF",748.5599975585938,105,-1.23723841531519,-12.3784518627596,-14.7161237215191,-3.1511581766791,-6.7219978484373,-38.2049700247103,10.553832793224087,-26.651137231486178,"Nelson Velazquez","23359",676369
"Nick Loftin ","KCR","OF",999,112,-0.53345095801065,-12.5757741810866,-14.4864406311001,-3.1511581766791,-7.48580957538558,-38.2326335222621,10.553832793224087,-26.678800729037977,"Nick Loftin","27630",679845
"Vaughn Grissom ","LAA","2B",999,119,-0.10565236403967,-12.3784518627596,-14.2567575406811,-3.1511581766791,-7.10390371191144,-36.9959236560709,9.27394518882176,-26.721978467249098,"Vaughn Grissom","26031",687093
"Charlie Condon ","COL","1B/OF",999,126,-1.37214516298408,-12.3784518627596,-14.027074450262,-3.43902907050791,-7.10390371191144,-38.3206042584251,10.553832793224087,-26.76677146520097,"Charlie Condon","sa3025257",809707
"Ryan Waldschmidt ","ARI","OF",999,112,-0.971977166954389,-12.7730964994137,-14.2567575406811,-2.86328728285029,-7.48580957538558,-38.350928065285,10.553832793224087,-26.79709527206095,"Ryan Waldschmidt","35061",814439
"Jett Williams ","MIL","SS",999,119,-1.2586936452607,-12.3784518627596,-13.797391359843,-2.28754549519268,-7.10390371191144,-36.8259860749674,8.978848907125535,-26.847137167841897,"Jett Williams","sa3020134",702518
"Derek Hill ","CHW","OF",999,105,-0.971977166954389,-12.7730964994137,-14.7161237215191,-2.86328728285029,-7.10390371191144,-38.4283883826489,10.553832793224087,-26.874555589424848,"Derek Hill","16947",656537
"Zach Dezenzo ","HOU","OF",999,98,-0.685260688648074,-12.5757741810866,-14.7161237215191,-3.43902907050791,-7.10390371191144,-38.5200913736732,10.553832793224087,-26.966258580449086,"Zach Dezenzo","31562",701305
"Tim Tawa ","ARI","1B/2B/OF",748.489990234375,133,-1.3936003929296,-11.9838072261055,-14.027074450262,-3.1511581766791,-6.7219978484373,-37.2776380944135,9.27394518882176,-27.003692905591738,"Tim Tawa","29571",694374
"Jeimer Candelario ","LAA","1B/3B/DH",999,168,-2.45919763334976,-10.9971956344702,-13.338025179005,-3.43902907050791,-6.34009198496315,-36.573539502296,8.538446347189781,-27.035093155106182,"Jeimer Candelario","13621",600869
"Ronny Mauricio ","NYM","3B",999,105,-0.349458382454946,-12.1811295444325,-14.4864406311001,-2.86328728285029,-6.7219978484373,-36.6023136892751,8.538446347189781,-27.063867342085363,"Ronny Mauricio","23698",677595
"Ty France ","SDP","1B",999,112,-0.176193421872002,-12.3784518627596,-14.4864406311001,-3.72689996433671,-7.10390371191144,-37.8718895919798,9.804671645785488,-27.067217946194344,"Ty France","17982",664034
"Miguel Rojas ","LAD","2B/3B/SS",999,161,-1.37669740996106,-11.7864849077784,-13.567708269424,-2.86328728285029,-7.48580957538558,-37.0799874453993,8.978848907125535,-27.101138538273815,"Miguel Rojas","7802",500743
"John Rave ","KCR","OF",999,91,-0.755801746480406,-12.9704188177408,-14.7161237215191,-2.86328728285029,-7.48580957538558,-38.7914411439762,10.553832793224087,-27.237608350752065,"John Rave","26284",670231
"Enrique Hernández ","LAD","1B/3B/OF",999,168,-2.19393638498897,-11.1945179527972,-13.338025179005,-3.43902907050791,-6.7219978484373,-36.8875064357364,8.538446347189781,-27.34906008854659,"Enrique Hernandez","10472",571771
"Leody Taveras ","BAL","OF",999,77,-0.366361365423479,-13.1677411360678,-15.1754899023571,-2.86328728285029,-7.48580957538558,-39.0586892620843,10.553832793224087,-27.504856468860247,"Leody Taveras","18900",665750
"Deyvison De Los Santos ","MIA","1B/DH",999,91,-0.317275537536667,-12.7730964994137,-14.9458068119381,-3.43902907050791,-7.10390371191144,-38.5791116313078,9.804671645785488,-27.77443998552236,"Deyvison De Los Santos","27969",691277
"Andruw Monasterio ","BOS","SS",999,112,-0.53345095801065,-12.7730964994137,-14.4864406311001,-2.57541638902148,-7.48580957538558,-37.8542140529315,8.978848907125535,-27.875365145805976,"Andruw Monasterio","19455",655316
"Jon Berti ",,"3B",999,133,-1.3936003929296,-12.5757741810866,-14.2567575406811,-1.71180370753506,-7.48580957538558,-37.423745397618,8.538446347189781,-27.88529905042817,"Jon Berti","12037",542932
"Johan Rojas ","PHI","OF",999,70,-0.171641174895016,-13.562385772722,-15.4051729927762,-2.57541638902148,-7.86771543885973,-39.5823317682743,10.553832793224087,-28.02849897505025,"Johan Rojas","24336",679032
"Dylan Moore ","PHI","2B/OF",999,84,-0.999607764895683,-12.9704188177408,-14.9458068119381,-2.28754549519268,-7.10390371191144,-38.3072826016787,9.27394518882176,-28.033337412856937,"Dylan Moore","18042",664238
"Dylan Carlson ","PHI","OF",999,84,-0.642350228757035,-13.1677411360678,-14.9458068119381,-3.43902907050791,-7.48580957538558,-39.6807368226565,10.553832793224087,-28.126904029432396,"Dylan Carlson","20126",666185
"Adrian Del Castillo ","ARI","DH",999,124,-1.28014887520622,-11.9838072261055,-14.027074450262,-3.72689996433671,-6.7219978484373,-37.7399283643477,8.538446347189781,-28.201482017157954,"Adrian Del Castillo","29554",680728
"Justyn-Henry Malloy ","TBR","OF/DH",999,84,-0.907611477117831,-12.9704188177408,-15.1754899023571,-3.43902907050791,-7.48580957538558,-39.9783588431092,10.553832793224087,-28.42452604988515,"Justyn-Henry Malloy","29606",669234
"Drew Gilbert ","SFG","OF",999,70,-0.34490613547796,-13.3650634543949,-15.4051729927762,-3.43902907050791,-7.48580957538558,-40.0399812285425,10.553832793224087,-28.48614843531842,"Drew Gilbert","31545",687551
"Kristian Campbell ","BOS","2B",746.1400146484375,84,0.0721648435202602,-12.9704188177408,-14.9458068119381,-3.43902907050791,-7.48580957538558,-38.7688994320521,9.27394518882176,-28.494954243230364,"Kristian Campbell","33644",692225
"Thairo Estrada ",,"2B",999,98,-0.419999440287278,-12.7730964994137,-14.9458068119381,-3.1511581766791,-7.48580957538558,-38.7758705037038,9.27394518882176,-28.50192531488204,"Thairo Estrada","16426",642731
"Nate Eaton ","BOS","OF",999,63,-0.3341785205052,-13.3650634543949,-15.6348560831952,-2.86328728285029,-7.86771543885973,-40.0651007798053,10.553832793224087,-28.51126798658121,"Nate Eaton","25055",681987
"Oswaldo Cabrera ","NYY","3B",999,105,-0.787984591398686,-12.5757741810866,-14.4864406311001,-3.1511581766791,-7.10390371191144,-38.105261292176,8.538446347189781,-28.566814944986177,"Oswaldo Cabrera","21707",665828
"Johnathan Rodríguez ","BAL","OF",999,56,-0.047462042198885,-13.3650634543949,-15.6348560831952,-3.72689996433671,-7.48580957538558,-40.2600911195113,10.553832793224087,-28.706258326287173,"Johnathan Rodriguez","22530",671286
"Ryan Bliss ","SEA","2B",999,84,-1.18360034045139,-13.1677411360678,-15.1754899023571,-1.99967460136387,-7.48580957538558,-39.0123155556258,9.27394518882176,-28.73837036680406,"Ryan Bliss","29547",669208
"Santiago Espinal ","LAD","3B",999,133,-0.771081608430152,-12.3784518627596,-14.2567575406811,-3.1511581766791,-7.86771543885973,-38.4251646274096,8.538446347189781,-28.886718280219853,"Santiago Espinal","19997",669289
"Nelson Rada ","LAA","OF",999,70,-0.610167383838756,-13.759708091049,-15.6348560831952,-2.57541638902148,-7.86771543885973,-40.4478633859642,10.553832793224087,-28.894030592740076,"Nelson Rada","sa3018421",703185
"Mike Tauchman ","NYM","OF",999,84,-0.907611477117831,-13.1677411360678,-15.1754899023571,-3.72689996433671,-7.48580957538558,-40.4635520552651,10.553832793224087,-28.909719262041015,"Mike Tauchman","15274",643565
"LaMonte Wade Jr. ","HOU","1B/OF",999,70,-0.518171096060904,-13.3650634543949,-15.4051729927762,-3.72689996433671,-7.48580957538558,-40.5011170829543,10.553832793224087,-28.94728428973017,"LaMonte Wade Jr.","18126",664774
"Billy Cook ","PIT","1B/OF",999,70,-0.886156247172311,-13.3650634543949,-15.6348560831952,-3.1511581766791,-7.48580957538558,-40.5230435368271,10.553832793224087,-28.969210743602986,"Billy Cook","29573",695257
"Emmanuel Rodriguez ","MIN","OF",999,56,-0.659253211725569,-13.562385772722,-15.4051729927762,-3.43902907050791,-7.48580957538558,-40.5516506231172,10.553832793224087,-28.997817829893094,"Emmanuel Rodriguez","sa3014693",691181
"Michael Helman ","TEX","OF",999,63,-0.691436056643848,-13.3650634543949,-15.8645391736142,-3.1511581766791,-7.48580957538558,-40.5580064367176,10.553832793224087,-29.004173643493537,"Michael Helman","24605",680737
"Christian Koss ","SFG","2B",999,91,-0.582536785897462,-12.9704188177408,-15.1754899023571,-3.1511581766791,-7.48580957538558,-39.3654132580601,9.27394518882176,-29.091468069238303,"Christian Koss","27653",683766
"Jorge Barrosa ","ARI","OF",999,77,-0.631622613784275,-13.3650634543949,-15.4051729927762,-3.43902907050791,-7.86771543885973,-40.708603570323,10.553832793224087,-29.154770777098882,"Jorge Barrosa","23968",678489
"Hyeseong Kim ","LAD","2B",740.77001953125,77,-0.815615189339979,-13.1677411360678,-15.4051729927762,-2.57541638902148,-7.48580957538558,-39.449755282591,9.27394518882176,-29.175810093769282,"Hyeseong Kim","35322",808975
"Christian Franklin ","WSN","OF",999,63,-0.323450905532441,-13.759708091049,-15.6348560831952,-3.1511581766791,-7.86771543885973,-40.7368886953155,10.553832793224087,-29.18305590209138,"Christian Franklin","sa3017510",681047
"Anthony Santander ","TOR","OF/DH",748.4199829101562,56,-0.312723290559681,-13.3650634543949,-15.8645391736142,-3.72689996433671,-7.48580957538558,-40.7550354582911,10.553832793224087,-29.20120266506699,"Anthony Santander","14551",623993
"Alejandro Osuna ","TEX","OF",999,56,-0.312723290559681,-13.562385772722,-15.8645391736142,-3.1511581766791,-7.86771543885973,-40.7585218524347,10.553832793224087,-29.20468905921058,"Alejandro Osuna","27915",696030
"Heston Kjerstad ","BAL","OF",999,56,-0.404719578337533,-13.562385772722,-15.6348560831952,-3.72689996433671,-7.48580957538558,-40.814670973977,10.553832793224087,-29.26083818075288,"Heston Kjerstad","31166",677008
"Nick Allen ","HOU","SS",999,119,-0.912163724094817,-12.9704188177408,-14.7161237215191,-2.86328728285029,-7.86771543885973,-39.3297089850647,8.978848907125535,-29.35086007793918,"Nick Allen","22277",669397
"Juan Brito ","CLE","2B",999,98,-1.12378689759181,-12.7730964994137,-14.9458068119381,-3.43902907050791,-7.48580957538558,-39.7675288548371,9.27394518882176,-29.493583666015383,"Juan Brito","26693",682877
"Brice Matthews ","HOU","2B/3B",740.969970703125,63,-0.77270472944894,-13.3650634543949,-15.6348560831952,-2.57541638902148,-7.48580957538558,-39.8338502314461,9.27394518882176,-29.559905042624326,"Brice Matthews","33280",694728
"Sam Antonacci ","CHW","OF",999,42,-0.0965478700856979,-13.9570304093761,-16.0942222640332,-3.1511581766791,-7.86771543885973,-41.1666741590338,10.553832793224087,-29.612841365809736,"Sam Antonacci","35101",803011
"Adael Amador ","COL","2B",999,63,-0.150185944949497,-13.562385772722,-15.6348560831952,-3.1511581766791,-7.48580957538558,-39.9843955529313,9.27394518882176,-29.71045036410956,"Adael Amador","27962",691182
"Jose Iglesias ",,"2B/3B/SS",999,105,-0.614719630815742,-12.9704188177408,-14.9458068119381,-3.43902907050791,-7.86771543885973,-39.8376897698623,8.978848907125535,-29.85884086273674,"Jose Iglesias","10231",578428
"Jarred Kelenic ","TEX","OF",999,42,-0.280540445641402,-13.759708091049,-16.0942222640332,-3.43902907050791,-7.86771543885973,-41.4412153100913,10.553832793224087,-29.887382516867184,"Jarred Kelenic","22558",672284
"Tanner Murray ","CHW","OF",999,56,-0.496715866115385,-13.562385772722,-15.8645391736142,-3.72689996433671,-7.86771543885973,-41.518256215648,10.553832793224087,-29.964423422423902,"Tanner Murray","28848",695020
"Matthew Lugo ","KCR","OF",999,42,-0.372536733419253,-13.759708091049,-16.0942222640332,-3.43902907050791,-7.86771543885973,-41.5332115978691,10.553832793224087,-29.97937880464504,"Matthew Lugo","25980",683090
"Walker Jenkins ","MIN","OF",999,35,0.00617603266491373,-13.9570304093761,-16.3239053544522,-3.43902907050791,-7.86771543885973,-41.581504240531,10.553832793224087,-30.027671447306954,"Walker Jenkins","sa3022894",805805
"Gabriel Gonzalez ","MIN","OF",999,42,0.0767170904972461,-13.759708091049,-16.3239053544522,-3.72689996433671,-7.86771543885973,-41.6015117582005,10.553832793224087,-30.047678964976367,"Gabriel Gonzalez","28833",694224
"Mark Canha ",,"OF",999,63,-0.77270472944894,-13.759708091049,-15.8645391736142,-3.43902907050791,-7.86771543885973,-41.7036965034798,10.553832793224087,-30.14986371025571,"Mark Canha","11445",592192
"Orlando Arcia ","MIN","2B/3B/SS",999,91,-0.847798034258258,-12.9704188177408,-15.1754899023571,-3.72689996433671,-7.48580957538558,-40.2064162940785,8.978848907125535,-30.227567386952938,"Orlando Arcia","13185",606115
"Curtis Mead ","WSN","1B/3B",999,70,-0.0796448871171642,-13.3650634543949,-15.4051729927762,-3.43902907050791,-7.48580957538558,-39.7747199801817,8.538446347189781,-30.23627363299193,"Curtis Mead","23986",678554
"Ildemaro Vargas ","ARI","1B/2B/3B/SS/DH",999,91,-0.582536785897462,-13.1677411360678,-15.1754899023571,-3.43902907050791,-7.86771543885973,-40.2325123336901,8.978848907125535,-30.253663426564536,"Ildemaro Vargas","13324",545121
"Ryan Kreidler ","MIN","OF",999,49,-0.740521884530661,-13.9570304093761,-16.0942222640332,-3.1511581766791,-7.86771543885973,-41.8106481734788,10.553832793224087,-30.256815380254697,"Ryan Kreidler","25867",668952
"Tommy Troy ","ARI","OF",999,49,-0.475260636169865,-13.9570304093761,-16.0942222640332,-3.43902907050791,-7.86771543885973,-41.8332578189468,10.553832793224087,-30.27942502572271,"Tommy Troy","33279",694371
"Taylor Trammell ","HOU","OF",999,35,-0.259085215695882,-13.9570304093761,-16.3239053544522,-3.43902907050791,-7.86771543885973,-41.8467654888918,10.553832793224087,-30.29293269566775,"Taylor Trammell","19960",666211
"Petey Halpin ","CLE","OF",999,49,-0.567256923947717,-13.9570304093761,-16.0942222640332,-3.43902907050791,-7.86771543885973,-41.9252541067247,10.553832793224087,-30.37142131350057,"Petey Halpin","27931",690984
"Tyler Wade ",,"OF",999,49,-0.475260636169865,-13.9570304093761,-16.0942222640332,-3.1511581766791,-8.24962130233387,-41.9272927885921,10.553832793224087,-30.373459995368048,"Tyler Wade","15730",642180
"Gabriel Rincones Jr. ","PHI","OF",999,35,-0.351081503473734,-13.9570304093761,-16.3239053544522,-3.43902907050791,-7.86771543885973,-41.9387617766697,10.553832793224087,-30.384928983445604,"Gabriel Rincones Jr.","sa3020758",687282
"Kameron Misner ","KCR","OF",999,35,-0.351081503473734,-13.9570304093761,-16.3239053544522,-3.43902907050791,-7.86771543885973,-41.9387617766697,10.553832793224087,-30.384928983445604,"Kameron Misner","26374",670224
"Jose Siri ","LAA","OF",999,35,-0.443077791251586,-13.9570304093761,-16.3239053544522,-3.43902907050791,-7.86771543885973,-42.0307580644475,10.553832793224087,-30.47692527122346,"Jose Siri","17452",642350
"Grant McCray ","SFG","OF",999,28,-0.15636131294527,-14.1543527277031,-16.5535884448713,-3.43902907050791,-7.86771543885973,-42.1710469948873,10.553832793224087,-30.617214201663224,"Grant McCray","25690",687529
"MJ Melendez ","NYM","OF",999,28,-0.15636131294527,-14.1543527277031,-16.5535884448713,-3.43902907050791,-7.86771543885973,-42.1710469948873,10.553832793224087,-30.617214201663224,"MJ Melendez","22197",669004
"Stuart Fairchild ","CLE","OF",999,28,-0.15636131294527,-14.1543527277031,-16.5535884448713,-3.43902907050791,-7.86771543885973,-42.1710469948873,10.553832793224087,-30.617214201663224,"Stuart Fairchild","20321",656413
"Ben Gamel ","ATL","OF",999,35,-0.351081503473734,-13.9570304093761,-16.3239053544522,-3.72689996433671,-7.86771543885973,-42.2266326704985,10.553832793224087,-30.67279987727441,"Ben Gamel","12160",592325
"Brett Harris ","ATH","3B",999,77,-0.539626326006423,-13.3650634543949,-15.4051729927762,-3.43902907050791,-7.48580957538558,-40.234701419071,8.538446347189781,-30.69625507188119,"Brett Harris","29788",695391
"Luis Matos ","MIL","OF",999,28,-0.248357600723122,-14.1543527277031,-16.5535884448713,-3.43902907050791,-7.86771543885973,-42.2630432826652,10.553832793224087,-30.709210489441073,"Luis Matos","26467",682641
"Leo Jiménez ","MIA","2B/SS",999,77,-0.712891286589367,-13.3650634543949,-15.4051729927762,-3.72689996433671,-7.48580957538558,-40.6958372734827,8.978848907125535,-30.716988366357192,"Leo Jimenez","23782",677870
"Spencer Jones ","NYY","DH/OF",999,21,-0.318898658555455,-14.1543527277031,-16.5535884448713,-3.43902907050791,-7.86771543885973,-42.3335843404975,10.553832793224087,-30.7797515472734,"Spencer Jones","31532",682987
"Maximo Acosta ","MIA","2B/3B/SS",999,56,-0.404719578337533,-13.759708091049,-15.8645391736142,-2.86328728285029,-7.86771543885973,-40.7599695647108,8.978848907125535,-30.78112065758523,"Maximo Acosta","27963",691185
"Rowdy Tellez ","ATL","1B",999,35,-0.0858202551129381,-13.759708091049,-16.3239053544522,-3.72689996433671,-7.86771543885973,-41.7640491038106,9.804671645785488,-30.959377458025152,"Rowdy Tellez","15679",642133
"Junior Perez ","CHW","OF",999,28,-0.513618849083918,-14.1543527277031,-16.5535884448713,-3.43902907050791,-7.86771543885973,-42.528304531026,10.553832793224087,-30.97447173780187,"Junior Perez","sa3005744",678577
"Kyle Farmer ","ATL","2B/DH",999,63,-0.599439768865996,-13.562385772722,-15.8645391736142,-3.43902907050791,-7.86771543885973,-41.3331092245698,9.27394518882176,-31.059164035748026,"Kyle Farmer","14813",571657
"Pedro León ","PHI","OF",999,21,-0.318898658555455,-14.3516750460302,-16.7832715352903,-3.43902907050791,-7.86771543885973,-42.7605897492436,10.553832793224087,-31.206756956019483,"Pedro Leon","27781",694175
"Chas McCormick ","CHC","OF",999,21,-0.318898658555455,-14.3516750460302,-16.7832715352903,-3.43902907050791,-7.86771543885973,-42.7605897492436,10.553832793224087,-31.206756956019483,"Chas McCormick","19599",676801
"Jhonkensy Noel ","BAL","OF",999,14,-0.124178468026991,-14.3516750460302,-16.7832715352903,-3.72689996433671,-7.86771543885973,-42.8537404525439,10.553832793224087,-31.299907659319828,"Jhonkensy Noel","24257",678877
"Weston Wilson ","BAL","OF",999,14,-0.124178468026991,-14.3516750460302,-16.7832715352903,-3.72689996433671,-7.86771543885973,-42.8537404525439,10.553832793224087,-31.299907659319828,"Weston Wilson","19358",642215
"Aidan Miller ","PHI","SS",999,42,-0.545801694002197,-13.9570304093761,-16.0942222640332,-2.86328728285029,-7.86771543885973,-41.3280570891215,8.978848907125535,-31.349208181995976,"Aidan Miller","sa3022609",805795
"Tristan Peters ","CHW","OF",999,28,-0.15636131294527,-14.3516750460302,-16.5535884448713,-3.72689996433671,-8.24962130233387,-43.0381460705173,10.553832793224087,-31.48431327729324,"Tristan Peters","30063",671976
"Kevin Alcántara ","CHC","OF/DH",999,21,-0.318898658555455,-14.3516750460302,-16.7832715352903,-3.72689996433671,-7.86771543885973,-43.0484606430724,10.553832793224087,-31.494627849848293,"Kevin Alcantara","25971",682634
"Tyler Black ","MIL","1B/OF",999,14,-0.0321821802491394,-14.5489973643573,-16.7832715352903,-3.43902907050791,-8.24962130233387,-43.0531014527385,10.553832793224087,-31.499268659514378,"Tyler Black","29949",672012
"Kyren Paris ","LAA","OF",999,14,-0.0321821802491394,-14.5489973643573,-16.7832715352903,-3.43902907050791,-8.24962130233387,-43.0531014527385,10.553832793224087,-31.499268659514378,"Kyren Paris","26420",677347
"Justin Dean ","CHC","OF",999,14,-0.0321821802491394,-14.5489973643573,-16.7832715352903,-3.43902907050791,-8.24962130233387,-43.0531014527385,10.553832793224087,-31.499268659514378,"Justin Dean","25005",681909
"Akil Baddoo ","MIL","OF",999,14,-0.0321821802491394,-14.5489973643573,-16.7832715352903,-3.43902907050791,-8.24962130233387,-43.0531014527385,10.553832793224087,-31.499268659514378,"Akil Baddoo","22168",668731
"Manuel Margot ",,"OF",999,21,0.038358877583193,-14.3516750460302,-16.7832715352903,-3.72689996433671,-8.24962130233387,-43.0731089704079,10.553832793224087,-31.51927617718379,"Manuel Margot","14712",622534
"Jonatan Clase ","TOR","OF",999,14,-0.124178468026991,-14.5489973643573,-16.7832715352903,-3.43902907050791,-8.24962130233387,-43.1450977405163,10.553832793224087,-31.591264947292224,"Jonatan Clase","26599",682729
"Gio Urshela ",,"3B",999,56,-0.047462042198885,-13.759708091049,-15.8645391736142,-3.72689996433671,-7.86771543885973,-41.2663247100586,8.538446347189781,-31.727878362868772,"Gio Urshela","10681",570482
"Blake Dunn ","CIN","OF",999,14,-0.0321821802491394,-14.5489973643573,-17.0129546257093,-3.43902907050791,-8.24962130233387,-43.2827845431575,10.553832793224087,-31.728951749933394,"Blake Dunn","29487",694362
"Bryan Torres ","STL","OF",999,14,-0.0321821802491394,-14.5489973643573,-17.0129546257093,-3.43902907050791,-8.24962130233387,-43.2827845431575,10.553832793224087,-31.728951749933394,"Bryan Torres","21464",663494
"Joshua Báez ","STL","OF",999,14,-0.124178468026991,-14.5489973643573,-17.0129546257093,-3.43902907050791,-8.24962130233387,-43.3747808309353,10.553832793224087,-31.820948037711247,"Joshua Baez","sa3017022",695491
"Matt Koperniak ","STL","OF",999,7,0.162538010279324,-14.5489973643573,-17.0129546257093,-3.72689996433671,-8.24962130233387,-43.3759352464578,10.553832793224087,-31.822102453233747,"Matt Koperniak","sa3014834",689288
"Sterlin Thompson ","COL","DH/OF",999,7,0.162538010279324,-14.5489973643573,-17.0129546257093,-3.72689996433671,-8.24962130233387,-43.3759352464578,10.553832793224087,-31.822102453233747,"Sterlin Thompson","31443",694514
"Rece Hinds ","MIA","OF",999,7,0.162538010279324,-14.5489973643573,-17.0129546257093,-3.72689996433671,-8.24962130233387,-43.3759352464578,10.553832793224087,-31.822102453233747,"Rece Hinds","27493",677956
"Victor Mesa Jr. ","TBR","OF",999,7,0.162538010279324,-14.5489973643573,-17.0129546257093,-3.72689996433671,-8.24962130233387,-43.3759352464578,10.553832793224087,-31.822102453233747,"Victor Mesa Jr.","25999",683748
"José Azócar ","ATL","OF/DH",999,7,0.162538010279324,-14.5489973643573,-17.0129546257093,-3.72689996433671,-8.24962130233387,-43.3759352464578,10.553832793224087,-31.822102453233747,"Jose Azocar","18821",640492
"Trey Mancini ","LAA","1B/DH/OF",999,7,0.162538010279324,-14.5489973643573,-17.0129546257093,-3.72689996433671,-8.24962130233387,-43.3759352464578,10.553832793224087,-31.822102453233747,"Trey Mancini","15149",641820
"Drew Waters ","KCR","OF",999,14,-0.124178468026991,-14.5489973643573,-16.7832715352903,-3.72689996433671,-8.24962130233387,-43.4329686343451,10.553832793224087,-31.879135841121034,"Drew Waters","20505",671221
"Steward Berroa ","PHI","OF",999,7,-0.194719525859324,-14.5489973643573,-17.0129546257093,-3.43902907050791,-8.24962130233387,-43.4453218887677,10.553832793224087,-31.891489095543577,"Steward Berroa","22766",672642
"Dairon Blanco ",,"OF",999,7,-0.194719525859324,-14.5489973643573,-17.0129546257093,-3.43902907050791,-8.24962130233387,-43.4453218887677,10.553832793224087,-31.891489095543577,"Dairon Blanco","19779",680118
"Bryan De La Cruz ","PHI","OF/DH",999,14,-0.124178468026991,-14.3516750460302,-17.0129546257093,-3.72689996433671,-8.24962130233387,-43.4653294064371,10.553832793224087,-31.911496613212996,"Bryan De La Cruz","19600",650559
"Eloy Jiménez ","TOR","DH/OF",999,14,-0.124178468026991,-14.3516750460302,-17.0129546257093,-3.72689996433671,-8.24962130233387,-43.4653294064371,10.553832793224087,-31.911496613212996,"Eloy Jimenez","17484",650391
"Kemp Alderman ","MIA","OF",999,7,0.0705417225014722,-14.5489973643573,-17.0129546257093,-3.72689996433671,-8.24962130233387,-43.4679315342357,10.553832793224087,-31.914098741011593,"Kemp Alderman","sa3022562",694580
"Héctor Rodríguez ","CIN","OF",999,7,0.0705417225014722,-14.5489973643573,-17.0129546257093,-3.72689996433671,-8.24962130233387,-43.4679315342357,10.553832793224087,-31.914098741011593,"Hector Rodriguez","sa3015828",699302
"Rhylan Thomas ",,"OF",999,7,0.0705417225014722,-14.5489973643573,-17.0129546257093,-3.72689996433671,-8.24962130233387,-43.4679315342357,10.553832793224087,-31.914098741011593,"Rhylan Thomas","31793",689041
"Tyler Callihan ","PIT","2B/OF",999,35,-0.443077791251586,-14.1543527277031,-16.3239053544522,-3.43902907050791,-7.86771543885973,-42.2280803827746,9.27394518882176,-31.954135193952844,"Tyler Callihan","27497",682997
"Matt Mervis ",,"1B",999,21,-0.318898658555455,-14.1543527277031,-16.7832715352903,-3.72689996433671,-7.86771543885973,-42.8511383247453,9.804671645785488,-32.04646667895983,"Matt Mervis","27845",670223
"Yohandy Morales ","WSN","1B/3B",999,56,-0.404719578337533,-13.759708091049,-15.8645391736142,-3.72689996433671,-7.86771543885973,-41.6235822461972,8.538446347189781,-32.08513589900741,"Yohandy Morales","sa3022672",691002
"Luis Urías ","ARI","2B",999,28,-0.0643650251674186,-14.1543527277031,-16.5535884448713,-3.72689996433671,-7.86771543885973,-42.3669216009383,9.27394518882176,-32.092976412116506,"Luis Urias","16622",649966
"Andrew Pintar ","MIA","OF",999,14,-0.124178468026991,-14.5489973643573,-17.0129546257093,-3.72689996433671,-8.24962130233387,-43.6626517247641,10.553832793224087,-32.10881893154006,"Andrew Pintar","sa3020715",801464
"Victor Bericoto ","SFG","OF",999,14,-0.124178468026991,-14.5489973643573,-17.0129546257093,-3.72689996433671,-8.24962130233387,-43.6626517247641,10.553832793224087,-32.10881893154006,"Victor Bericoto","26468",682674
"Garrett Hampson ","CIN","OF",999,14,-0.124178468026991,-14.5489973643573,-17.0129546257093,-3.72689996433671,-8.24962130233387,-43.6626517247641,10.553832793224087,-32.10881893154006,"Garrett Hampson","19262",641658
"Vidal Bruján ","NYM","2B/3B/SS/OF/DH",999,35,-0.351081503473734,-14.1543527277031,-16.3239053544522,-3.43902907050791,-7.86771543885973,-42.1360840949968,8.978848907125535,-32.157235187871215,"Vidal Brujan","20536",660644
"RJ Schreck ","TOR","OF",999,7,-0.194719525859324,-14.5489973643573,-17.0129546257093,-3.72689996433671,-8.24962130233387,-43.7331927825965,10.553832793224087,-32.17935998937239,"RJ Schreck","sa3022602",702302
"Ryan Clifford ","NYM","1B/OF",999,7,-0.194719525859324,-14.5489973643573,-17.0129546257093,-3.72689996433671,-8.24962130233387,-43.7331927825965,10.553832793224087,-32.17935998937239,"Ryan Clifford","sa3020126",691775
"Brennen Davis ","SEA","OF",999,7,-0.194719525859324,-14.5489973643573,-17.0129546257093,-3.72689996433671,-8.24962130233387,-43.7331927825965,10.553832793224087,-32.17935998937239,"Brennen Davis","sa3007876",680695
"Kristian Robinson ","ARI","OF",999,7,-0.194719525859324,-14.5489973643573,-17.0129546257093,-3.72689996433671,-8.24962130233387,-43.7331927825965,10.553832793224087,-32.17935998937239,"Kristian Robinson","sa3006884",677565
"Ryan Ward ","LAD","OF",999,7,-0.194719525859324,-14.5489973643573,-17.0129546257093,-3.72689996433671,-8.24962130233387,-43.7331927825965,10.553832793224087,-32.17935998937239,"Ryan Ward","27449",669899
"Dominic Fletcher ","PIT","OF",999,7,-0.194719525859324,-14.5489973643573,-17.0129546257093,-3.72689996433671,-8.24962130233387,-43.7331927825965,10.553832793224087,-32.17935998937239,"Dominic Fletcher","26149",666150
"Jase Bowen ","SDP","OF",999,7,-0.194719525859324,-14.5489973643573,-17.0129546257093,-3.72689996433671,-8.24962130233387,-43.7331927825965,10.553832793224087,-32.17935998937239,"Jase Bowen","26047",687749
"Gustavo Campero ","LAA","OF",999,7,-0.194719525859324,-14.5489973643573,-17.0129546257093,-3.72689996433671,-8.24962130233387,-43.7331927825965,10.553832793224087,-32.17935998937239,"Gustavo Campero","22707",672569
"Michael Siani ","BAL","OF",999,7,-0.194719525859324,-14.5489973643573,-17.0129546257093,-3.72689996433671,-8.24962130233387,-43.7331927825965,10.553832793224087,-32.17935998937239,"Michael Siani","22557",672279
"Samad Taylor ","SDP","OF",999,7,-0.194719525859324,-14.5489973643573,-17.0129546257093,-3.72689996433671,-8.24962130233387,-43.7331927825965,10.553832793224087,-32.17935998937239,"Samad Taylor","22274",669392
"Jared Young ","NYM","1B/OF/DH",999,7,-0.194719525859324,-14.5489973643573,-17.0129546257093,-3.72689996433671,-8.24962130233387,-43.7331927825965,10.553832793224087,-32.17935998937239,"Jared Young","20404",676724
"Cristian Pache ","NYM","OF",999,7,-0.194719525859324,-14.5489973643573,-17.0129546257093,-3.72689996433671,-8.24962130233387,-43.7331927825965,10.553832793224087,-32.17935998937239,"Cristian Pache","19948",665506
"Leo De Vries ","ATH","SS",999,35,-0.351081503473734,-13.9570304093761,-16.3239053544522,-3.72689996433671,-7.86771543885973,-42.2266326704985,8.978848907125535,-32.247783763372965,"Leo De Vries","sa3023363",815888
"Tyler Fitzgerald ","LAD","2B",999,21,-0.318898658555455,-14.3516750460302,-16.7832715352903,-3.43902907050791,-7.86771543885973,-42.7605897492436,9.27394518882176,-32.48664456042181,"Tyler Fitzgerald","26208",666149
"Tre' Morgan ","TBR","1B",999,21,-0.226902370777603,-14.3516750460302,-16.7832715352903,-3.72689996433671,-8.24962130233387,-43.3383702187687,9.804671645785488,-32.533698572983184,"Tre' Morgan","sa3022919",691003
"Justin Foscue ","TEX","1B/DH",999,14,-0.0321821802491394,-14.3516750460302,-17.0129546257093,-3.72689996433671,-8.24962130233387,-43.3733331186592,9.804671645785488,-32.56866147287374,"Justin Foscue","27501",679822
"Jonathon Long ","CHC","1B",999,7,0.162538010279324,-14.5489973643573,-17.0129546257093,-3.72689996433671,-8.24962130233387,-43.3759352464578,9.804671645785488,-32.571263600672346,"Jonathon Long","sa3022864",675085
"Christian Encarnacion-Strand ","BAL","1B",999,7,0.162538010279324,-14.5489973643573,-17.0129546257093,-3.72689996433671,-8.24962130233387,-43.3759352464578,9.804671645785488,-32.571263600672346,"Christian Encarnacion-Strand","30011",687952
"Jace Jung ","DET","3B",999,35,-0.259085215695882,-13.9570304093761,-16.3239053544522,-3.72689996433671,-7.86771543885973,-42.1346363827206,8.538446347189781,-32.59619003553087,"Jace Jung","31437",690291
"Tim Elko ","CHW","1B",999,7,0.0705417225014722,-14.5489973643573,-17.0129546257093,-3.72689996433671,-8.24962130233387,-43.4679315342357,9.804671645785488,-32.66325988845019,"Tim Elko","31522",671284
"Cameron Cauley ","TEX","2B/SS",999,21,-0.318898658555455,-14.3516750460302,-16.7832715352903,-3.43902907050791,-7.86771543885973,-42.7605897492436,8.978848907125535,-32.78174084211803,"Cameron Cauley","sa3017167",695508
"Brock Wilken ","MIL","3B",999,42,-0.811062942362993,-13.9570304093761,-16.0942222640332,-3.72689996433671,-7.86771543885973,-42.4569310189687,8.538446347189781,-32.91848467177896,"Brock Wilken","sa3022499",694385
"Enmanuel Valdez ","PIT","1B",999,7,-0.194719525859324,-14.5489973643573,-17.0129546257093,-3.72689996433671,-8.24962130233387,-43.7331927825965,9.804671645785488,-32.928521136810986,"Enmanuel Valdez","21716",665839
"Denzer Guzman ","LAA","SS",999,21,-0.318898658555455,-14.3516750460302,-16.7832715352903,-3.72689996433671,-7.86771543885973,-43.0484606430724,8.978848907125535,-33.06961173594684,"Denzer Guzman","28816",694203
"Max Schuemann ","NYY","2B/3B/SS",999,21,-0.226902370777603,-14.3516750460302,-16.7832715352903,-3.43902907050791,-8.24962130233387,-43.0504993249399,8.978848907125535,-33.07165041781433,"Max Schuemann","24488",680474
"Edwin Arroyo ","CIN","2B/SS",999,21,0.038358877583193,-14.3516750460302,-16.7832715352903,-3.72689996433671,-8.24962130233387,-43.0731089704079,8.978848907125535,-33.09426006328234,"Edwin Arroyo","29957",695490
"James Triantos ","CHC","2B/3B",999,7,0.162538010279324,-14.5489973643573,-17.0129546257093,-3.72689996433671,-8.24962130233387,-43.3759352464578,9.27394518882176,-33.10199005763607,"James Triantos","sa3017295",701649
"Hao-Yu  Lee ","DET","2B/3B",999,7,0.162538010279324,-14.5489973643573,-17.0129546257093,-3.72689996433671,-8.24962130233387,-43.3759352464578,9.27394518882176,-33.10199005763607,"Hao-Yu  Lee","30080",701678
"Mason McCoy ","SDP","2B/SS/DH",999,28,-0.513618849083918,-14.3516750460302,-16.5535884448713,-3.43902907050791,-8.24962130233387,-43.1075327128272,8.978848907125535,-33.12868380570163,"Mason McCoy","22232",669200
"Brett Wisely ","ATL","2B",999,21,-0.318898658555455,-14.3516750460302,-16.7832715352903,-3.72689996433671,-8.24962130233387,-43.4303665065465,9.27394518882176,-33.15642131772477,"Brett Wisely","27735",689172
"Max Anderson ","DET","2B",999,7,0.0705417225014722,-14.5489973643573,-17.0129546257093,-3.72689996433671,-8.24962130233387,-43.4679315342357,9.27394518882176,-33.19398634541392,"Max Anderson","sa3022567",801194
"Josh Rojas ","KCR","2B/3B",999,14,-0.0321821802491394,-14.5489973643573,-17.0129546257093,-3.72689996433671,-8.24962130233387,-43.5706554369863,9.27394518882176,-33.29671024816453,"Josh Rojas","19734",668942
"Trei Cruz ","DET","SS",999,14,-0.0321821802491394,-14.5489973643573,-16.7832715352903,-3.72689996433671,-8.24962130233387,-43.3409723465673,8.978848907125535,-33.36212343944174,"Trei Cruz","sa3014420",669360
"César Prieto ","STL","2B/DH",999,14,-0.124178468026991,-14.5489973643573,-17.0129546257093,-3.72689996433671,-8.24962130233387,-43.6626517247641,9.27394518882176,-33.38870653594239,"Cesar Prieto","30163",693409
"Nick Madrigal ","LAA","2B/3B",999,14,-0.124178468026991,-14.5489973643573,-17.0129546257093,-3.72689996433671,-8.24962130233387,-43.6626517247641,9.27394518882176,-33.38870653594239,"Nick Madrigal","20521",663611
"Josh Kasevich ","TOR","SS",999,7,0.162538010279324,-14.5489973643573,-17.0129546257093,-3.72689996433671,-8.24962130233387,-43.3759352464578,8.978848907125535,-33.3970863393323,"Josh Kasevich","sa3020203",688460
"Jared Serna ","MIA","2B/SS",999,21,-0.318898658555455,-14.3516750460302,-16.7832715352903,-3.72689996433671,-8.24962130233387,-43.4303665065465,8.978848907125535,-33.451517599420995,"Jared Serna","sa3015579",691858
"Trey Sweeney ","DET","SS",999,14,-0.124178468026991,-14.5489973643573,-16.7832715352903,-3.72689996433671,-8.24962130233387,-43.4329686343451,8.978848907125535,-33.454119727219584,"Trey Sweeney","29575",700242
"Scott Kingery ","CHC","2B/SS/OF",999,14,-0.124178468026991,-14.5489973643573,-16.7832715352903,-3.72689996433671,-8.24962130233387,-43.4329686343451,8.978848907125535,-33.454119727219584,"Scott Kingery","17975",664068
"Shay Whitcomb ","HOU","2B/3B/OF/DH",999,7,-0.194719525859324,-14.5489973643573,-17.0129546257093,-3.72689996433671,-8.24962130233387,-43.7331927825965,9.27394518882176,-33.45924759377471,"Shay Whitcomb","27789",694376
"Cavan Biggio ","HOU","1B/2B/3B/OF/DH",999,7,-0.194719525859324,-14.5489973643573,-17.0129546257093,-3.72689996433671,-8.24962130233387,-43.7331927825965,9.27394518882176,-33.45924759377471,"Cavan Biggio","19252",624415
"Trey Lipscomb ","WSN","1B/3B/SS",999,7,0.0705417225014722,-14.5489973643573,-17.0129546257093,-3.72689996433671,-8.24962130233387,-43.4679315342357,8.978848907125535,-33.48908262711014,"Trey Lipscomb","31567",702358
"Paul DeJong ",,"3B",999,21,-0.318898658555455,-14.3516750460302,-16.7832715352903,-3.72689996433671,-7.86771543885973,-43.0484606430724,8.538446347189781,-33.5100142958826,"Paul DeJong","18015",657557
"Will Wagner ","SDP","3B",999,21,0.038358877583193,-14.3516750460302,-16.7832715352903,-3.72689996433671,-8.24962130233387,-43.0731089704079,8.538446347189781,-33.5346626232181,"Will Wagner","29634",695238
"Nick Sogard ","BOS","1B/2B/3B/SS/OF",999,14,-0.0321821802491394,-14.5489973643573,-17.0129546257093,-3.72689996433671,-8.24962130233387,-43.5706554369863,8.978848907125535,-33.591806529860754,"Nick Sogard","25483",686765
"Nicky Lopez ","TEX","2B/3B/SS/OF",999,7,0.162538010279324,-14.7463196826843,-17.0129546257093,-3.72689996433671,-8.24962130233387,-43.5732575647849,8.978848907125535,-33.59440865765935,"Nicky Lopez","19339",670032
"Alika Williams ","ATH","SS",999,14,-0.124178468026991,-14.5489973643573,-17.0129546257093,-3.72689996433671,-8.24962130233387,-43.6626517247641,8.978848907125535,-33.683802817638615,"Alika Williams","27604",675961
"Luis Vázquez ","BAL","1B/2B/3B/SS/DH",999,14,-0.124178468026991,-14.5489973643573,-17.0129546257093,-3.72689996433671,-8.24962130233387,-43.6626517247641,8.978848907125535,-33.683802817638615,"Luis Vazquez","23442",676679
"Miles Mastrobuoni ","SEA","3B/OF",999,14,-0.0321821802491394,-14.5489973643573,-17.0129546257093,-3.43902907050791,-8.24962130233387,-43.2827845431575,8.538446347189781,-33.7443381959677,"Miles Mastrobuoni","20017",670156
"Kahlil Watson ","CLE","SS/OF",999,7,-0.194719525859324,-14.5489973643573,-17.0129546257093,-3.72689996433671,-8.24962130233387,-43.7331927825965,8.978848907125535,-33.75434387547094,"Kahlil Watson","sa3017513",696135
"Ben Cowles ","CHC","2B/SS",999,7,-0.194719525859324,-14.5489973643573,-17.0129546257093,-3.72689996433671,-8.24962130233387,-43.7331927825965,8.978848907125535,-33.75434387547094,"Ben Cowles","sa3016976",701496
"Sergio Alcántara ",,"3B/SS",999,7,-0.194719525859324,-14.5489973643573,-17.0129546257093,-3.72689996433671,-8.24962130233387,-43.7331927825965,8.978848907125535,-33.75434387547094,"Sergio Alcantara","16417",642727
"Jonah Bride ","TEX","3B",999,14,-0.0321821802491394,-14.5489973643573,-16.7832715352903,-3.72689996433671,-8.24962130233387,-43.3409723465673,8.538446347189781,-33.802525999377494,"Jonah Bride","24703",681146
"Kevin Newman ","KCR","3B",999,7,0.162538010279324,-14.5489973643573,-17.0129546257093,-3.72689996433671,-8.24962130233387,-43.3759352464578,8.538446347189781,-33.83748889926805,"Kevin Newman","17696",621028
"Vimael Machín ","COL","3B",999,7,0.162538010279324,-14.5489973643573,-17.0129546257093,-3.72689996433671,-8.24962130233387,-43.3759352464578,8.538446347189781,-33.83748889926805,"Vimael Machin","17684",605353
"A.J. Vukovich ","ARI","3B/OF",999,14,-0.124178468026991,-14.5489973643573,-16.7832715352903,-3.72689996433671,-8.24962130233387,-43.4329686343451,8.538446347189781,-33.89452228715534,"A.J. Vukovich","sa3014525",691021
"Bryan Ramos ","BAL","3B",999,14,-0.124178468026991,-14.3516750460302,-17.0129546257093,-3.72689996433671,-8.24962130233387,-43.4653294064371,8.538446347189781,-33.9268830592473,"Bryan Ramos","25621",682868
"Ethan Murray ","MIL","2B/SS",999,14,-0.389439716387787,-14.5489973643573,-17.0129546257093,-3.72689996433671,-8.24962130233387,-43.9279129731249,8.978848907125535,-33.94906406599941,"Ethan Murray","sa3017051",696140
"Kris Bryant ","COL","DH",999,14,-0.0321821802491394,-14.5489973643573,-17.0129546257093,-3.72689996433671,-8.24962130233387,-43.5706554369863,8.538446347189781,-34.03220908979652,"Kris Bryant","15429",592178
"Jose Miranda ",,"3B",999,14,-0.124178468026991,-14.5489973643573,-17.0129546257093,-3.72689996433671,-8.24962130233387,-43.6626517247641,8.538446347189781,-34.12420537757436,"Jose Miranda","20538",669304
"Nacho Alvarez Jr. ","ATL","3B",999,7,-0.194719525859324,-14.5489973643573,-17.0129546257093,-3.72689996433671,-8.24962130233387,-43.7331927825965,8.538446347189781,-34.19474643540669,"Nacho Alvarez Jr.","31765",805373
"Anthony Seigler ","BOS","3B",999,7,-0.194719525859324,-14.5489973643573,-17.0129546257093,-3.72689996433671,-8.24962130233387,-43.7331927825965,8.538446347189781,-34.19474643540669,"Anthony Seigler","23802",678011
"Patrick Wisdom ","SEA","3B",999,7,-0.194719525859324,-14.5489973643573,-17.0129546257093,-3.72689996433671,-8.24962130233387,-43.7331927825965,8.538446347189781,-34.19474643540669,"Patrick Wisdom","13602",621550