Name,Team,POS,ADP,IP,mW,mSV,mERA,mWHIP,mSO,PTS,aPOS,Dollars,NameASCII,PlayerId,MLBAMID
"Tarik Skubal ","DET","SP",7.019999980926514,199.765,5.3555803495460035,-1.3993415316800395,10.385731010670334,11.384542498077753,6.68101584210523,32.40752816871928,8.602693719932358,42.010221888651635,"Tarik Skubal","22267",669373
"Paul Skenes ","PIT","SP",9.649999618530273,193.982,4.823921506204608,-1.3993415316800395,8.702091423209753,7.546284302427817,6.281105548397815,25.954061248559952,8.602693719932358,35.55675496849231,"Paul Skenes","33677",694973
"Garrett Crochet ","BOS","SP",12.239999771118164,192.855,4.942888625146079,-1.3993415316800395,7.519821790630162,7.7655201410078325,6.394532242018193,25.223421267122227,8.602693719932358,34.82611498705459,"Garrett Crochet","27463",676979
"Chris Sale ","ATL","SP",39.36000061035156,168.535,3.2795259423471776,-1.3993415316800395,4.924222936351996,6.05745647720796,4.199030043097596,17.06089386732469,8.602693719932358,26.663587587257048,"Chris Sale","10603",519242
"Cristopher Sánchez ","PHI","SP",24.75,198.055,4.8821743028143345,-1.3993415316800395,6.277120359482211,2.338203962538111,3.2537312057721834,15.351888298926802,8.602693719932358,24.95458201885916,"Cristopher Sanchez","20778",650911
"Zack Wheeler ","PHI","SP",110.48999786376953,154.827,2.237804643540355,-1.3993415316800395,4.453789098267303,5.738861950067862,2.348039484909024,13.379153645104505,8.602693719932358,22.981847365036863,"Zack Wheeler","10310",554430
"Jacob deGrom ","TEX","SP",50.0099983215332,174.797,2.8451438856033637,-1.3993415316800395,1.7742811545669843,5.8302332871217395,4.016854951546102,13.067171747158149,8.602693719932358,22.669865467090506,"Jacob deGrom","10954",594798
"Cole Ragans ","KCR","SP",48.15999984741211,172.018,3.219095260043586,-1.3993415316800395,3.8280546573991443,2.1202654994857166,4.535740727662178,12.303814612910585,8.602693719932358,21.906508332842943,"Cole Ragans","21846",666142
"Logan Gilbert ","SEA","SP",37.150001525878906,166.486,2.6576000150147574,-1.3993415316800395,2.8629811739772055,5.5580137747344525,2.61125102675574,12.290504458802117,8.602693719932358,21.893198178734476,"Logan Gilbert","22250",669302
"Bryan Woo ","SEA","SP",34.77000045776367,195.095,3.770455342283041,-1.3993415316800395,1.1454953650056197,4.902108953113769,3.5295157432669053,11.948233871989295,8.602693719932358,21.55092759192165,"Bryan Woo","30279",693433
"George Kirby ","SEA","SP",64.58000183105469,178.218,3.099843597761773,-1.3993415316800395,1.9017163607941017,4.9873995787985885,2.078880639289781,10.668498644964203,8.602693719932358,20.271192364896564,"George Kirby","25436",669923
"Logan Webb ","SFG","SP",57.189998626708984,199.392,3.9792162096271557,-1.3993415316800395,4.2960485591519975,0.5644448322618717,2.9945139400652767,10.434882009426262,8.602693719932358,20.03757572935862,"Logan Webb","17995",657277
"Max Fried ","NYY","SP",50.04999923706055,189.434,4.198301935320874,-1.3993415316800395,4.550196372588396,0.3445204730749444,2.4759141212661393,10.169591370570313,8.602693719932358,19.77228509050267,"Max Fried","13743",608331
"Dylan Cease ","TOR","SP",74.7699966430664,177.809,3.362879074823956,-1.3993415316800395,1.6202943426096017,0.6960453959386163,4.412697958734916,8.69257524042705,8.602693719932358,18.295268960359408,"Dylan Cease","18525",656302
"Jesús Luzardo ","PHI","SP",70.58999633789062,180.975,3.3347472232420077,-1.3993415316800395,1.3227002867383872,1.322365259044302,3.678854416956174,8.259325654300829,8.602693719932358,17.86201937423319,"Jesus Luzardo","19959",666200
"Mason Miller ","SDP","RP",27.860000610351562,66,-4.120028591499364,7.220158050073747,4.981881992453215,4.023837075083097,-2.5096371138477047,9.596211412262992,5.923586940896976,16.519798353159963,"Mason Miller","31757",695243
"Joe Ryan ","MIN","SP",78.52999877929688,172.8,2.199159141360767,-1.3993415316800395,-1.1629391260593758,3.930282036986936,3.121869391506529,6.689029912114816,8.602693719932358,16.291723632047173,"Joe Ryan","21390",657746
"Hunter Brown ","HOU","SP",36.189998626708984,184.176,3.3232859981554146,-1.3993415316800395,0.7533510298803389,-0.2925796271832227,3.848296295639533,6.233012164812024,8.602693719932358,15.835705884744383,"Hunter Brown","25880",686613
"Shane McClanahan ","TBR","SP",182.99000549316406,142.175,0.6767384531875688,-1.3993415316800395,2.8204216717731123,2.3660757077869063,1.0285553580373579,5.492449659104906,8.602693719932358,15.095143379037264,"Shane McClanahan","21483",663556
"Sonny Gray ","BOS","SP",138.08999633789062,181.357,2.9933792228637723,-1.3993415316800395,0.046747798343552936,0.5677269293499891,3.1410619948317837,5.349574413709059,8.602693719932358,14.952268133641416,"Sonny Gray","12768",543243
"Yoshinobu Yamamoto ","LAD","SP",26.639999389648438,154.428,2.476876151472476,-1.3993415316800395,2.1890177685794243,0.5876769100656789,1.3430242419290326,5.197253540366572,8.602693719932358,14.79994726029893,"Yoshinobu Yamamoto","33825",808967
"Nathan Eovaldi ","TEX","SP",132.50999450683594,174.547,2.5183625704945403,-1.3993415316800395,0.4874075208958563,1.0563478357637193,1.9367983860261229,4.5995747815002,8.602693719932358,14.202268501432558,"Nathan Eovaldi","9132",543135
"Framber Valdez ","DET","SP",81.13999938964844,190.384,3.3435563237341617,-1.3993415316800395,2.901689044009447,-2.705132480185815,2.246296479961629,4.387067835839383,8.602693719932358,13.989761555771741,"Framber Valdez","17295",664285
"Brandon Woodruff ","MIL","SP",143.82000732421875,167.715,1.51604465279603,-1.3993415316800395,-1.563783140182795,2.185045577814517,2.242255558302035,2.980221117049747,8.602693719932358,12.582914836982106,"Brandon Woodruff","16162",605540
"Edwin Díaz ","LAD","RP",33,66,-4.272999994580154,8.355737440379386,2.537122930038434,2.3343374026685,-3.4301610959693036,5.524036682536863,5.923586940896976,12.447623623433838,"Edwin Diaz","14710",621242
"Freddy Peralta ","NYM","SP",56.36000061035156,168.291,2.3804520915837344,-1.3993415316800395,-0.9610959504722134,-0.4116259672568454,2.8418390976783763,2.4502277398530126,8.602693719932358,12.05292145978537,"Freddy Peralta","18679",642547
"Shohei Ohtani ","LAD","SP",1.2699999809265137,116.914,0.3927705227102207,-1.3993415316800395,1.597316333373003,2.255679509220123,-0.40048692641168787,2.44593790721162,8.602693719932358,12.048631627143978,"Shohei Ohtani","19755",660271
"Tyler Glasnow ","LAD","SP",113.73999786376953,141.168,1.4794830918423847,-1.3993415316800395,0.7273919462050628,0.1528422428467775,1.4736093885988446,2.43398513781303,8.602693719932358,12.03667885774539,"Tyler Glasnow","14374",607192
"Nick Pivetta ","SDP","SP",96.01000213623047,174.053,1.9812106857162313,-1.3993415316800395,-2.7292156637153657,0.7783008071501489,3.275381825183473,1.9063361226544484,8.602693719932358,11.509029842586806,"Nick Pivetta","15454",601713
"Drew Rasmussen ","TBR","SP",132.36000061035156,171.003,2.01919315674721,-1.3993415316800395,-0.19875288714893627,-0.064637416911055,1.2248528877201366,1.5813142087273158,8.602693719932358,11.184007928659675,"Drew Rasmussen","25385",656876
"Cade Smith ","CLE","RP",39.90999984741211,70,-4.305678216422256,6.762927043347049,2.8667477236842824,2.31775707279519,-3.597124170889331,4.044629452514934,5.923586940896976,10.96821639341191,"Cade Smith","27867",671922
"Luis Castillo ","SEA","SP",171.0500030517578,181.473,2.5819196162931437,-1.3993415316800395,-1.7493406118153125,-0.11624041200078418,1.9331640916150854,1.2501611524120926,8.602693719932358,10.852854872344452,"Luis Castillo","15689",622491
"Jhoan Duran ","PHI","RP",41.84000015258789,70,-4.111504034347553,6.401123002873082,3.6984066309499575,1.6976156784580492,-3.9163508977990262,3.7692903801345086,5.923586940896976,10.692877321031483,"Jhoan Duran","21029",661395
"Spencer Strider ","ATL","SP",124.86000061035156,151.384,1.3472553499287225,-1.3993415316800395,-1.089104733072877,-0.2310103443764916,2.2548356521813133,0.8826343929806278,8.602693719932358,10.485328112912986,"Spencer Strider","27498",675911
"Kyle Bradish ","BAL","SP",72.95999908447266,154.145,1.7702710293660582,-1.3993415316800395,-0.1620159819877314,-0.7130952871025413,1.3431834451161233,0.8390016737118693,8.602693719932358,10.441695393644226,"Kyle Bradish","24586",680694
"Emmet Sheehan ","LAD","SP",111.20999908447266,157.144,1.8607278089173134,-1.3993415316800395,-2.1886378816087206,-0.1688568698395526,2.307022862522846,0.41091438831184607,8.602693719932358,10.013608108244203,"Emmet Sheehan","29839",686218
"Michael King ","SDP","SP",129.55999755859375,166.513,1.9519424673972925,-1.3993415316800395,-1.0082972678949023,-1.2984940101235887,2.03338503297125,0.279194690670012,8.602693719932358,9.881888410602372,"Michael King","19853",650633
"MacKenzie Gore ","TEX","SP",164.82000732421875,161.264,1.8318389817188323,-1.3993415316800395,-1.170775539943162,-1.7173100026923662,2.6510112622068522,0.19542316961011666,8.602693719932358,9.798116889542476,"MacKenzie Gore","22201",669022
"Aaron Nola ","PHI","SP",205.52999877929688,180.677,2.557197768234358,-1.3993415316800395,-2.944025283639309,-0.17971671677605558,2.155789975117111,0.18990421125606444,8.602693719932358,9.792597931188423,"Aaron Nola","16149",605400
"Blake Snell ","LAD","SP",178.41000366210938,126.988,0.7227721457819776,-1.3993415316800395,1.1470874809272242,-1.248209275590867,0.883183581595852,0.10549240103414742,8.602693719932358,9.708186120966506,"Blake Snell","13543",605483
"Kevin Gausman ","TOR","SP",112.94999694824219,185.401,2.8243053766561217,-1.3993415316800395,-3.0163027959896307,-1.1742678986888788,2.5874658677977886,-0.1781409819046393,8.602693719932358,9.42455273802772,"Kevin Gausman","14107",592332
"David Bednar ","NYY","RP",64.05999755859375,65,-4.549579960470729,7.5484265851676895,1.671010438081399,1.4920256128192584,-4.208974974952482,1.9529077006451347,5.923586940896976,8.876494641542111,"David Bednar","19569",670280
"Aroldis Chapman ","BOS","RP",64.55000305175781,62,-4.63994189224187,7.074018298086692,2.4640431117424604,0.629777664939981,-3.71733575957228,1.8105614229549831,5.923586940896976,8.734148363851958,"Aroldis Chapman","10233",547973
"Devin Williams ","NYM","RP",59.470001220703125,64,-4.544749272698281,7.450545573140019,2.1782345382294652,0.5559707684488864,-4.051481447565233,1.5885201595548573,5.923586940896976,8.512107100451832,"Devin Williams","15816",642207
"Andrés Muñoz ","SEA","RP",41.189998626708984,64,-4.536224489718422,6.313602650725485,2.842933720800153,0.8859877897221891,-4.094644777894537,1.4116548936348687,5.923586940896976,8.335241834531844,"Andres Munoz","20373",662253
"Carlos Rodón ","NYY","SP",202.3000030517578,161.648,1.6095329480621812,-1.3993415316800395,-2.4517218615277683,-1.2099490067221363,2.180505002371637,-1.2709744494961266,8.602693719932358,8.331719270436231,"Carlos Rodon","16137",607074
"Jack Flaherty ","DET","SP",209,163.146,1.5227698120622408,-1.3993415316800395,-1.8262371064112517,-1.9733278722695793,2.274273651501955,-1.4018630467966742,8.602693719932358,8.200830673135684,"Jack Flaherty","17479",656427
"Josh Hader ","HOU","RP",124.38999938964844,61,-4.768760082288465,6.576980682356329,1.436507673375679,1.6699629407495167,-3.9176331425765816,0.9970580716164769,5.923586940896976,7.920645012513453,"Josh Hader","14212",623352
"Eury Pérez ","MIA","SP",78.6500015258789,154.035,0.618581407670149,-1.3993415316800395,-2.703620411887333,-0.17177615061738305,1.9315882842727992,-1.7245684022418073,8.602693719932358,7.878125317690551,"Eury Perez","27768",691587
"Ranger Suarez ","BOS","SP",183.97999572753906,171.504,2.2654631595339225,-1.3993415316800395,-0.44563018403344257,-2.8734737679273135,0.7166529917668709,-1.7363293323400022,8.602693719932358,7.866364387592356,"Ranger Suarez","17277",624133
"Matthew Boyd ","CHC","SP",212.75999450683594,173.75,2.075172316570763,-1.3993415316800395,-2.3429085467163184,-1.2775235629925084,0.9102045199805955,-2.0343968048375083,8.602693719932358,7.568296915094851,"Matthew Boyd","15440",571510
"Nick Lodolo ","CIN","SP",127.94999694824219,157.14,1.0011512837301053,-1.3993415316800395,-3.015939022377862,-0.17322972585928362,1.2035936850618207,-2.3837653111252597,8.602693719932358,7.218928408807098,"Nick Lodolo","26378",666157
"Chase Burns ","CIN","SP",109.72000122070312,114.246,-1.053874918961249,-1.3993415316800395,-0.059998601933656776,0.9141266243611622,-0.8252653663624888,-2.424353794576272,8.602693719932358,7.178339925356085,"Chase Burns","35333",695505
"Joe Musgrove ","SDP","SP",385.6199951171875,149.573,0.733001253039274,-1.3993415316800395,-1.843956729934882,0.1227430693342602,-0.051561199861793576,-2.439115139103181,8.602693719932358,7.163578580829177,"Joe Musgrove","12970",605397
"Trey Yesavage ","TOR","SP",194.2899932861328,132.524,0.09279499688612666,-1.3993415316800395,-0.1928948005336272,-1.5570506667057336,0.3465147080784452,-2.7099772939548283,8.602693719932358,6.89271642597753,"Trey Yesavage","35456",702056
"Cody Ponce ","TOR","SP",250.02000427246094,154.812,0.9187457257422804,-1.3993415316800395,-1.8789770076313457,-1.2323739957677207,0.551125280613257,-3.0408215287235683,8.602693719932358,6.56187219120879,"Cody Ponce","17920",664074
"Gerrit Cole ","NYY","SP",232.89999389648438,134.18,-0.028256063281286378,-1.3993415316800395,-1.9121325275560233,0.33488330160315427,-0.3462462991665975,-3.3510931200807925,8.602693719932358,6.2516005998515665,"Gerrit Cole","13125",543037
"Sean Manaea ","NYM","SP",423.3599853515625,126.517,-0.48035071713342803,-1.3993415316800395,-0.9169438009026114,0.10073991721197716,-0.7261334964899886,-3.42202962899409,8.602693719932358,6.180664090938269,"Sean Manaea","15873",640455
"Ryan Walker ","SFG","RP",144.55999755859375,63,-4.7956602676972135,6.890799001313766,1.4680022810749596,0.5749426674126679,-4.940472551295974,-0.8023888691917942,5.923586940896976,6.121198071705181,"Ryan Walker","20423",676254
"Shota Imanaga ","CHC","SP",157.92999267578125,154.982,0.743231263608762,-1.3993415316800395,-3.687077874997273,0.9315885864543305,-0.12180529652513057,-3.5334048531393507,8.602693719932358,6.069288866793007,"Shota Imanaga","33829",684007
"Griffin Jax ","TBR","RP",149.2100067138672,68,-4.40797470886837,1.9242396418412608,2.9844247414131653,2.3115001473224437,-3.768806048555385,-0.9566162268468853,5.923586940896976,5.96697071405009,"Griffin Jax","20253",643377
"Shane Bieber ","TOR","SP",474.0400085449219,123.834,-0.5256265307991127,-1.3993415316800395,-0.2819037394657514,0.288706607960855,-1.8089418050906185,-3.727106999074667,8.602693719932358,5.875586720857691,"Shane Bieber","19427",669456
"David Peterson ","NYM","SP",452.0400085449219,169.662,2.5260353042497043,-1.3993415316800395,0.4680156066887888,-5.929248877467583,0.5102942262731783,-3.824245271935952,8.602693719932358,5.778448447996406,"David Peterson","20302",656849
"Ryan Pepiot ","TBR","SP",129.10000610351562,156.361,0.6737078407848639,-1.3993415316800395,-2.927019052864902,-1.7931109817561084,1.487186276955257,-3.958577448560929,8.602693719932358,5.64411627137143,"Ryan Pepiot","26221",686752
"Jeff Hoffman ","TOR","RP",99.63999938964844,63,-4.711928647412169,5.724682628183365,1.094518451900332,0.9324029920412491,-4.380257830617771,-1.3405824059049942,5.923586940896976,5.58300453499198,"Jeff Hoffman","17432",656546
"Nolan McLean ","NYM","SP",87.29000091552734,149.04,1.2352021825015012,-1.3993415316800395,-0.07646579934343609,-3.74156915519031,-0.07158429624581962,-4.053758599958104,8.602693719932358,5.548935119974255,"Nolan McLean","33703",690997
"Tanner Bibee ","CLE","SP",188.6300048828125,182.086,1.7708392127345536,-1.3993415316800395,-4.242394537594886,-2.4985453672613422,1.9621978855818345,-4.40724433821988,8.602693719932358,5.195449381712478,"Tanner Bibee","30134",676440
"Daniel Palencia ","CHC","RP",91.05999755859375,67,-4.644867427794433,7.378838969237825,0.3295936750834449,-0.6845221571827984,-4.492282116545497,-2.1132390572014597,5.923586940896976,4.810347883695515,"Daniel Palencia","27914",694037
"Yusei Kikuchi ","LAA","SP",506.57000732421875,177.726,1.5193598085390783,-1.3993415316800395,-4.183508895828002,-3.4250756614859936,2.621770605500189,-4.866795674954767,8.602693719932358,4.73589804497759,"Yusei Kikuchi","20633",579328
"Abner Uribe ","MIL","RP",167.27999877929688,72,-4.273189464312336,3.7763387742655734,2.2141797525629494,-0.706618187328058,-3.7101188864351835,-2.6994080112470544,5.923586940896976,4.224178929649922,"Abner Uribe","25327",682842
"Ryan Helsley ","BAL","RP",85.58999633789062,64,-4.681902550164507,5.625711622524785,0.7828062106551138,-0.08867607167593708,-4.42805934806652,-2.7901201367270634,5.923586940896976,4.133466804169911,"Ryan Helsley","18138",664854
"Grayson Rodriguez ","LAA","SP",397.1099853515625,119.685,-1.1903653911069128,-1.3993415316800395,-0.82657867047416,-1.011957864614268,-1.0888480443014037,-5.5170915021767835,8.602693719932358,4.085602217755574,"Grayson Rodriguez","24492",680570
"Edward Cabrera ","CHC","SP",174.72000122070312,142.261,0.4980985308712312,-1.3993415316800395,-2.166960813301109,-3.0511426785887026,0.5885988715618887,-5.53074762113673,8.602693719932358,4.071946098795626,"Edward Cabrera","21690",665795
"José Soriano ","LAA","SP",321.80999755859375,177.273,2.0933577976113753,-1.3993415316800395,0.19316339554935974,-8.03989107426331,1.4854249015668721,-5.667286511215742,8.602693719932358,3.935407208716617,"Jose Soriano","22100",667755
"Ryan Weathers ","NYY","SP",232.55999755859375,124.313,-0.5244897124060265,-1.3993415316800395,-0.9932316645939555,-1.6103185998886875,-1.324586389028074,-5.851967897596784,8.602693719932358,3.7507258223355744,"Ryan Weathers","23796",677960
"Reynaldo López ","ATL","SP",302.9100036621094,150.047,0.7858549526800082,-1.3993415316800395,-3.113390477929372,-2.862986810873681,0.6509679876459517,-5.9388958801571325,8.602693719932358,3.6637978397752256,"Reynaldo Lopez","16400",625643
"Reid Detmers ","LAA","SP",350.4599914550781,150.721,0.09165863014913629,-1.3993415316800395,-2.9319598967385136,-2.9853862987738773,1.1318680861288057,-6.093161010914487,8.602693719932358,3.509532709017871,"Reid Detmers","27468",672282
"Kris Bubic ","KCR","SP",190.69000244140625,149.332,0.7531767308379068,-1.3993415316800395,-1.8728362816091517,-3.5558288233122584,-0.06715195783325112,-6.1419818635967935,8.602693719932358,3.4607118563355637,"Kris Bubic","21455",663460
"Raisel Iglesias ","ATL","RP",100.62000274658203,66,-4.659927674480273,5.570909280534031,-0.03701815125972007,0.3611466569889209,-4.727628030486155,-3.4925179187031965,5.923586940896976,3.4310690221937783,"Raisel Iglesias","17130",628452
"Grant Taylor ","CHW","RP",506.67999267578125,93.7429,-3.1513360184758117,-0.07563462304281907,1.85677946172365,-0.07619161761269705,-2.2710412240177127,-3.717424021425391,5.923586940896976,3.206162919471584,"Grant Taylor","33927",691799
"Robbie Ray ","SFG","SP",166.44000244140625,179.798,1.677540613028631,-1.3993415316800395,-5.167544069334359,-4.58463208203735,2.9977770983841148,-6.476199971639002,8.602693719932358,3.126493748293356,"Robbie Ray","11486",592662
"Jared Jones ","PIT","SP",714.77001953125,106.921,-1.775066726337079,-1.3993415316800395,-0.8022407696547079,-0.6037363332060449,-1.9583803610342079,-6.538765721912079,8.602693719932358,3.063927998020279,"Jared Jones","27863",683003
"Casey Mize ","DET","SP",289.6499938964844,150.592,0.6295683938561696,-1.3993415316800395,-3.1623946312086986,-2.003282914907126,-0.6084002045538516,-6.543850888493547,8.602693719932358,3.0588428314388114,"Casey Mize","20492",663554
"Pete Fairbanks ","MIA","RP",111.45999908447266,62,-4.998169763019594,5.820655111286682,0.4376465369983189,-0.2619704223150813,-5.107967486544848,-4.1098060235945235,5.923586940896976,2.813780917302452,"Pete Fairbanks","17998",664126
"Merrill Kelly ","ARI","SP",284.17999267578125,172.667,1.9071399893199887,-1.3993415316800395,-4.250816491093063,-4.3749738587172455,1.0416546368324988,-7.076337255337862,8.602693719932358,2.526356464594497,"Merrill Kelly","11156",518876
"Braxton Garrett ","MIA","SP",604.1099853515625,116.888,-1.4658087644324502,-1.3993415316800395,-0.9883420666019892,-0.9027327317824834,-2.6547295241870232,-7.410954618683986,8.602693719932358,2.1917391012483725,"Braxton Garrett","21844",666129
"Max Scherzer ","TOR","SP",546.9299926757812,117.348,-1.333107235274311,-1.3993415316800395,-3.5004969649611297,0.4626490312488067,-1.6619217179445531,-7.432218418611227,8.602693719932358,2.1704753013211313,"Max Scherzer","3137",453286
"Garrett Cleavinger ","TBR","RP",505.4800109863281,65,-4.687775208549927,1.2398929130639733,1.775143205320354,0.893871729314935,-3.9767391003418058,-4.75560646119247,5.923586940896976,2.1679804797045055,"Garrett Cleavinger","17897",664076
"Hunter Greene ","CIN","SP",444.32000732421875,82.5557,-3.098103831026811,-1.3993415316800395,-1.034698874793804,0.8681739404729764,-2.8857232083251767,-7.549693505352855,8.602693719932358,2.053000214579503,"Hunter Greene","22182",668881
"Kodai Senga ","NYM","SP",223.52000427246094,137.378,0.2345897182206676,-1.3993415316800395,-1.754585554065385,-4.423439437725545,-0.29363319494877155,-7.636410000199073,8.602693719932358,1.9662837197332843,"Kodai Senga","31838",673540
"Gavin Williams ","CLE","SP",144.74000549316406,177.33,1.6507357270560936,-1.3993415316800395,-3.9995981627121227,-6.506419077084053,2.574387883696462,-7.680235160723659,8.602693719932358,1.9224585592086982,"Gavin Williams","30122",668909
"Foster Griffin ","WSN","SP",999,141.276,-0.319612184173455,-1.3993415316800395,-1.9083815848535477,-2.7039150176619677,-1.3997673055407798,-7.73101762390979,8.602693719932358,1.8716760960225685,"Foster Griffin","16432",656492
"Joey Cantillo ","CLE","SP",270.80999755859375,148.827,0.07583982705042773,-1.3993415316800395,-2.1615167130331128,-4.892637115898753,0.6331514271543413,-7.744504106407137,8.602693719932358,1.8581896135252207,"Joey Cantillo","23335",676282
"Ben Brown ","CHC","SP/RP",733.6500244140625,69.747,-4.2089698390212185,-1.3993415316800395,1.0544000120089476,1.030601227983824,-4.225562527401074,-7.748872658109562,8.602693719932358,1.8538210618227968,"Ben Brown","23590",676962
"Trevor Megill ","MIL","RP",137.6999969482422,66,-4.662295707390465,1.5335349090767212,1.0307118150104688,0.9856521517701895,-4.046889398949054,-5.159286230482139,5.923586940896976,1.7643007104148363,"Trevor Megill","17722",656730
"Will Warren ","NYY","SP",285.04998779296875,133.902,-0.1498753068171946,-1.3993415316800395,-2.512864666699722,-2.9958727825164355,-0.7854645695898247,-7.843418857303215,8.602693719932358,1.7592748626291426,"Will Warren","30182",701542
"Bryan Abreu ","HOU","RP",181.6999969482422,68,-4.398597650835768,0.05987158063008865,1.8123800526969334,0.887842436049468,-3.5881327399343443,-5.226636321393623,5.923586940896976,1.6969506195033528,"Bryan Abreu","16609",650556
"Spencer Schwellenbach ","ATL","SP",743.1900024414062,76.8974,-3.1590083005748797,-1.3993415316800395,0.21366186380390917,0.7666628569748146,-4.475036963671248,-8.053062075147443,8.602693719932358,1.5496316447849146,"Spencer Schwellenbach","31846",680885
"Justin Steele ","CHC","SP",605.5,82.9657,-2.8375312346549344,-1.3993415316800395,0.3245859213049914,0.05641160262736244,-4.235942676602689,-8.091817919005308,8.602693719932358,1.51087580092705,"Justin Steele","17312",657006
"Robert Garcia ","TEX","RP",232.1199951171875,64,-4.771506828834971,3.9282041130256844,0.605947727139752,-0.4687956766029378,-4.8143592903272445,-5.520509955599716,5.923586940896976,1.4030769852972584,"Robert Garcia","23363",676395
"Max Meyer ","MIA","SP",281.45001220703125,149.11,-0.0563879148632348,-1.3993415316800395,-3.047916908942803,-3.4146005103686288,-0.3368959005158782,-8.255142766370584,8.602693719932358,1.3475509535617733,"Max Meyer","27474",676974
"Zebby Matthews ","MIN","SP",488.6400146484375,105.339,-2.000214128492302,-1.3993415316800395,-1.9240920046352763,-0.14188100098318884,-2.8796821064965616,-8.345210772287368,8.602693719932358,1.2574829476449902,"Zebby Matthews","31827",805673
"Bailey Ober ","MIN","SP",494.3399963378906,159.594,0.5716949883669017,-1.3993415316800395,-6.465706784832202,-1.2100086286185907,0.14066194507111082,-8.36270001169282,8.602693719932358,1.239993708239539,"Bailey Ober","21224",641927
"Brandon Pfaadt ","ARI","SP",588.5999755859375,164.052,1.3707459834704032,-1.3993415316800395,-5.786884664058888,-2.6520548521649125,0.0017627415162269862,-8.465772322917209,8.602693719932358,1.1369213970151504,"Brandon Pfaadt","27782",694297
"Bryce Miller ","SEA","SP",341.6000061035156,143.442,0.1700860012453032,-1.3993415316800395,-4.148531735103638,-2.1367370395076626,-1.0001100130765417,-8.514634318122578,8.602693719932358,1.0880594018097802,"Bryce Miller","29837",682243
"Emilio Pagán ","CIN","RP",111.94000244140625,66,-4.901935172863033,5.842466944712867,-1.6983967583937927,-0.4743723517720626,-4.631951985209866,-5.8641893235258875,5.923586940896976,1.0593976173710875,"Emilio Pagan","14771",641941
"Jeremiah Estrada ","SDP","RP",623.5800170898438,70,-4.326895213177765,-1.3993415316800395,1.9449646223514232,1.1757489812721902,-3.3180637996627835,-5.923586940896976,5.923586940896976,1,"Jeremiah Estrada","22210",669093
"Cam Schlittler ","NYY","SP",116.62999725341797,126.418,-0.42351928225713176,-1.3993415316800395,-2.312186852117205,-3.040897357240972,-1.42674869663701,-8.602693719932358,8.602693719932358,1,"Cam Schlittler","32095",693645
"Steven Matz ","TBR","SP",712.989990234375,137.556,-0.5241107729416645,-1.3993415316800395,-2.908406624146153,-2.1711454036615723,-1.7260314217397061,-8.729035754169136,8.602693719932358,0.8736579657632227,"Steven Matz","13361",571927
"Zac Gallen ","ARI","SP",222.69000244140625,183.879,2.2768295368404012,-1.3993415316800395,-5.79150911090847,-5.938069503679002,2.0969567922393226,-8.755133817187787,8.602693719932358,0.8475599027445709,"Zac Gallen","19291",668678
"Ian Seymour ","TBR","SP",521.1400146484375,112.188,-2.1221174637124576,-1.3993415316800395,-2.1766817011966233,-0.7476314314645164,-2.3754764866831053,-8.821248614736742,8.602693719932358,0.7814451051956159,"Ian Seymour","27932",693855
"Jacob Misiorowski ","MIL","SP",114.13999938964844,142.852,-0.02153090401507548,-1.3993415316800395,-3.360760299577832,-4.92388382404138,0.8777351820784121,-8.827781377235913,8.602693719932358,0.7749123426964445,"Jacob Misiorowski","31623",694819
"Sandy Alcantara ","MIA","SP",144.57000732421875,186.581,1.537830736232225,-1.3993415316800395,-4.966332897256857,-5.0618771222021515,1.0582746383383321,-8.831446176568491,8.602693719932358,0.7712475433638677,"Sandy Alcantara","18684",645261
"Michael Soroka ","ARI","SP",710.3599853515625,102.289,-2.357778968121416,-0.06391082108019676,-2.016092079070697,-1.9662943636663186,-2.545290515491702,-8.949366747430329,8.602693719932358,0.6533269725020285,"Michael Soroka","18383",647336
"Mike Burrows ","HOU","SP",237.9499969482422,146.237,0.48455336455869497,-1.3993415316800395,-4.589473852049004,-3.444186874261063,-0.041320480203013106,-8.989769373634424,8.602693719932358,0.6129243462979346,"Mike Burrows","24728",681347
"Cade Cavalli ","WSN","SP",305.2200012207031,155.867,0.2657521822053208,-1.3993415316800395,-2.5882651798161693,-4.788447890792069,-0.7677940298558008,-9.278096449938758,8.602693719932358,0.3245972699936004,"Cade Cavalli","27473",676917
"Zach Eflin ","BAL","SP",395.20001220703125,155.909,0.8065037660670217,-1.3993415316800395,-5.561816569779266,-1.881437155879544,-1.3332786802366163,-9.369370171508445,8.602693719932358,0.23332354842391356,"Zach Eflin","13774",621107
"Matt Brash ","SEA","RP",733.280029296875,63,-4.642878334348604,-0.5205964409650933,2.352917697458646,0.5153568758859436,-4.4696605604995625,-6.764860762468672,5.923586940896976,0.15872617842830417,"Matt Brash","25756",666374
"Clay Holmes ","NYM","SP",330.6300048828125,153.997,1.3542641492230851,-1.3993415316800395,-1.5990077085330883,-7.038989348305493,-0.9184357359999189,-9.601510175295456,8.602693719932358,0.0011835446369033997,"Clay Holmes","13649",605280
"Shane Baz ","BAL","SP",186.92999267578125,158.884,1.0452907306587993,-1.3993415316800395,-5.472054778481515,-4.758849791581235,0.9039976237501374,-9.680957747333855,8.602693719932358,-0.07826402740149518,"Shane Baz","22264",669358
"José A. Ferrer ","SEA","RP",999,70,-4.3197913402752395,-0.5205964409650933,2.3769628727967023,0.36560300936407436,-4.976371855951879,-7.074193755031435,5.923586940896976,-0.15060681413445987,"Jose A. Ferrer","24017",678606
"Taj Bradley ","MIN","SP",492.4599914550781,145.429,0.07053557786155058,-1.3993415316800395,-4.473266972019436,-3.942630877958403,-0.019310893095989635,-9.764014696892318,8.602693719932358,-0.16132097695996017,"Taj Bradley","22543",671737
"Tyler Mahle ","SFG","SP",322.7200012207031,147.981,0.07631406595100002,-1.3993415316800395,-4.004891046915319,-3.4224105996328196,-1.0740482321002054,-9.824377344377385,8.602693719932358,-0.22168362444502643,"Tyler Mahle","16358",641816
"Robert Suarez ","ATL","RP",214.39999389648438,67,-4.540392146342262,0.8922663303012186,0.711849920791094,0.3021705928829419,-4.594078865243949,-7.228184167610956,5.923586940896976,-0.3045972267139807,"Robert Suarez","30115",663158
"Kenley Jansen ","DET","RP",133.02000427246094,60,-5.178136199289247,4.750238202816741,-1.2514847294457951,-0.42603127763870247,-5.3000973404381835,-7.405511343995187,5.923586940896976,-0.4819244030982117,"Kenley Jansen","3096",445276
"Chris Bassitt ","BAL","SP",359.3599853515625,179.374,1.974390678669906,-1.3993415316800395,-6.233461616356788,-5.756853368534767,1.3211535773483238,-10.094112260553366,8.602693719932358,-0.4914185406210074,"Chris Bassitt","12304",605135
"Will Vest ","DET","RP",485.7300109863281,68,-4.520595833836039,-0.08163283823238521,1.7354812333014475,0.21502503142431828,-4.839818617832245,-7.491541025174903,5.923586940896976,-0.5679540842779274,"Will Vest","19769",676684
"Logan Henderson ","MIL","SP",413.3999938964844,98.0805,-2.7076715256514623,-1.3993415316800395,-2.6535340804123986,-0.3856019730797514,-3.038252029954491,-10.184401140778142,8.602693719932358,-0.5817074208457846,"Logan Henderson","31475",701656
"Braxton Ashcraft ","PIT","SP",239.36000061035156,145.481,0.013609746861235651,-1.3993415316800395,-3.18314445154984,-4.420634932804918,-1.2530199932821497,-10.24253116245571,8.602693719932358,-0.6398374425233535,"Braxton Ashcraft","23793",677952
"Parker Messick ","CLE","SP",294.17999267578125,138.391,-0.4276867130529227,-1.3993415316800395,-3.064491369847983,-4.077608140876781,-1.2834501107433185,-10.252577866201044,8.602693719932358,-0.649884146268686,"Parker Messick","31986",800048
"Seranthony Domínguez ","CHW","RP",194.19000244140625,63,-5.03274223052741,3.9838239502396213,-0.4810395973689813,-1.4333006781662296,-4.732027412824963,-7.695285968647962,5.923586940896976,-0.7716990277509872,"Seranthony Dominguez","19249",622554
"Brady Singer ","CIN","SP",388.25,178.185,1.4877240089660444,-1.3993415316800395,-6.890110235178226,-5.199894285834367,1.594366527056665,-10.407255516669924,8.602693719932358,-0.8045617967375658,"Brady Singer","25377",663903
"Garrett Whitlock ","BOS","RP",624.97998046875,70,-4.432128147730612,-0.511053796343333,0.9063979224520312,0.6246760527609589,-4.326780770250893,-7.738888739111848,5.923586940896976,-0.8153017982148729,"Garrett Whitlock","20191",676477
"Connelly Early ","BOS","SP",266.4800109863281,76.6379,-3.540726353238189,-1.3993415316800395,0.18532471751015378,-1.3629299622240343,-4.345375094083257,-10.463048223715367,8.602693719932358,-0.8603545037830085,"Connelly Early","33666",813349
"Dennis Santana ","PIT","RP",150.50999450683594,68,-4.815361958251369,5.426405559063601,-1.3038441571086157,-1.9882576944876016,-5.234970815013381,-7.916029065797366,5.923586940896976,-0.9924421249003905,"Dennis Santana","17878",642701
"Brad Lord ","WSN","SP/RP",999,92.3592,-3.4941244772752853,0.17411107770104914,-1.0551271597329537,-2.040214920874813,-4.243551980525798,-10.6589074607078,8.602693719932358,-1.0562137407754415,"Brad Lord","31972",695418
"Louis Varland ","TOR","RP",999,67,-4.51860674039021,-0.8368683506667295,1.23032139451786,0.926983959770368,-4.897774662131476,-8.095944398900187,5.923586940896976,-1.1723574580032112,"Louis Varland","27691",686973
"Fernando Cruz ","NYY","RP",999,61,-4.77851607978543,-1.1010644300580799,1.3911108380942654,0.44375102783169557,-4.094485067690927,-8.139203711608475,5.923586940896976,-1.2156167707115002,"Fernando Cruz","7048",518585
"Mitch Keller ","PIT","SP",518.6300048828125,179.816,1.431839696922605,-1.3993415316800395,-6.764236470820495,-4.971180590123246,0.8706308666086212,-10.832288029092554,8.602693719932358,-1.2295943091601953,"Mitch Keller","17594",656605
"Ryne Nelson ","ARI","SP",251.42999267578125,163.823,1.2441061307737697,-1.3993415316800395,-5.852308142485827,-4.513200982727753,-0.404733696778157,-10.925478222898006,8.602693719932358,-1.3227845029656478,"Ryne Nelson","26253",669194
"Dustin May ","STL","SP",414.6700134277344,161.221,0.4307529937411993,-1.3993415316800395,-4.889529074832769,-5.541904480788044,0.37917062805976676,-11.020851465499884,8.602693719932358,-1.4181577455675263,"Dustin May","19716",669160
"Trevor Rogers ","BAL","SP",146.07000732421875,158.822,1.1563014758169536,-1.3993415316800395,-4.643840950485723,-5.670581084613033,-0.4801868811617788,-11.037648972123622,8.602693719932358,-1.434955252191263,"Trevor Rogers","22286",669432
"Adrian Morejon ","SDP","RP",735.8499755859375,68,-4.5191751495867525,-0.5178699617868202,1.3257774401594002,0.07534767209402986,-4.80499570924702,-8.440915708367163,5.923586940896976,-1.5173287674701879,"Adrian Morejon","20039",670970
"Chris Martin ","TEX","RP",638.3599853515625,55,-5.190165607744335,0.6967777147150849,0.8037024478995833,0.9847811140260264,-5.74447982761973,-8.449384158723369,5.923586940896976,-1.5257972178263937,"Chris Martin","11847",455119
"Gabe Speier ","SEA","RP",999,58,-4.957156453757863,-1.3993415316800395,1.616252410451314,1.338142348758334,-5.050536204343193,-8.452639430571448,5.923586940896976,-1.529052489674473,"Gabe Speier","17170",642100
"José Alvarado ","PHI","RP",746.0700073242188,64,-4.643541365497214,-0.5432262246451992,1.6096897826217293,-0.3396932172240087,-4.547812593815934,-8.464583618560628,5.923586940896976,-1.5409966776636526,"Jose Alvarado","17780",621237
"Ben Joyce ","LAA","RP",738.6500244140625,48,-5.621421752649234,2.579413439937812,0.7542537545458828,-0.6409599874321029,-5.572286370285602,-8.501000915883246,5.923586940896976,-1.5774139749862695,"Ben Joyce","31461",690829
"Kumar Rocker ","TEX","SP",720.72998046875,137.846,-0.29356427381745004,-1.3993415316800395,-4.242053467402611,-3.873201603384609,-1.4197904019248058,-11.227951278209517,8.602693719932358,-1.6252575582771578,"Kumar Rocker","31843",677958
"Edwin Uceta ","TBR","RP",572.6900024414062,56,-5.275791699523141,1.2398929130639733,0.21450950473244865,0.3980362256938757,-5.148824398727417,-8.57217745476026,5.923586940896976,-1.6485905138632848,"Edwin Uceta","20539",670955
"Grant Holmes ","ATL","SP",369.45001220703125,147.187,0.41029387591441485,-1.3993415316800395,-4.736383528147823,-5.68363891356451,0.03929717444718638,-11.369772923030771,8.602693719932358,-1.7670792030984135,"Grant Holmes","16944",656550
"J.T. Ginn ","ATH","SP",748.3499755859375,86.4178,-3.108617481624451,-1.3993415316800395,-0.9630736551046747,-1.8353662518217613,-4.114548218379986,-11.420947138610915,8.602693719932358,-1.8182534186785557,"J.T. Ginn","27889",669372
"José Berríos ","TOR","SP",715.6500244140625,119.073,-1.6290097264266323,-1.3993415316800395,-3.6155735712955375,-2.3566959316362954,-2.448736824620335,-11.44935758565884,8.602693719932358,-1.8466638657264816,"Jose Berrios","14168",621244
"Roki Sasaki ","LAD","SP",289.7200012207031,119.392,-0.8742874221559583,-1.3993415316800395,-3.4482691038030726,-3.898463551072416,-1.902717552452209,-11.523079161163697,8.602693719932358,-1.9203854412313381,"Roki Sasaki","35323",808963
"Patrick Sandoval ","BOS","SP",999,85.726,-3.1887498544821993,-1.3993415316800395,-0.4698022831522191,-2.5089710122464046,-3.9867004538983983,-11.55356513545926,8.602693719932358,-1.9508714155269042,"Patrick Sandoval","19447",663776
"Kyle Harrison ","MIL","SP",446.55999755859375,111.274,-1.9229231241331255,-1.3993415316800395,-3.326971861992663,-2.9498138095501307,-1.9908507129694302,-11.589901040325387,8.602693719932358,-1.9872073203930292,"Kyle Harrison","27758",690986
"Michael McGreevy ","STL","SP",715.3800048828125,137.373,-0.547506558703231,-1.3993415316800395,-2.821755399158988,-3.6198347764815004,-3.2760306091552147,-11.664468875178974,8.602693719932358,-2.0617751552466164,"Michael McGreevy","29869",700241
"Justin Verlander ","DET","SP",658.8499755859375,143.292,-0.22100933527865543,-1.3993415316800395,-5.5895794894845645,-3.063655002260161,-1.5016507540640471,-11.775236112767471,8.602693719932358,-2.1725423928351115,"Justin Verlander","8700",434378
"Landen Roupp ","SFG","SP",690.0999755859375,131.902,-0.6350271219757998,-1.3993415316800395,-3.0174932460640593,-5.380419317954095,-1.352710088342506,-11.784991306016497,8.602693719932358,-2.18229758608414,"Landen Roupp","30076",694738
"Tanner Scott ","LAD","RP",712.8099975585938,63,-4.622797930158134,-0.36655020488168494,0.9161776267794015,-0.4796734990165666,-4.587433399724213,-9.140277407001197,5.923586940896976,-2.216690466104221,"Tanner Scott","17586",656945
"Carlos Estévez ","KCR","RP",120.08999633789062,62,-5.125472421036789,6.172098491880576,-2.5003713363176256,-2.078978769046056,-5.610804161755933,-9.143528196275827,5.923586940896976,-2.2199412553788522,"Carlos Estevez","14542",608032
"Drew Anderson ","DET","RP",999,85.702,-3.5913064160927517,-1.3993415316800395,-0.09040543812438609,-0.9319451593148854,-3.2426364731216517,-9.255635018333713,5.923586940896976,-2.3320480774367387,"Drew Anderson","15130",623454
"Tobias Myers ","NYM","SP/RP",999,75.5479,-4.11860768142203,-1.3993415316800395,-1.121180284848374,-0.27839599330733694,-5.038700410714389,-11.95622590197217,8.602693719932358,-2.3535321820398107,"Tobias Myers","22191",668964
"Riley O'Brien ","STL","RP",264.0400085449219,63,-4.916806175644742,2.08646538046388,0.5609486515332578,-1.8037401864729385,-5.2183500529827676,-9.29148238310331,5.923586940896976,-2.367895442206334,"Riley O'Brien","20348",676617
"Joe Boyle ","TBR","SP",713.1400146484375,90.9629,-3.011435542806985,-1.3993415316800395,-1.1646965368821622,-3.7778615208843043,-2.6753443088491853,-12.028679441102675,8.602693719932358,-2.425985721170318,"Joe Boyle","29608",671212
"Hunter Harvey ","CHC","RP",748.530029296875,52,-5.300797413438127,-0.4358028930177259,1.0471977628846196,0.9246219062714499,-5.5946554321048785,-9.35943606940466,5.923586940896976,-2.435849128507686,"Hunter Harvey","15507",640451
"Clayton Beeter ","WSN","RP",307.1400146484375,63,-5.023459794446875,2.7969865173666406,-0.296274962328255,-2.093473983485291,-4.786713707590604,-9.402935930484384,5.923586940896976,-2.479348989587408,"Clayton Beeter","27494",690925
"Luke Weaver ","NYM","RP",733.510009765625,67,-4.616167392843989,-0.42789608389941663,0.02965831616509964,0.32351514723756253,-4.723155637768555,-9.4140456511093,5.923586940896976,-2.4904587102123235,"Luke Weaver","16918",596133
"Taylor Rogers ","MIN","RP",415.510009765625,61,-5.080859638519715,3.8627680927120003,-0.84131243097101,-2.122473960349467,-5.236864775221588,-9.418742712349779,5.923586940896976,-2.4951557714528034,"Taylor Rogers","13449",573124
"Jacob Lopez ","ATH","SP",409.239990234375,124.034,-0.7835465509204558,-1.3993415316800395,-4.69193475077061,-4.0647899809516685,-1.2137181007645725,-12.153330915087345,8.602693719932358,-2.5506371951549878,"Jacob Lopez","25098",682052
"Chad Patrick ","MIL","SP",288.6499938964844,147.977,-0.2516036158948135,-1.3993415316800395,-6.59400512469603,-3.343082794389629,-0.5932221580291832,-12.181255224689695,8.602693719932358,-2.578561504757338,"Chad Patrick","30113",694477
"Andrew Abbott ","CIN","SP",221.92999267578125,170.317,0.8272474272341495,-1.3993415316800395,-8.260021486237946,-4.358480397620555,0.9974012209864902,-12.193194767317902,8.602693719932358,-2.590501047385543,"Andrew Abbott","29911",671096
"Dylan Lee ","ATL","RP",999,65,-4.663716617467799,-1.112788297025093,0.40857158914833674,0.45492133984598093,-4.718869320113573,-9.631881305612145,5.923586940896976,-2.7082943647151705,"Dylan Lee","19996",669276
"A.J. Minter ","NYM","RP",999,52,-5.243965978561831,-0.7518021092984609,1.18616110786296,0.5742954638947319,-5.5113665609222355,-9.746678077024836,5.923586940896976,-2.823091136127861,"A.J. Minter","18655",621345
"Cade Horton ","CHC","SP",177.7100067138672,134.044,-0.4763725302417702,-1.3993415316800395,-4.911510818431043,-4.0315434986674665,-1.6652381129979288,-12.484006492018247,8.602693719932358,-2.881312772085889,"Cade Horton","31872",690990
"JoJo Romero ","STL","RP",479.0799865722656,64,-4.878066051513086,1.9839498153643238,0.46875844543051787,-1.955059740915562,-5.4269145938440975,-9.807332125477902,5.923586940896976,-2.8837451845809277,"JoJo Romero","19574",668941
"Yimi García ","TOR","RP",999,56,-5.132576293939315,-0.2743951696534193,0.44771378033833426,0.35632622498255284,-5.282313736020335,-9.885245194292182,5.923586940896976,-2.9616582533952065,"Yimi Garcia","12095",554340
"Bubba Chandler ","PIT","SP",150.00999450683594,162.414,0.5016973266424312,-1.3993415316800395,-5.630856057623779,-6.435646354733829,0.39454235489484474,-12.569604262500372,8.602693719932358,-2.966910542568014,"Bubba Chandler","29868",696149
"Matt Strahm ","KCR","RP",720.1400146484375,66,-4.707097959639721,-0.8243265334457949,-0.22209824125186498,0.5224759092061466,-4.665478959571511,-9.896525784702746,5.923586940896976,-2.9729388438057702,"Matt Strahm","13799",621381
"Shane Smith ","CHW","SP",245.5399932861328,168.339,0.5845771235308282,-1.3993415316800395,-6.497679630233359,-6.056799937795852,0.7884516010786791,-12.580792375099742,8.602693719932358,-2.9780986551673854,"Shane Smith","31687",681343
"Eduardo Rodriguez ","ARI","SP",738.219970703125,133.511,-0.3821268077029905,-1.3993415316800395,-4.494331941029216,-4.830139053104074,-1.5758617479751464,-12.681801081491466,8.602693719932358,-3.0791073615591085,"Eduardo Rodriguez","13164",593958
"Bryan Baker ","TBR","RP",999,63,-4.952799327401842,-0.5195058622946623,0.18601313624990806,-0.017252263437294364,-4.7599787265228,-10.063523043406692,5.923586940896976,-3.139936102509715,"Bryan Baker","19804",641329
"Camilo Doval ","NYY","RP",663.6500244140625,64,-4.689574832263575,-0.80278732843612,1.0633712511145674,-1.190121879819234,-4.570347450037054,-10.189460239441413,5.923586940896976,-3.265873298544438,"Camilo Doval","21992",666808
"Alex Vesia ","LAD","RP",743.4199829101562,61,-4.791682080805556,-1.0549868799417512,0.0397928038207779,0.03193606961186243,-4.46248982586573,-10.237429913180398,5.923586940896976,-3.313842972283423,"Alex Vesia","25007",681911
"Carmen Mlodzinski ","PIT","SP",745.6199951171875,108.564,-2.2896755520626604,-1.3993415316800395,-2.193129400535295,-3.9335999911454484,-3.1358623432522807,-12.951608818675723,8.602693719932358,-3.3489150987433645,"Carmen Mlodzinski","27572",669387
"Robert Gasser ","MIL","SP",748.5800170898438,80.0967,-3.780176348978577,-1.3993415316800395,-1.9865910460689649,-1.195223680827677,-4.6608666302945565,-13.022199237849817,8.602693719932358,-3.4195055179174574,"Robert Gasser","29812",688107
"Jared Koenig ","MIL","RP",748.489990234375,65,-4.75928817647575,-1.1405984106452352,0.7530998182211264,-0.4037873216112047,-4.928350800350231,-10.478924890861295,5.923586940896976,-3.5553379499643194,"Jared Koenig","27517",657649
"David Festa ","MIN","SP",999,57.1723,-4.854007234602911,-1.3993415316800395,-0.7307966370641426,-0.6627018826476127,-5.544022734411818,-13.190870020406521,8.602693719932358,-3.5881763004741627,"David Festa","30056",701581
"Johan Oviedo ","BOS","SP",536.780029296875,102.22,-2.600733363508985,-1.3993415316800395,-2.888305389743219,-3.6416731844048122,-2.750306194225512,-13.280359663562566,8.602693719932358,-3.677665943630207,"Johan Oviedo","22487",670912
"Noah Cameron ","KCR","SP",298,148.366,0.26859400235998837,-1.3993415316800395,-5.21228928156638,-5.590514192423464,-1.3536541531016233,-13.287205156411519,8.602693719932358,-3.684511436479162,"Noah Cameron","30184",702070
"Matthew Liberatore ","STL","SP",410.2300109863281,157.409,0.2781600784686752,-1.3993415316800395,-5.762465764151931,-5.634095619116421,-0.8456930619289936,-13.363435898408708,8.602693719932358,-3.7607421784763497,"Matthew Liberatore","22294",669461
"Jameson Taillon ","CHC","SP",504.4700012207031,147.036,-0.1389831684112885,-1.3993415316800395,-7.047072396522204,-2.971122355743888,-1.854670131991553,-13.411189584348973,8.602693719932358,-3.8084958644166154,"Jameson Taillon","11674",592791
"Robby Snelling ","MIA","SP",999,101.574,-2.4832815507688677,-1.3993415316800395,-1.9695434143233295,-3.708228071074865,-3.874703039846199,-13.435097607693303,8.602693719932358,-3.832403887760943,"Robby Snelling","31893",702281
"Eric Lauer ","LAD","SP/RP",720.5399780273438,65.6763,-4.654244485827035,-1.3993415316800395,-1.4457749370093638,-0.6283382142384057,-5.310072383440801,-13.437771552195647,8.602693719932358,-3.8350778322632886,"Eric Lauer","19316",641778
"A.J. Puk ","ARI","RP",748.5,42,-5.807923878452917,0.4494857997285886,0.5747612498062111,0.25151624584392257,-6.27659696033425,-10.808757543408444,5.923586940896976,-3.8851706025114687,"A.J. Puk","19343",640462
"Caleb Thielbar ","CHC","RP",999,66,-4.7153384251072845,-1.0781619854592683,0.06727580455942693,-0.27955653887834675,-4.852817507356544,-10.858598652242017,5.923586940896976,-3.935011711345041,"Caleb Thielbar","10078",573204
"Eduard Bazardo ","SEA","RP",999,68,-4.653581454678425,-1.106517388414626,-0.05866534178702429,-0.23595371313840915,-4.827909813824648,-10.882627711843133,5.923586940896976,-3.9590407709461584,"Eduard Bazardo","20997",660825
"Slade Cecconi ","CLE","SP",584.5599975585938,157.398,-0.04767366215119497,-1.3993415316800395,-7.498114905546994,-3.9756626156106383,-0.6921278985340322,-13.6129206135229,8.602693719932358,-4.010226893590543,"Slade Cecconi","27500",677944
"Jason Adam ","SDP","RP",999,61,-4.970701168414303,-1.105426809744195,0.1781756721330282,-0.040294354794790835,-5.013175171061867,-10.951421831882127,5.923586940896976,-4.027834890985153,"Jason Adam","11861",592094
"Luis Gil ","NYY","SP",376.5,92.4703,-2.9955227952403543,-1.3993415316800395,-2.943789821386069,-3.30679635313146,-3.0849502794570314,-13.730400780894952,8.602693719932358,-4.127707060962594,"Luis Gil","21052",661563
"Nick Martinez ","TBR","SP",738.3400268554688,144.26,-0.7983229317500969,-1.3993415316800395,-5.756056454467419,-3.8681119941098454,-1.9153503760495045,-13.737183288056904,8.602693719932358,-4.134489568124547,"Nick Martinez","12730",607259
"Andrew Nardi ","MIA","RP",999,60,-5.077165543312304,-1.3993415316800395,0.4738521218666382,-0.3531296173402882,-4.729176458936394,-11.084961029402388,5.923586940896976,-4.161374088505412,"Andrew Nardi","25942",677053
"Michael Wacha ","KCR","SP",609.2899780273438,170.047,1.0957759457332468,-1.3993415316800395,-7.901804231084211,-5.193884243665812,-0.47275706108653526,-13.87201112178335,8.602693719932358,-4.269317401850992,"Michael Wacha","14078",608379
"Lucas Erceg ","KCR","RP",490.70001220703125,64,-4.796228676893756,-0.24931153521155025,0.18402425739996517,-1.1945697513563716,-5.166474657800665,-11.222560363862378,5.923586940896976,-4.298973422965403,"Lucas Erceg","19360",668674
"Gregory Soto ","PIT","RP",728.4099731445312,64,-4.838946987917069,-0.8142385669866233,0.46791294704975656,-1.2214533357526218,-4.8605064128732005,-11.267232356479758,5.923586940896976,-4.343645415582781,"Gregory Soto","19677",642397
"Tatsuya Imai ","HOU","SP",999,152.928,0.3211631586603791,-1.3993415316800395,-5.888104785536034,-7.185261670182468,0.19320102487710486,-13.958343803861055,8.602693719932358,-4.355650083928697,"Tatsuya Imai","37124",837227
"Bryan King ","HOU","RP",748.469970703125,67,-4.662106237658284,-1.107607967085057,-0.07883544272199262,-0.43283537646448844,-5.0222193317348705,-11.303604355664692,5.923586940896976,-4.380017414767717,"Bryan King","25890",687911
"Quinn Priester ","MIL","SP",592.1400146484375,117.271,-1.503127752658723,-1.3993415316800395,-3.132269385243368,-4.828732493090166,-3.135456730036763,-13.99892789270906,8.602693719932358,-4.396234172776702,"Quinn Priester","25977",682990
"Dean Kremer ","BAL","SP",999,114.886,-1.8046190363402652,-1.3993415316800395,-4.825700122542209,-3.2059613402780154,-2.8115781265615993,-14.047200157402127,8.602693719932358,-4.4445064374697685,"Dean Kremer","19350",665152
"Shawn Armstrong ","CLE","RP",748.469970703125,68,-4.806837175271511,-0.5034196156415336,-0.8466589548996051,-0.5392552257753221,-4.930198368546914,-11.626369340134886,5.923586940896976,-4.702782399237909,"Shawn Armstrong","12857",542888
"Jordan Romano ","COL","RP",688.9600219726562,60,-5.25050166809586,1.2529798571091453,-1.247129671119628,-1.2251829605565685,-5.216436319130304,-11.686270761793217,5.923586940896976,-4.762683820896241,"Jordan Romano","16122",605447
"Tyler Holton ","DET","RP",999,72,-4.516807116676562,-1.1356907416239046,-0.056018010825952244,-0.6693843375674368,-5.308596965369355,-11.68649717206321,5.923586940896976,-4.762910231166234,"Tyler Holton","26231",663947
"Cole Sands ","MIN","RP",735.4400024414062,68,-4.740438986802384,-0.36409641912431295,-0.8831330628247509,-0.7245590178086071,-4.975839995623031,-11.688067482183087,5.923586940896976,-4.76448054128611,"Cole Sands","21461",663485
"Zack Littell ","WSN","SP",709.4099731445312,151.675,-0.6169355854031104,-1.3993415316800395,-7.558016583361238,-2.833271951071247,-1.9868102983263556,-14.39437594984199,8.602693719932358,-4.791682229909631,"Zack Littell","15823",641793
"Paul Sewald ","ARI","RP",389.9100036621094,62,-5.097435417234955,2.606678101711761,-2.5059091034898633,-1.3554702488207757,-5.3856125211574986,-11.73774918899133,5.923586940896976,-4.814162248094355,"Paul Sewald","13892",623149
"Drew Pomeranz ",,"RP",735.6199951171875,56,-5.328929039192027,-0.5467706540773933,-0.11238093589676366,-0.38128145041275213,-5.411855696201487,-11.781217775780423,5.923586940896976,-4.857630834883447,"Drew Pomeranz","11426",519141
"Griffin Canning ","SDP","SP",999,110.548,-1.9663046921330958,-1.3993415316800395,-3.9420616442612983,-4.2303324839933785,-2.9628312946281103,-14.500871646695922,8.602693719932358,-4.898177926763564,"Griffin Canning","19867",656288
"Jack Leiter ","TEX","SP",230.7100067138672,149.683,0.1944284581836311,-1.3993415316800395,-7.084850272544449,-6.376697299686504,0.1468221957817843,-14.519638449945576,8.602693719932358,-4.91694473001322,"Jack Leiter","30146",683004
"Luis Severino ","ATH","SP",642.52001953125,172.823,1.3087046955292487,-1.3993415316800395,-8.089843747048535,-6.295967401220042,-0.06696537575411302,-14.543413360173481,8.602693719932358,-4.940719640241124,"Luis Severino","15890",622663
"Orion Kerkering ","PHI","RP",999,54,-5.239040668837315,-1.3993415316800395,0.5912145930557543,-0.2631062883353281,-5.572366225387408,-11.882640121184334,5.923586940896976,-4.959053180287358,"Orion Kerkering","31776",689147
"Aaron Bummer ","CHC","RP",999,60,-4.878823704613763,-1.3993415316800395,1.0561572400103894,-1.299175779359475,-5.3797775215440184,-11.900961297186905,5.923586940896976,-4.97737435628993,"Aaron Bummer","16258",607481
"Yoendrys Gómez ","MIN","SP/RP",999,61.0257,-5.14053266772263,-1.3993415316800395,-1.4109531046838961,-1.358222989599193,-5.306317419098146,-14.615367712783906,8.602693719932358,-5.012673992851547,"Yoendrys Gomez","22872",672782
"Aaron Ashby ","MIL","RP",999,76.0386,-4.180459499631004,-1.1405984106452352,0.5711909822871536,-2.9370622891589737,-4.267761512310486,-11.954690729458543,5.923586940896976,-5.031103788561569,"Aaron Ashby","23550",676879
"Angel Zerpa ","MIL","RP",999,60,-5.004231891137195,-1.3993415316800395,0.8101261111918083,-0.8193824466705424,-5.5504557600099265,-11.963285518305895,5.923586940896976,-5.039698577408919,"Angel Zerpa","22717",672582
"Kyle Finnegan ","DET","RP",639.030029296875,64,-4.917090267328988,-0.34501099987201006,-0.2634807300145747,-1.1461452574320758,-5.318013783184115,-11.989741037831767,5.923586940896976,-5.06615409693479,"Kyle Finnegan","15009",640448
"Kai-Wei Teng ","HOU","SP",999,60.709,-4.996086047621699,-1.3993415316800395,-1.2415050457444814,-1.72464682003607,-5.312072563609822,-14.67365200869211,8.602693719932358,-5.070958288759753,"Kai-Wei Teng","24282",678906
"Erik Miller ","SFG","RP",999,62,-4.913017232657216,-1.072163705265311,0.8834555832163611,-2.153027079528408,-4.749399319829062,-12.004151754063637,5.923586940896976,-5.080564813166661,"Erik Miller","26252",669062
"Anthony Kay ","CHW","SP",717.8599853515625,140.042,-0.7699069884839009,-1.3993415316800395,-3.5644088292830967,-6.952354348593498,-2.0390177893286636,-14.7250294873692,8.602693719932358,-5.122335767436841,"Anthony Kay","20387",641743
"Mark Leiter Jr. ","ATH","RP",727.989990234375,64,-4.854859735483701,0.26790201343715686,-0.8024627089055164,-1.5932641288302578,-5.067887830686516,-12.050572390468833,5.923586940896976,-5.126985449571858,"Mark Leiter Jr.","15551",643410
"Phil Maton ","CHC","RP",743.3800048828125,65,-4.82454954655179,-0.7569824392384971,-0.43628698172716524,-1.0606604727247484,-4.997444983547576,-12.075924423789777,5.923586940896976,-5.152337482892801,"Phil Maton","18064",664208
"Hunter Barco ","PIT","SP",999,94.638,-3.080865021162961,-1.3993415316800395,-2.2536392431842196,-4.203835325776629,-3.8369363933493563,-14.774617515153205,8.602693719932358,-5.171923795220848,"Hunter Barco","33174",682995
"Ryan Weiss ","HOU","SP",725.9600219726562,86.17,-3.5740676062289,-1.3993415316800395,-2.6747240445699347,-3.1461769488578257,-4.020592987170529,-14.81490311850723,8.602693719932358,-5.212209398574872,"Ryan Weiss","24621",680802
"Tanner Banks ","PHI","RP",999,63,-4.8870641700813255,-1.1138788756955242,-0.3330032142111266,-0.41038039860366843,-5.42438939806924,-12.168716056660884,5.923586940896976,-5.24512911576391,"Tanner Banks","16990",621383
"Colin Rea ","CHC","SP",748.260009765625,84.6363,-3.717377633764794,-1.3993415316800395,-3.0995016467690237,-1.876177660223766,-4.7790917282545085,-14.871490200692131,8.602693719932358,-5.268796480759773,"Colin Rea","12317",607067
"Corbin Burnes ","ARI","SP",738.0999755859375,37.8372,-5.675127501514663,-1.3993415316800395,-0.317386161898273,-0.542315001794961,-6.967190978975389,-14.901361175863329,8.602693719932358,-5.298667455930969,"Corbin Burnes","19361",669203
"Jeffrey Springs ","ATH","SP",722.25,166.053,1.0110967509592497,-1.3993415316800395,-8.826856365376845,-5.703284540519102,0.006327918256877512,-14.912057768359858,8.602693719932358,-5.3093640484275015,"Jeffrey Springs","17677",605488
"Seth Lugo ","KCR","SP",493.1000061035156,161.288,0.597269563134526,-1.3993415316800395,-7.378733291806343,-6.501294922036192,-0.26353466629128847,-14.945634848679333,8.602693719932358,-5.342941128746976,"Seth Lugo","12447",607625
"Janson Junk ","MIA","SP",999,92.6908,-3.544136356761352,-1.3993415316800395,-3.363464822520103,-1.6570145570105124,-4.99824911174734,-14.962206379719344,8.602693719932358,-5.359512659786987,"Janson Junk","23301",676083
"Andrew Kittredge ","BAL","RP",745.8499755859375,60,-5.035678672634144,-0.5991191453063847,-0.6666599272386753,-0.6072516290681348,-5.505405314195427,-12.414114688442764,5.923586940896976,-5.490527747545788,"Andrew Kittredge","12828",552640
"Matt Svanson ","STL","RP",528.7999877929688,65,-4.93082445171761,0.7534884556214089,-0.538807863164201,-2.190807217766154,-5.566079474055145,-12.473030551081703,5.923586940896976,-5.549443610184726,"Matt Svanson","29629",694335
"Keegan Akin ","BAL","RP",999,66,-4.742049140783851,-0.5991191453063847,-0.7970460401525006,-1.4418196269729975,-4.92178493642404,-12.501818889639774,5.923586940896976,-5.578231948742797,"Keegan Akin","19362",669211
"Steven Okert ","HOU","RP",999,64,-4.882517799821173,-1.3993415316800395,-1.0461610533027927,-0.4690197776160853,-4.715487012912675,-12.512527175332764,5.923586940896976,-5.588940234435789,"Steven Okert","13580",595345
"Jordan Leasure ","CHW","RP",717.510009765625,64,-5.029427074784362,-0.07563462304281907,-0.9850339925912387,-1.6926017050724682,-4.74729925740572,-12.529996652896607,5.923586940896976,-5.606409711999632,"Jordan Leasure","29950",673929
"Victor Vodnik ","COL","RP",496.760009765625,64,-5.116568698592569,4.955814849866438,-2.5834976313267206,-4.5812909768100205,-5.283981820369151,-12.609524277232023,5.923586940896976,-5.685937336335048,"Victor Vodnik","24614",680767
"Cooper Criswell ","SEA","RP",999,71.982,-4.335609465889805,-1.3993415316800395,-0.46691149584951386,-0.957788994159257,-5.487243221945847,-12.64689470952446,5.923586940896976,-5.723307768627484,"Cooper Criswell","24975",681867
"Emerson Hancock ","SEA","SP",733.4199829101562,77.3854,-4.107336151895666,-1.3993415316800395,-2.4341500165651757,-2.132613189045576,-5.332481246056848,-15.405922135243307,8.602693719932358,-5.803228415310948,"Emerson Hancock","27470",676106
"Brandon Sproat ","MIL","SP",528.2000122070312,100.399,-2.751052641995337,-1.3993415316800395,-3.165699781717806,-4.141556156516471,-3.955911875758016,-15.413561987667672,8.602693719932358,-5.810868267735312,"Brandon Sproat","33850",687075
"Kevin Ginkel ","ARI","RP",556.52001953125,59,-5.063715450607931,-0.7831566523507971,-0.32004986393840734,-1.1586269464677985,-5.411503573228766,-12.737052486593699,5.923586940896976,-5.813465545696723,"Kevin Ginkel","19876",656464
"Keaton Winn ","SFG","RP",999,60.9829,-4.96615479815415,-1.3993415316800395,-0.011847861798841073,-0.62640642702586,-5.7378475445294965,-12.741598163188387,5.923586940896976,-5.818011222291413,"Keaton Winn","23499",676775
"Lance McCullers Jr. ","HOU","SP",999,120.459,-1.2740970113919567,-1.3993415316800395,-4.529430498182117,-6.391482131941528,-1.9232588197190588,-15.5176099929147,8.602693719932358,-5.914916272982341,"Lance McCullers Jr.","14120",621121
"Javier Assad ","CHC","SP",999,67.6977,-4.652160770429139,-1.3993415316800395,-1.6896765741780164,-2.2422053056452143,-5.5648568037186195,-15.548240985651027,8.602693719932358,-5.9455472657186705,"Javier Assad","21741",665871
"Ryan Yarbrough ","NYY","SP/RP",999,61.0106,-5.032837078307525,-1.3993415316800395,-1.8677711186593025,-1.1686987452856812,-6.162950982069232,-15.631599456001778,8.602693719932358,-6.02890573606942,"Ryan Yarbrough","16502",642232
"Blake Treinen ","LAD","RP",999,54,-5.2031421390322805,-1.3993415316800395,-0.27793400907897536,-0.6184958128876581,-5.498666811144381,-12.997580303823334,5.923586940896976,-6.073993362926357,"Blake Treinen","12572",595014
"Chris Paddack ","CIN","SP",748.510009765625,137.779,-1.1603392938592498,-1.3993415316800395,-7.011374526188151,-3.7244374500600457,-2.392336307002614,-15.687829108790101,8.602693719932358,-6.0851353888577435,"Chris Paddack","20099",663978
"Brooks Raley ","NYM","RP",999,62,-4.925330732796551,-1.0754355062809953,-0.44875715431290636,-1.1621649834704422,-5.454679832479314,-13.066368209340212,5.923586940896976,-6.142781268443237,"Brooks Raley","10061",548384
"Kody Funderburk ","MIN","RP",748.510009765625,65,-4.818771735946484,-0.6231122010778226,0.025739811209573058,-2.3761675686265664,-5.31143473682842,-13.103746431269718,5.923586940896976,-6.180159490372743,"Kody Funderburk","24993",681892
"Hogan Harris ","ATH","RP",618.1699829101562,66,-4.834305769876802,1.379216044576803,-1.7367635960274495,-2.753773121094905,-5.22786675305185,-13.173493195474204,5.923586940896976,-6.24990625457723,"Hogan Harris","21520",663687
"Sean Newcomb ","CHW","RP",999,66,-4.884127953802639,-1.1346001467023759,-0.2926296172862726,-1.7648703081804573,-5.101833600693184,-13.178061626664928,5.923586940896976,-6.254474685767954,"Sean Newcomb","16943",656794
"Brock Stewart ","LAD","RP",999,40,-5.87005956251809,-1.3993415316800395,0.188751643271206,0.0840693309264084,-6.28547532660541,-13.282055446605925,5.923586940896976,-6.3584685057089505,"Brock Stewart","16727",592779
"Jonathan Loáisiga ","ARI","RP",999,60,-5.027722298850828,-0.1666991446050449,-0.2835166498964732,-1.853465090983214,-5.969046823866267,-13.30045000820183,5.923586940896976,-6.376863067304855,"Jonathan Loaisiga","19753",642528
"Paul Blackburn ","NYY","RP",999,61.8424,-4.878066051513086,-1.3993415316800395,-0.7211613227303623,-0.4874478974020335,-5.83936518063402,-13.325381983959542,5.923586940896976,-6.401795043062567,"Paul Blackburn","14739",621112
"Justin Sterner ","ATH","RP",547.0499877929688,65,-4.938307264084497,0.9162594510770476,-2.448737283180223,-1.616515823571316,-5.243025279440521,-13.330326199199508,5.923586940896976,-6.406739258302533,"Justin Sterner","27694",686993
"Kirby Yates ","LAA","RP",269.42999267578125,48,-5.746261755804172,-0.26267123768201467,-0.5528501532922617,-1.0685794028172453,-5.706732954767142,-13.337095504362837,5.923586940896976,-6.413508563465861,"Kirby Yates","9073",489446
"Ryan Johnson ","LAA","SP",999,71.404,-4.4404634609782905,-1.3993415316800395,-2.5036754532777135,-2.3058918105372963,-5.4022264384650995,-16.051598694938438,8.602693719932358,-6.448904975006081,"Ryan Johnson","35325",696270
"Kutter Crawford ","BOS","RP",999,61.0714,-4.852397080621444,-1.3993415316800395,-1.6426571001965182,-0.08245742936615891,-5.396830261649158,-13.373683403513315,5.923586940896976,-6.450096462616341,"Kutter Crawford","20531",676710
"José Suarez ","ATH","RP",999,64.1465,-4.63994189224187,-1.3993415316800395,-0.7616091038083423,-1.1702122496688505,-5.4152516928484085,-13.386356470247508,5.923586940896976,-6.462769529350533,"Jose Suarez","19911",660761
"Hunter Gaddis ","CLE","RP",999,61,-5.186850452001287,-0.5034196156415336,-1.388688082675872,-0.7804471774108429,-5.546209243151718,-13.40561457088125,5.923586940896976,-6.482027629984276,"Hunter Gaddis","25636",683769
"Brayan Bello ","BOS","SP",421.4100036621094,156.091,0.46466243010040564,-1.3993415316800395,-6.399125745801835,-7.94304700718385,-0.8330399576709222,-16.109891812236242,8.602693719932358,-6.507198092303885,"Brayan Bello","23920",678394
"Brant Hurter ","DET","RP",999,55,-5.309132726685804,-1.3993415316800395,0.18263790398514299,-0.6855288419901316,-6.227931486736448,-13.439296683107282,5.923586940896976,-6.515709742210307,"Brant Hurter","30133",676428
"Tyler Wells ","BAL","RP",748.469970703125,72.2531,-4.414415776450333,-1.3993415316800395,-2.4646055259460486,-0.24244267639003833,-4.944373536396215,-13.465179046862676,5.923586940896976,-6.541592105965701,"Tyler Wells","20000",669330
"Jonathan Bowlan ","PHI","RP",999,58,-5.151899045029109,-1.3993415316800395,-0.46487905946842684,-0.7068871781287306,-5.847459445857933,-13.570466260164237,5.923586940896976,-6.646879319267263,"Jonathan Bowlan","24607",680742
"Tommy Nance ","TOR","RP",999,58,-5.121020446900655,-1.3993415316800395,-0.20974918140846,-0.9562811920530052,-5.89978659275882,-13.58617894480098,5.923586940896976,-6.662592003904005,"Tommy Nance","19178",667297
"Mason Montgomery ","PIT","RP",748.4400024414062,60,-5.136933420295334,-0.8142385669866233,-0.6729848484589668,-1.5442334386793448,-5.4194183546048125,-13.587808629025082,5.923586940896976,-6.664221688128107,"Mason Montgomery","29770",682254
"Luis Medina ","ATH","SP",999,78.0707,-4.000019501944923,-1.3993415316800395,-2.8370845017542172,-3.4748420428657716,-4.594218294786783,-16.305505873031734,8.602693719932358,-6.702812153099375,"Luis Medina","21649",665622
"Brendon Little ","TOR","RP",748.52001953125,54,-5.204183883817204,-1.3993415316800395,1.0017737734485133,-2.3610087142576663,-5.669976285176937,-13.632736641483335,5.923586940896976,-6.70914970058636,"Brendon Little","21574",663893
"Simeon Woods Richardson ","TOR","SP",664.0399780273438,149.778,-0.06529095982331198,-1.3993415316800395,-7.680289528641335,-6.634078026922296,-0.535963768460642,-16.314963815527623,8.602693719932358,-6.712270095595266,"Simeon Woods Richardson","24494",680573
"Luis García ",,"RP",999,60,-5.002242797691366,-1.3993415316800395,-0.07737623357090928,-1.4000527161324723,-5.79298559101392,-13.671998870088707,5.923586940896976,-6.748411929191731,"Luis Garcia","6984",472610
"Ryne Stanek ","STL","RP",745.9000244140625,60,-5.195375009153097,-0.16915293036241688,-1.0833264737128163,-1.8787543567430718,-5.347367251066345,-13.673976021037749,5.923586940896976,-6.750389080140773,"Ryne Stanek","15947",592773
"Kyle Leahy ","STL","SP",733.6699829101562,120.146,-2.000403372396435,-1.3993415316800395,-4.118495443859533,-5.686573253821175,-3.1516052061795574,-16.356418807936738,8.602693719932358,-6.753725088004381,"Kyle Leahy","24763",681517
"Jacob Latz ","TEX","SP",730.9299926757812,89.1683,-3.5001866053928867,-1.3993415316800395,-3.0292608970057695,-4.732822631863201,-3.7174356418266017,-16.3790473077685,8.602693719932358,-6.77635358783614,"Jacob Latz","21306",656641
"Graham Ashcraft ","CIN","RP",999,65,-4.915006326103045,-0.827598334461479,-0.9510728736234083,-1.4285537666630286,-5.651654482723749,-13.77388578357471,5.923586940896976,-6.850298842677734,"Graham Ashcraft","27552",668933
"Calvin Faucher ","MIA","RP",999,64,-5.066651666886616,0.08413719981364548,-1.1212650428022766,-2.45482741033587,-5.248667359268372,-13.807274279479488,5.923586940896976,-6.883687338582512,"Calvin Faucher","20116",676534
"Troy Melton ","DET","RP",743.22998046875,53.311,-5.285737166752286,-1.3993415316800395,-0.565614546665671,-0.38431870579869026,-6.194005743882296,-13.829017694778983,5.923586940896976,-6.905430753882007,"Troy Melton","31807",675512
"Yennier Cano ","BAL","RP",999,60,-5.001863858227004,-1.1326916177780237,-0.1612635173603603,-1.8609063117673934,-5.6895608122716865,-13.846286117404468,5.923586940896976,-6.922699176507494,"Yennier Cano","25911",666974
"Spencer Arrighetti ","HOU","SP",728.3099975585938,85.1013,-3.470444599829471,-1.3993415316800395,-4.198593167664788,-3.588724812873484,-3.8847044477078243,-16.54180855975561,8.602693719932358,-6.939114839823249,"Spencer Arrighetti","29921",681293
"Cody Bradford ","TEX","RP",999,68.5533,-4.475320020170353,-1.3993415316800395,-2.1576199689538504,-0.4983565834704541,-5.369344135607867,-13.899982239882565,5.923586940896976,-6.976395298985589,"Cody Bradford","27597",674003
"Jakob Junis ","TEX","RP",999,65,-4.92845641880742,-1.137326625880649,-1.5278303357249714,-0.7395669403654439,-5.583477492409994,-13.916657813188476,5.923586940896976,-6.993070872291499,"Jakob Junis","13619",596001
"Aaron Civale ","ATH","SP",748.5800170898438,133.718,-0.709665550084442,-1.3993415316800395,-7.731235078301903,-4.97445888970631,-1.8031537045051826,-16.617854754277875,8.602693719932358,-7.015161034345516,"Aaron Civale","19479",650644
"Keider Montero ","DET","SP/RP",999,54.662,-5.287347320733753,-1.3993415316800395,-1.8765948847859952,-1.7180498760755636,-6.3456310620740455,-16.6269646753494,8.602693719932358,-7.024270955417039,"Keider Montero","22630",672456
"Jake Bird ","NYY","RP",999,57,-5.168758915428597,-1.3993415316800395,-0.2442541882235637,-1.5984062147267577,-5.597778907372624,-14.008539757431583,5.923586940896976,-7.0849528165346065,"Jake Bird","21267",656234
"Mason Englert ","TBR","RP",999,61,-5.186376664756811,-1.1059720990794104,-1.121835938176672,-0.9758499215294687,-5.701868384771788,-14.091903008314151,5.923586940896976,-7.168316067417177,"Mason Englert","22288",669438
"Jordan Hicks ","CHW","RP",999,62,-5.0987614795321745,-0.8698587617247123,-0.48833142296751014,-2.107372367411848,-5.534539497433016,-14.098863529069261,5.923586940896976,-7.175276588172286,"Jordan Hicks","19618",663855
"Ryan Borucki ",,"RP",999,54,-5.388223354758629,-1.3993415316800395,-0.003658289907991595,-1.3700911265202547,-5.976542809597292,-14.137857112464207,5.923586940896976,-7.214270171567232,"Ryan Borucki","16350",621366
"Pierce Johnson ","CIN","RP",999,61,-5.127556136434684,-1.1136062472790142,-1.3760065958514478,-1.5652478583058136,-4.979635014270717,-14.162051852141678,5.923586940896976,-7.238464911244703,"Pierce Johnson","13435",572955
"Justin Slaten ","BOS","RP",999,61,-5.062389388310711,-1.3993415316800395,-0.955482401209646,-1.1958141366890642,-5.553333332265764,-14.166360790155226,5.923586940896976,-7.242773849258249,"Justin Slaten","25648",686580
"Tyler Alexander ","TEX","SP/RP",999,72.7568,-4.643162426032851,-1.3993415316800395,-3.385353473889851,-1.9514405494306182,-5.515327373971765,-16.894625355005125,8.602693719932358,-7.291931635072768,"Tyler Alexander","17735",641302
"Mitchell Parker ","WSN","SP",999,49.7087,-5.640081472590418,-1.3993415316800395,-1.6594763060394995,-1.4177875190503504,-6.7917878535652205,-16.908474682925526,8.602693719932358,-7.30578096299317,"Mitchell Parker","27636",680730
"Jordan Montgomery ","TEX","SP",999,48.2393,-5.417965134493997,-1.3993415316800395,-1.6105641760431093,-1.5604726853463209,-6.933252053691734,-16.9215955812552,8.602693719932358,-7.318901861322841,"Jordan Montgomery","16511",656756
"Hunter Dobbins ","STL","SP",999,89.4066,-3.4190122619221666,-1.3993415316800395,-3.3557379060463832,-3.6454670692518762,-5.1172443678002555,-16.93680313670072,8.602693719932358,-7.334109416768364,"Hunter Dobbins","30240",690928
"Dietrich Enns ","BAL","RP",999,62,-4.958198424370834,-1.3993415316800395,-0.8683527840663632,-1.2987380101947965,-5.7582493822535135,-14.282880132565547,5.923586940896976,-7.35929319166857,"Dietrich Enns","13932",608650
"Adrian Houser ","SFG","SP",743.219970703125,147.313,-0.26590666113607386,-1.3993415316800395,-5.40705495918807,-7.5562326369149595,-2.347491709894989,-16.976027498814133,8.602693719932358,-7.373333778881774,"Adrian Houser","12718",605288
"Ryan Gusto ","MIA","SP/RP",999,45.6022,-5.839654751634113,-1.3993415316800395,-1.682637074710857,-1.2011288097924924,-6.8702453643345285,-16.993007532152028,8.602693719932358,-7.390313812219672,"Ryan Gusto","26440",687473
"Kyle Hurt ","LAD","RP",999,53.48,-4.943327421589127,-1.3993415316800395,-0.8863509446117933,-1.428357874942506,-5.764030891624197,-14.421408664447663,5.923586940896976,-7.497821723550688,"Kyle Hurt","27514",669165
"Tyler Rogers ","TOR","RP",743.280029296875,74,-4.446241271583595,-0.8368683506667295,-1.2617594781040842,-1.8187597780693823,-6.064596622029226,-14.428225500453017,5.923586940896976,-7.504638559556042,"Tyler Rogers","15541",643511
"Jovani Morán ","BOS","RP",999,52,-5.427152948622465,-1.3993415316800395,-0.12400142745085091,-1.6894961362885437,-5.809486697145955,-14.449478741187853,5.923586940896976,-7.525891800290879,"Jovani Moran","20422",663558
"Tyler Kinley ","ATL","RP",999,63,-4.942190829024089,-1.3993415316800395,-1.3952428798848402,-1.8345690158482675,-4.923034225127834,-14.49437848156507,5.923586940896976,-7.570791540668095,"Tyler Kinley","18297",641755
"Carson Whisenhunt ","SFG","SP",999,57.2403,-5.016166451812169,-1.3993415316800395,-1.8646911461027198,-2.4954503521845597,-6.425391098281684,-17.201040580061175,8.602693719932358,-7.598346860128814,"Carson Whisenhunt","31676",687931
"Brusdar Graterol ","LAD","RP",999,44,-5.689335473147761,-1.3993415316800395,0.1479106908512962,-0.8019068776489404,-6.820908600865047,-14.563581792490492,5.923586940896976,-7.639994851593515,"Brusdar Graterol","20367",660813
"Brent Headrick ","NYY","RP",999,42,-5.904916121710155,-1.3993415316800395,-0.33484865261767544,-0.296003881248159,-6.632985463033148,-14.568095650289177,5.923586940896976,-7.644508709392202,"Brent Headrick","27702",687396
"José Buttó ","SFG","RP",999,64,-5.009252048641826,-0.7449858788505825,-1.0453155549220314,-2.2717891728307382,-5.499736869508569,-14.571079524753745,5.923586940896976,-7.647492583856769,"Jose Butto","23313",676130
"Shane Drohan ","MIL","RP",999,58.468,-5.089668513183821,-1.3993415316800395,-0.9984469587251996,-1.5239529632683082,-5.571860983425829,-14.583270950283197,5.923586940896976,-7.659684009386222,"Shane Drohan","27814",675660
"Hoby Milner ","CHC","RP",999,60,-5.0725243252720364,-1.3993415316800395,-0.3352225842062578,-1.6734484821386884,-6.108603627846808,-14.589140551143828,5.923586940896976,-7.665553610246853,"Hoby Milner","13346",571948
"Brad Keller ","PHI","RP",745.9099731445312,68,-4.7294515489602675,-0.8286889131319102,-1.0746063072398453,-2.516782859633146,-5.44366160298804,-14.59319123195321,5.923586940896976,-7.669604291056233,"Brad Keller","15734",641745
"Kevin Kelly ","TBR","RP",999,48,-5.736221440794912,-1.3993415316800395,-0.40151088757096526,-0.42910769537460736,-6.668678665473917,-14.634860220894442,5.923586940896976,-7.711273279997467,"Kevin Kelly","25679",687330
"Andrew Alvarez ","WSN","SP",999,96.3845,-3.116289763723519,-1.3993415316800395,-2.661576471372092,-5.260071896230768,-4.882403442312918,-17.31968310531934,8.602693719932358,-7.716989385386979,"Andrew Alvarez","29914",674841
"Richard Fitts ","STL","SP",748.5800170898438,134.833,-1.0472446074751525,-1.3993415316800395,-6.343735697693707,-5.679960248378347,-2.875867821221138,-17.34614990644839,8.602693719932358,-7.743456186516029,"Richard Fitts","30160",690916
"Taylor Clarke ","ARI","RP",999,61,-5.075650011282903,-0.7831566523507971,-1.5004016576188228,-1.343156284242839,-6.000626347776907,-14.702990953272272,5.923586940896976,-7.779404012375297,"Taylor Clarke","17611",664199
"Stephen Kolek ","KCR","SP",999,74.7699,-4.1403933132021296,-1.3993415316800395,-2.4290060673757683,-3.5822926969007716,-5.838534434066987,-17.389568043225697,8.602693719932358,-7.786874323293338,"Stephen Kolek","21487",663568
"Erik Sabrowski ","CLE","RP",999,63,-5.04363504641746,-1.3993415316800395,-0.8257804371457049,-2.8438100628535348,-4.632211070651277,-14.744778148748015,5.923586940896976,-7.82119120785104,"Erik Sabrowski","24978",681870
"Gage Jump ","ATH","SP",999,55.404,-4.875034987454285,-1.3993415316800395,-2.3144117043109165,-2.4769649628619677,-6.364836847828804,-17.430590034136014,8.602693719932358,-7.827896314203656,"Gage Jump","35418",695611
"Tim Herrin ","CLE","RP",999,56,-5.334422758113085,-1.3993415316800395,-0.28371154110983837,-2.21196902970102,-5.531010915966274,-14.760455776570256,5.923586940896976,-7.836868835673281,"Tim Herrin","25139",682120
"Braydon Fisher ","TOR","RP",999,52,-5.461820038082347,-1.3993415316800395,-0.8287673443996741,-1.3956778315246572,-5.68821164131357,-14.773818387000288,5.923586940896976,-7.850231446103313,"Braydon Fisher","24609",680755
"Brock Burke ","CIN","RP",999,62,-5.090331544332431,-1.1136062472790142,-1.4032397819108342,-1.6161658902676166,-5.551505791221597,-14.774849255011492,5.923586940896976,-7.851262314114518,"Brock Burke","17968",656271
"Tony Santillan ","CIN","RP",718.1199951171875,70,-4.7879879855981455,-0.2558551372429186,-2.4158826482845033,-2.7450935317696015,-4.573517317316322,-14.77833662021149,5.923586940896976,-7.854749679314516,"Tony Santillan","19926",663574
"Julian Fernández ",,"RP",999,38,-6.170792854356884,-1.3993415316800395,-0.05066733289269486,-0.29419474279739816,-6.864390591076793,-14.779387052803811,5.923586940896976,-7.855800111906836,"Julian Fernandez","18341",642759
"Bryce Elder ","ATL","SP",740.5499877929688,115.013,-1.6833782806126232,-1.3993415316800395,-5.2278644819817695,-5.916765298866717,-3.2382370907828433,-17.46558668392399,8.602693719932358,-7.862892963991635,"Bryce Elder","27779",693821
"Josh Sborz ","TEX","RP",999,58,-5.231463008690313,-1.3993415316800395,-1.1031156260517792,-1.5661278127052212,-5.486817835086073,-14.786865814213426,5.923586940896976,-7.863278873316451,"Josh Sborz","18323",622250
"Justin Wrobleski ","LAD","RP",650.3499755859375,64.4498,-4.474467745117611,-1.3993415316800395,-1.509548239346435,-1.7840605632454598,-5.633890905458415,-14.801308984847958,5.923586940896976,-7.877722043950984,"Justin Wrobleski","31204",680736
"Anthony Bender ","MIA","RP",999,61,-5.1872291656376,-1.1027002980637262,-0.9087436462759596,-2.131985981209898,-5.570412437229912,-14.901071528417097,5.923586940896976,-7.97748458752012,"Anthony Bender","19742",669622
"Wandy Peralta ","SDP","RP",999,57,-5.2006792583419745,-1.3993415316800395,0.05977714062824737,-2.337888335024889,-6.025288138296897,-14.90342012271555,5.923586940896976,-7.9798331818185755,"Wandy Peralta","14295",593974
"Hurston Waldrep ","ATL","SP",999,63.9962,-4.325948090344907,-1.3993415316800395,-2.260647052562873,-3.935338166317001,-5.710268380956897,-17.63154322186172,8.602693719932358,-8.028849501929361,"Hurston Waldrep","33527",694462
"Adbert Alzolay ","NYM","RP",999,42,-5.919124093343252,-1.3993415316800395,-0.5014306224805563,-0.42602995694556045,-6.733592497468833,-14.979518701918241,5.923586940896976,-8.055931761021267,"Adbert Alzolay","17859",640470
"Justin Topa ","TOR","RP",999,62,-5.076976073580123,-0.36409641912431295,-1.1633684301843723,-2.427962206065411,-5.9613312999823425,-14.99373442893656,5.923586940896976,-8.070147488039588,"Justin Topa","15145",623437
"Brandon Williamson ","CIN","SP",748.4500122070312,93.8854,-3.3189889546061293,-1.3993415316800395,-5.131704975381707,-3.8313954778955313,-4.005527498313167,-17.686958437876573,8.602693719932358,-8.084264717944215,"Brandon Williamson","25463",682227
"PJ Poulin ","WSN","RP",999,59,-5.257510919046319,-1.0847055224862454,-0.6736976088794783,-2.2167945803815807,-5.831051630765468,-15.06376026155909,5.923586940896976,-8.140173320662115,"PJ Poulin","23394",676571
"Hayden Harris ","ATL","RP",999,50,-5.519030412423005,-1.3993415316800395,-0.5505652896525453,-1.7325669889091808,-5.930150291055948,-15.13165451372072,5.923586940896976,-8.208067572823742,"Hayden Harris","31913",802686
"Robert Stephenson ","LAA","RP",683.219970703125,36,-6.301031728652765,-1.3993415316800395,-0.48095781573520663,-0.1494158558032397,-6.814110269864712,-15.144857201735963,5.923586940896976,-8.221270260838988,"Robert Stephenson","13594",596112
"Luis Morales ","ATH","SP",735.3200073242188,122.969,-1.4502745046740846,-1.3993415316800395,-6.489933611923646,-6.104925780260164,-2.382699951034955,-17.82717537957289,8.602693719932358,-8.22448165964053,"Luis Morales","32227",806960
"Miles Mikolas ","WSN","SP",999,143.073,-0.9466531167906197,-1.3993415316800395,-8.093581905787095,-4.383032897072628,-3.006546258930519,-17.8291557102609,8.602693719932358,-8.226461990328543,"Miles Mikolas","9803",571945
"Matt Gage ","SFG","RP",999,56,-5.3302551014892465,-1.3993415316800395,-0.363232888816177,-1.8834908353846636,-6.18684844518623,-15.163168802556354,5.923586940896976,-8.23958186165938,"Matt Gage","17381",657424
"Chase Silseth ","LAA","RP",999,62,-5.17216891895176,-1.1152421152846606,-1.2658418450456461,-2.2074099925332242,-5.411251079002107,-15.171913950817398,5.923586940896976,-8.248327009920422,"Chase Silseth","30074",681217
"DL Hall ","MIL","RP",999,52,-5.519882913303796,-1.3993415316800395,-0.6117392822586929,-1.6246503738389426,-6.024763122691062,-15.180377223772533,5.923586940896976,-8.256790282875558,"DL Hall","22207",669084
"Jason Alexander ","HOU","SP/RP",999,43.1727,-5.750050472963649,-1.3993415316800395,-1.6680395253183096,-1.774937897384007,-7.275664899541714,-17.86803432688772,8.602693719932358,-8.26534060695536,"Jason Alexander","19666",669920
"Danny Coulombe ","BOS","RP",999,55,-5.3502408837276505,-1.3993415316800395,-0.8821263901869139,-1.6367778825312267,-5.92676773034679,-15.19525441847262,5.923586940896976,-8.271667477575644,"Danny Coulombe","13293",543056
"Richard Lovelady ","WSN","RP",999,46,-5.706574283011612,-1.3993415316800395,-0.23821552387378053,-1.1853368028561515,-6.7129447567329095,-15.242412898154493,5.923586940896976,-8.318825957257516,"Richard Lovelady","19337",663992
"Caleb Ferguson ","CIN","RP",999,53,-5.459262535439976,-1.3993415316800395,-0.6335494120372666,-1.735462603007468,-6.016137250646561,-15.24375333281131,5.923586940896976,-8.320166391914336,"Caleb Ferguson","19349",657571
"Nick Mears ","KCR","RP",999,60,-5.14119569887124,-1.3993415316800395,-1.5025908263229342,-1.767079486153249,-5.4534903717248095,-15.263697914752273,5.923586940896976,-8.340110973855298,"Nick Mears","25376",683232
"Connor Prielipp ","MIN","RP",999,61.702,-4.836673576958945,-1.3993415316800395,-1.1911586030898085,-2.220680084020044,-5.683872086924051,-15.331725882672886,5.923586940896976,-8.408138941775912,"Connor Prielipp","31857",687570
"Patrick Corbin ","TOR","SP",999,63.0559,-4.629049302179868,-1.3993415316800395,-3.1132264087159425,-2.755109527586058,-6.154218890063917,-18.05094566022583,8.602693719932358,-8.448251940293469,"Patrick Corbin","9323",571578
"Dylan Dodd ","ATL","RP",999,42,-5.908989156381926,-1.3993415316800395,-0.4456128960453851,-0.5490061882710292,-7.0778197019334765,-15.380769474311856,5.923586940896976,-8.45718253341488,"Dylan Dodd","29928",689266
"Carlos Vargas ","SEA","RP",999,56,-5.297387635743012,-1.3993415316800395,-0.48236509399593586,-1.8198482819461284,-6.390029991661121,-15.388972535026236,5.923586940896976,-8.46538559412926,"Carlos Vargas","22915",672841
"Jake Irvin ","WSN","SP",999,134.337,-1.5108948825379058,-1.3993415316800395,-7.0943279640101755,-5.5054738615942025,-2.5701982090235984,-18.080236448845923,8.602693719932358,-8.477542728913564,"Jake Irvin","21504",663623
"Andre Pallante ","STL","SP",999,136.298,-0.696215683208116,-1.3993415316800395,-3.989556179671154,-8.847729920288284,-3.1586030481802743,-18.091446363027867,8.602693719932358,-8.488752643095507,"Andre Pallante","26108",669467
"Kyle Hart ","SDP","RP",999,48,-5.698617909228296,-1.3993415316800395,-0.7537900129108973,-0.9735218891392323,-6.596793609845552,-15.42206495280402,5.923586940896976,-8.498478011907043,"Kyle Hart","19646",606996
"Colin Selby ","BAL","RP",999,45,-5.758196316479146,-1.3993415316800395,-0.3821992210230371,-1.5243844139061402,-6.36406592921106,-15.428187412299422,5.923586940896976,-8.504600471402448,"Colin Selby","24986",681882
"Rhett Lowder ","CIN","SP",552.219970703125,129.177,-1.4328464509061007,-1.3993415316800395,-6.669104583400287,-5.924917594615799,-2.698749712434109,-18.12495987303634,8.602693719932358,-8.52226615310398,"Rhett Lowder","33876",695076
"Yosver Zulueta ","CHC","RP",999,40,-5.998972374516752,-1.3993415316800395,0.24675233774793326,-1.4594311992917766,-6.845317897158376,-15.45631066489901,5.923586940896976,-8.532723724002036,"Yosver Zulueta","27765",691172
"Huascar Brazobán ","NYM","RP",999,52,-5.445054789634925,-1.3993415316800395,-0.6285740944622955,-1.8266000689845214,-6.162612041526015,-15.462182526287798,5.923586940896976,-8.538595585390823,"Huascar Brazoban","6107",623211
"Jalen Beeks ","TEX","RP",999,54,-5.403094131712288,-1.3993415316800395,-0.7903089944813049,-1.775890573258599,-6.112245273997377,-15.480880505129612,5.923586940896976,-8.557293564232635,"Jalen Beeks","17192",656222
"Didier Fuentes ","ATL","RP",600.4400024414062,63.6195,-4.735608299029935,-1.3993415316800395,-2.2969241980333903,-1.5931110191105378,-5.47003761636011,-15.495022664214012,5.923586940896976,-8.571435723317038,"Didier Fuentes","30661",800311
"John Schreiber ","KCR","RP",999,64,-4.961418732333769,-1.1116977183546621,-1.5795746095246501,-2.3074564497946906,-5.553871530301104,-15.514019040308872,5.923586940896976,-8.590432099411899,"John Schreiber","20020",670167
"Josh White ","MIA","RP",999,47,-5.811049564463784,-1.3993415316800395,-0.6449459609246475,-1.3898915529719706,-6.297384130613006,-15.542612740653448,5.923586940896976,-8.619025799756473,"Josh White","31738",687985
"Jack Dreyer ","LAD","RP",999,52,-5.387844415294267,-1.3993415316800395,-1.1557922736602122,-1.5316906057161428,-6.1069753442947645,-15.581644170645426,5.923586940896976,-8.658057229748449,"Jack Dreyer","30249",676263
"Lucas Giolito ","SDP","SP",728.47998046875,125.674,-1.7324430372658328,-1.3993415316800395,-7.2122071112388335,-5.897521650610817,-2.026703879122069,-18.26821720991759,8.602693719932358,-8.665523489985235,"Lucas Giolito","15474",608337
"Matt Festa ","CLE","RP",999,60,-5.263951760800234,-1.3993415316800395,-1.6390503094298265,-1.6225626120866559,-5.667703583628741,-15.592609797625496,5.923586940896976,-8.669022856728521,"Matt Festa","19330",670036
"Justin Lawrence ","MIN","RP",999,58,-5.259973573908576,-1.1067900493333316,-0.8191122255105628,-2.762240291688124,-5.675093349398952,-15.623209489839548,5.923586940896976,-8.699622548942573,"Justin Lawrence","17639",664875
"Anthony Banda ","MIN","RP",999,56,-5.342379131896401,-1.1405984106452352,-1.0518176478651207,-2.310943242157627,-5.791091630805713,-15.636830063370097,5.923586940896976,-8.713243122473122,"Anthony Banda","14706",607455
"Logan Allen ","CLE","SP",999,114.043,-2.1255274672356204,-1.3993415316800395,-5.105165756624866,-6.379061297086482,-3.3093380453639614,-18.318434097990966,8.602693719932358,-8.715740378058609,"Logan Allen","27589",671106
"Yohan Ramírez ","PIT","RP",999,56,-5.366532570758644,-1.3993415316800395,-0.9528122596954607,-2.0797328911549116,-5.866206635170896,-15.664625888459952,5.923586940896976,-8.741038947562977,"Yohan Ramirez","19444",670990
"David Morgan ","SDP","RP",999,58,-5.258173950194928,-1.3993415316800395,-1.2096019443389354,-2.105982351213055,-5.705018224898542,-15.678118002325501,5.923586940896976,-8.754531061428525,"David Morgan","31616",688158
"Quinn Mathews ","STL","SP",999,46.17,-5.522535037898235,-1.3993415316800395,-1.523444809729033,-3.0858974814775086,-6.846308100420758,-18.377526961205575,8.602693719932358,-8.774833241273218,"Quinn Mathews","sa3023407",687273
"Grant Anderson ","MIL","RP",999,56,-5.400915568534279,-1.3993415316800395,-1.4079326658588225,-1.6651764305409067,-5.8275691878019895,-15.700935384416038,5.923586940896976,-8.777348443519063,"Grant Anderson","20546",681982
"Jesse Scholtens ","TBR","RP",999,36,-6.300273962638064,-1.3993415316800395,-0.4663163548866082,-0.26626585907524797,-7.276542038120271,-15.708739746400232,5.923586940896976,-8.785152805503257,"Jesse Scholtens","19205",669947
"Mason Fluharty ","TOR","RP",999,42,-5.925754404829348,-1.3993415316800395,-0.49020082176485413,-1.2737173839335345,-6.6238875586090895,-15.712901700816865,5.923586940896976,-8.78931475991989,"Mason Fluharty","31553",689254
"Casey Legumina ","TBR","RP",999,50,-5.618485536370548,-1.3993415316800395,-0.9589103520634042,-1.407725633891904,-6.353712144868455,-15.738175198874352,5.923586940896976,-8.814588257977377,"Casey Legumina","25921",668984
"Joel Payamps ","ATL","RP",999,55,-5.350998762656374,-1.3993415316800395,-1.4109940328925614,-1.465573779241807,-6.114671094534432,-15.741579201005216,5.923586940896976,-8.81799226010824,"Joel Payamps","14332",606303
"Scott Barlow ","ATH","RP",999,60,-5.140438045770563,-0.28775487212388373,-1.753319168367967,-3.269485226298585,-5.324227270629326,-15.775224583190326,5.923586940896976,-8.85163764229335,"Scott Barlow","14993",605130
"Austin Warren ","NYM","RP",999,48,-5.666792188266985,-1.3993415316800395,-0.9338257903413308,-1.1896264979212023,-6.588998230859824,-15.778584239069382,5.923586940896976,-8.854997298172407,"Austin Warren","24937",681810
"Yaramil Hiraldo ","BAL","RP",999,38,-6.128358747931843,-1.3993415316800395,-0.7370478628296888,-0.6398206664233469,-6.877223179182731,-15.78179198804765,5.923586940896976,-8.858205047150673,"Yaramil Hiraldo","25215",682274
"Bailey Falter ","KCR","SP",999,74.0142,-4.468879178416438,-1.3993415316800395,-4.072706559108209,-2.939278409530233,-5.591850870227834,-18.472056548962758,8.602693719932358,-8.869362829030399,"Bailey Falter","20070",663559
"JT Brubaker ","SFG","RP",999,57,-5.357250134678109,-1.3993415316800395,-1.211071203310656,-1.7436231376725164,-6.0930995697001675,-15.804385577041486,5.923586940896976,-8.88079863614451,"JT Brubaker","17578",664141
"Will Klein ","LAD","RP",999,58,-5.098098448383565,-1.0549868799417512,-1.258813905647223,-3.1450165607686054,-5.302981503908774,-15.85989729864992,5.923586940896976,-8.936310357752944,"Will Klein","27787",694361
"Cole Sulser ","TBR","RP",999,56,-5.43207825834698,-1.3993415316800395,-1.2146665693217162,-1.732008154826068,-6.087670183302205,-15.865764697477008,5.923586940896976,-8.942177756580032,"Cole Sulser","15256",642121
"Enyel De Los Santos ","HOU","RP",999,60,-5.176904758944094,-1.3993415316800395,-1.9753608875738136,-1.7686188466840362,-5.560078426531562,-15.880304451413547,5.923586940896976,-8.95671751051657,"Enyel De Los Santos","18403",660853
"Rob Zastryzny ","MIL","RP",999,48,-5.738494625924989,-1.3993415316800395,-0.9108786676213707,-1.3538093030391731,-6.533036029023121,-15.935560157288695,5.923586940896976,-9.01197321639172,"Rob Zastryzny","15094",642239
"Caleb Kilian ","SFG","RP",999,59,-5.297292787962897,-0.7449858788505825,-1.5492650764990283,-1.9705625250380496,-6.435392759651569,-15.997499028002128,5.923586940896976,-9.073912087105153,"Caleb Kilian","26213",668873
"Trevor McDonald ","SFG","RP",748.5800170898438,64.4786,-4.639089617189128,-1.3993415316800395,-1.3663646368914164,-2.468257655612895,-6.159249507969373,-16.03230294934285,5.923586940896976,-9.108716008445876,"Trevor McDonald","26448",686790
"Ryan Thompson ","ARI","RP",748.4299926757812,63,-4.98538270146383,-1.0912490920154183,-1.4122280029116894,-2.4824060939673975,-6.0694677832393324,-16.040733673597668,5.923586940896976,-9.117146732700693,"Ryan Thompson","16647",657044
"Ken Waldichuk ","WSN","RP",999,54,-5.534564446353323,-1.3993415316800395,-1.2627418452668748,-1.8881811880607366,-5.961929325966972,-16.046758337327944,5.923586940896976,-9.123171396430967,"Ken Waldichuk","27681",686610
"JR Ritchie ","ATL","SP",999,36.936,-5.956159215713325,-1.3993415316800395,-1.8448513612778012,-2.072803440179735,-7.4729717723604825,-18.746127321211382,8.602693719932358,-9.143433601279026,"JR Ritchie","31760",702275
"Germán Márquez ","SDP","SP",743.3200073242188,112.06,-2.1568796267805026,-1.3993415316800395,-6.4876525209262015,-5.046396275476131,-3.6701457040459244,-18.760415658908798,8.602693719932358,-9.157721938976442,"German Marquez","15038",608566
"Tyler Phillips ","MIA","RP",999,68,-4.9484422010458236,-0.5091452024145898,-1.7468487198087175,-2.8064035389912436,-6.09903394455145,-16.109873606811824,5.923586940896976,-9.186286665914848,"Tyler Phillips","20629",663969
"Justin Bruihl ","STL","RP",999,54,-5.458315412607118,-1.3993415316800395,-0.6082044654572427,-2.247991371884322,-6.443327568180133,-16.157180349808858,5.923586940896976,-9.233593408911881,"Justin Bruihl","23779",677865
"Eric Orze ","MIN","RP",999,60,-5.1926282626065925,-1.1405984106452352,-1.4907340712523751,-2.7346943035402034,-5.61006645272021,-16.16872150076462,5.923586940896976,-9.245134559867642,"Eric Orze","27626",679358
"Ryan Fernandez ","STL","RP",999,40,-6.098616855282452,-1.3993415316800395,-0.4708913600938302,-1.3943896152425919,-6.813545453462104,-16.176784815761014,5.923586940896976,-9.253197874864039,"Ryan Fernandez","24862",681676
"Ryan Lambert ","NYM","RP",999,36,-6.2166369643050885,-1.3993415316800395,-0.5155703438921849,-1.255169472350457,-6.83762899164172,-16.22434730386949,5.923586940896976,-9.300760362972515,"Ryan Lambert","sa3025613",822038
"Gunnar Hoglund ","ATH","SP",999,58.6731,-5.0876794197379915,-1.3993415316800395,-3.519186829542801,-2.425816971615847,-6.482616024759946,-18.914640777336626,8.602693719932358,-9.311947057404264,"Gunnar Hoglund","31318",680684
"Yuki Matsui ","SDP","RP",999,44,-5.900653843134249,-1.3993415316800395,-0.914510930029505,-1.5856716249319445,-6.459941485487733,-16.26011941526347,5.923586940896976,-9.336532474366496,"Yuki Matsui","33826",673513
"Gregory Santos ","SFG","RP",999,36,-6.252061932693695,-1.3993415316800395,-0.051837720888998476,-1.4232969888736653,-7.1792841013034625,-16.30582227543986,5.923586940896976,-9.382235334542884,"Gregory Santos","21894",666619
"Andrew Hoffmann ","ARI","RP",999,58,-5.240840292550963,-1.0912490920154183,-1.628720930560782,-2.261381997337165,-6.097977322125026,-16.320169634589355,5.923586940896976,-9.396582693692379,"Andrew Hoffmann","29633",694851
"River Ryan ","LAD","SP",675.5399780273438,65.1184,-4.405985615422541,-1.3993415316800395,-3.739392841815816,-3.526232180505684,-5.93792564288916,-19.00887781231324,8.602693719932358,-9.406184092380881,"River Ryan","29514",689981
"Craig Yoho ","MIL","RP",999,42,-6.006171095199392,-1.3993415316800395,-0.6489221289041426,-1.6313724630140178,-6.664013606478945,-16.349820825276538,5.923586940896976,-9.426233884379563,"Craig Yoho","33248",684974
"Kendry Rojas ","MIN","RP",999,40,-6.077020919062581,-1.3993415316800395,-0.6141276857777489,-1.258433399878234,-7.005529286597853,-16.354452822996453,5.923586940896976,-9.43086588209948,"Kendry Rojas","29423",696070
"Brenan Hanifee ","DET","RP",999,42,-5.994331156476485,-1.3993415316800395,-0.41507507675147925,-1.1853730295338922,-7.363060731285603,-16.357181525727498,5.923586940896976,-9.433594584830525,"Brenan Hanifee","22304",669724
"Sam Moll ","CIN","RP",999,52,-5.548488100474125,-1.3993415316800395,-1.0841671886092876,-2.2815235249524863,-6.075329147711822,-16.38884949342776,5.923586940896976,-9.465262552530785,"Sam Moll","14874",594580
"Connor Brogdon ","CLE","RP",999,52,-5.644817538410801,-1.3993415316800395,-1.7147042810492394,-1.545957836646028,-6.109294691362746,-16.414115879148852,5.923586940896976,-9.490528938251877,"Connor Brogdon","21205",641401
"Cole Henry ","WSN","RP",736.2100219726562,64,-5.279485794730552,2.377381092311528,-3.7301793463941038,-4.247441828211895,-5.540042147718032,-16.419768024743053,5.923586940896976,-9.496181083846077,"Cole Henry","27570",669371
"Brandon Eisert ","CHW","RP",999,36,-6.31315575905992,-1.3993415316800395,-0.5315181244612345,-1.0048246298418277,-7.19395766639133,-16.442797711434352,5.923586940896976,-9.519210770537377,"Brandon Eisert","27668",685126
"Rico Garcia ","BAL","RP",999,56,-5.34806232054964,-1.3993415316800395,-1.9937423995130044,-1.9620446433789631,-5.746313959878648,-16.449504855000296,5.923586940896976,-9.525917914103319,"Rico Garcia","20023",670329
"Chris Murphy ","CHW","RP",999,56,-5.429142042068293,-1.3993415316800395,-1.053269333973843,-2.617685772494036,-5.985727160337909,-16.48516584055412,5.923586940896976,-9.561578899657146,"Chris Murphy","26214",669684
"Hunter Bigge ","TBR","RP",999,44,-5.984953872615836,-1.3993415316800395,-1.156295778091374,-1.4613526550360336,-6.490178683163272,-16.492122520586555,5.923586940896976,-9.568535579689579,"Hunter Bigge","26259",685801
"Colin Holderman ","CLE","RP",999,42,-6.043111369789351,-1.3993415316800395,-0.7806379210958166,-1.5517008178231848,-6.746936918751103,-16.521728559139497,5.923586940896976,-9.59814161824252,"Colin Holderman","22361",670059
"Alex Lange ","KCR","RP",999,52,-5.498571068768173,-1.3993415316800395,-0.9544637814525249,-2.8593386407921484,-5.825037147304121,-16.53675216999701,5.923586940896976,-9.613165229100032,"Alex Lange","19883",656638
"Edgardo Henriquez ","LAD","RP",999,46,-5.706953222475974,-1.3993415316800395,-1.2477534460337016,-1.8964237240669686,-6.3225643455240785,-16.57303626978076,5.923586940896976,-9.649449328883787,"Edgardo Henriquez","26944",683618
"Isaac Mattson ","PIT","RP",999,61,-5.2624362287708335,0.06341588005350049,-2.6139942249450905,-3.045553503537917,-5.721226782498885,-16.579794859699227,5.923586940896976,-9.65620791880225,"Isaac Mattson","20385",676755
"Greg Weissert ","BOS","RP",999,65,-4.99191839099786,-1.1032456199011373,-2.306787499476855,-2.59173940392847,-5.610724306654128,-16.60441522095845,5.923586940896976,-9.680828280061476,"Greg Weissert","20375",669711
"George Soriano ","STL","RP",999,58,-5.341337387111476,-1.3993415316800395,-1.4715857981615412,-2.4134521426945117,-5.99549610112539,-16.62121296077296,5.923586940896976,-9.697626019875985,"George Soriano","21863",666277
"Lake Bachar ","MIA","RP",999,52,-5.663192940839689,-1.3993415316800395,-1.6391543035149916,-1.8017024464238307,-6.121708737331923,-16.62509995979047,5.923586940896976,-9.701513018893497,"Lake Bachar","19222",669199
"Kyle Backhus ","PHI","RP",999,52,-5.521208975601016,-1.3993415316800395,-1.2604906842603316,-2.0663145198623454,-6.379463513888628,-16.626819225292362,5.923586940896976,-9.703232284395385,"Kyle Backhus","29615",679775
"Andrew Painter ","PHI","SP",999,126.808,-1.5253871716832994,-1.3993415316800395,-7.050945536931762,-6.405077053076243,-2.932866618331748,-19.31361791170309,8.602693719932358,-9.710924191770733,"Andrew Painter","30091",691725
"Gordon Graceffo ","STL","RP",999,44,-5.956443533225621,-1.3993415316800395,-0.9313140978492664,-1.2155680013580366,-7.144388435847705,-16.64705559996067,5.923586940896976,-9.723468659063693,"Gordon Graceffo","29519",700669
"Evan Sisk ","PIT","RP",999,40,-6.071716669873704,-1.3993415316800395,-0.2707653544721146,-1.8908848762971049,-7.039514603893033,-16.672223036216,5.923586940896976,-9.748636095319023,"Evan Sisk","24995",681895
"Walker Buehler ","SDP","SP",740.9299926757812,82.7421,-3.848753100625714,-1.3993415316800395,-4.636280588300203,-4.611518738474952,-4.864114849441748,-19.360008808522654,8.602693719932358,-9.757315088590298,"Walker Buehler","19374",621111
"Andrew Walters ","CLE","RP",999,38,-6.239085401405749,-1.3993415316800395,-0.9687173858192688,-1.4193904561697657,-6.677431038140009,-16.70396581321483,5.923586940896976,-9.780378872317856,"Andrew Walters","33834",689958
"Cionel Pérez ","NYM","RP",999,57,-5.371173788798911,-0.7697968848759416,-0.7869959154696569,-3.6587669187823173,-6.119741513236661,-16.706475021163488,5.923586940896976,-9.782888080266513,"Cionel Perez","19614",672335
"Ben Casparius ","LAD","RP",999,55,-5.334422758113085,-1.3993415316800395,-2.3559576342762107,-1.658234487392421,-6.020749326415255,-16.76870573787701,5.923586940896976,-9.845118796980035,"Ben Casparius","30085",676508
"Davis Martin ","CHW","SP",999,159.071,-0.32529492117059844,-1.3993415316800395,-8.517245983511378,-8.017871743518526,-1.2066077010965492,-19.46636188097709,8.602693719932358,-9.863668161044732,"Davis Martin","21448",663436
"Nate Pearson ","HOU","RP",999,50,-5.653058003878364,-1.3993415316800395,-1.7854260580678638,-1.85165533444346,-6.1295439171144235,-16.819024845184153,5.923586940896976,-9.895437904287178,"Nate Pearson","20160",663878
"Tim Mayza ","PHI","RP",999,48,-5.68763047138618,-1.3993415316800395,-0.8303822773379202,-2.07018340743875,-6.861851959364172,-16.84938964720706,5.923586940896976,-9.925802706310089,"Tim Mayza","15042",641835
"Connor Phillips ","CIN","RP",999,58,-5.347115197716783,-1.3993415316800395,-2.168688829785781,-2.6058332581525323,-5.333896582670746,-16.85487540000588,5.923586940896976,-9.931288459108908,"Connor Phillips","27649",683175
"Drew Thorpe ","CHW","SP",999,45.536,-5.789548250195979,-1.3993415316800395,-2.819604099223463,-2.4086919361160337,-7.13267888933223,-19.549864706547748,8.602693719932358,-9.94717098661539,"Drew Thorpe","31967",689672
"Jacob Webb ","CHC","RP",999,54,-5.495634852489487,-1.3993415316800395,-1.9810495807258095,-1.89514752812658,-6.1199009699320115,-16.891074462953924,5.923586940896976,-9.96748752205695,"Jacob Webb","19274",657097
"Kyle Nicolas ","BAL","RP",999,42,-6.034018403440996,-1.3993415316800395,-1.185686034265204,-1.8240342383123134,-6.538060055713824,-16.981140263412378,5.923586940896976,-10.057553322515401,"Kyle Nicolas","27775",693312
"Zack Kelly ","BOS","RP",999,58,-5.2906624764768,-1.3993415316800395,-1.8148225408188055,-2.8195599951128547,-5.6711127627051665,-16.99549930679367,5.923586940896976,-10.071912365896692,"Zack Kelly","20349",677161
"Daniel Lynch IV ","KCR","RP",999,59,-5.2376197587599815,-1.3993415316800395,-1.907936367374915,-2.0740689136986448,-6.377928521376154,-16.996895092889734,5.923586940896976,-10.073308151992759,"Daniel Lynch IV","21537",663738
"Alek Manoah ","LAA","SP",748.5599975585938,44.9147,-5.825636249733196,-1.3993415316800395,-2.931744334708751,-2.603151301014119,-6.923722171193147,-19.683595588329254,8.602693719932358,-10.080901868396895,"Alek Manoah","26410",666201
"Brandyn Garcia ","ARI","RP",999,46,-5.753081537022449,-1.3993415316800395,-0.6690933653536767,-2.440027152380456,-6.7552304414671385,-17.01677402790376,5.923586940896976,-10.093187087006784,"Brandyn Garcia","33568",805299
"Luinder Avila ","KCR","RP",999,42,-5.98372265809873,-1.3993415316800395,-0.9125702795394052,-1.8178517182186456,-6.935305470595291,-17.04879165813211,5.923586940896976,-10.125204717235137,"Luinder Avila","24452",679883
"Elvis Alvarado ","ATH","RP",748.52001953125,54,-5.450074947139554,-0.8436845161102166,-1.9388359726814377,-2.93269893597847,-5.8883295404700045,-17.053623912379685,5.923586940896976,-10.130036971482706,"Elvis Alvarado","21662",665660
"Tyler Gilbert ","CHW","RP",999,40,-6.176191838411851,-1.3993415316800395,-1.1167552120699453,-1.3045080346075253,-7.10658832626058,-17.103384943029944,5.923586940896976,-10.17979800213297,"Tyler Gilbert","17964",656457
"Gus Varland ","WSN","RP",999,46,-5.914388253350918,-1.3993415316800395,-1.2337339951049848,-1.8411454741572442,-6.715031636726748,-17.103640891019936,5.923586940896976,-10.18005395012296,"Gus Varland","24737",681402
"Cade Winquest ","STL","RP",999,50,-5.623695163607358,-1.3993415316800395,-1.4023658472332452,-1.9760303295926578,-6.729199959853038,-17.130632831966338,5.923586940896976,-10.207045891069365,"Cade Winquest","sa3020805",685464
"Yerry De los Santos ","NYY","RP",999,40,-6.052394031697934,-1.3993415316800395,-0.6568228817887066,-1.7643553099786458,-7.299562362658712,-17.172476117804038,5.923586940896976,-10.248889176907063,"Yerry De los Santos","21420",660787
"AJ Blubaugh ","HOU","RP",748.5399780273438,46.0042,-5.782917938709883,-1.3993415316800395,-1.775809683333409,-1.6054256122436144,-6.627582441494195,-17.19107720746114,5.923586940896976,-10.267490266564167,"AJ Blubaugh","31764",805123
"Carlos Rodriguez ","MIL","RP",999,39.141,-6.148155060438066,-1.3993415316800395,-1.4461670460307143,-1.1540947806669548,-7.048944604137298,-17.19670302295307,5.923586940896976,-10.273116082056095,"Carlos Rodriguez","30161",692230
"John King ","MIA","RP",999,56,-5.421753851653473,-1.3993415316800395,-0.7065111647272327,-2.74516616739685,-6.9380169949410275,-17.210789710398622,5.923586940896976,-10.287202769501645,"John King","22051",667463
"Tyler Ferguson ","CHC","RP",999,52,-5.522913977362597,-1.3993415316800395,-1.642119975613124,-2.588684910753945,-6.061386953953184,-17.21444734936289,5.923586940896976,-10.290860408465914,"Tyler Ferguson","19481",621053
"Ryan Zeferjahn ","LAA","RP",999,52,-5.683841754226703,-1.3993415316800395,-1.8762518272203592,-2.4890672082453,-5.772324667848492,-17.220826989220896,5.923586940896976,-10.297240048323918,"Ryan Zeferjahn","25420",666171
"Cristian Javier ","HOU","SP",470.2799987792969,157.49,-0.0706900567923036,-1.3993415316800395,-11.34328051167426,-7.245649226688752,0.13919261119789836,-19.919768715637456,8.602693719932358,-10.317074995705099,"Cristian Javier","17606",664299
"Jackson Rutledge ",,"RP",999,42,-6.113582480016226,-1.3993415316800395,-1.419573630784664,-1.3382542071292967,-7.007788805716546,-17.278540655326772,5.923586940896976,-10.354953714429799,"Jackson Rutledge","26215",671131
"Zak Kent ","WSN","RP",999,54,-5.489383254639705,-1.3993415316800395,-1.5373290638412969,-2.805358337421954,-6.063726074665422,-17.295138262248415,5.923586940896976,-10.37155132135144,"Zak Kent","25703",687849
"Mick Abel ","MIN","SP",298.7799987792969,137.795,-0.8923789587286477,-1.3993415316800395,-7.300226504789521,-9.02072149993233,-1.4051371174977134,-20.01780561262825,8.602693719932358,-10.415111892695894,"Mick Abel","27756",690953
"Drew Smith ","MIN","RP",999,36,-6.3189336825792495,-1.3993415316800395,-1.2935326873270554,-1.2379929300534598,-7.091369971922621,-17.341170803562424,5.923586940896976,-10.41758386266545,"Drew Smith","17755",622098
"Ryan Bergert ","KCR","SP",999,60.2304,-5.003000450792043,-1.3993415316800395,-3.933764726232588,-3.522518349262373,-6.175039269924694,-20.03366432789174,8.602693719932358,-10.43097060795938,"Ryan Bergert","29863",686701
"Matt Pushard ","MIA","RP",999,50,-5.731580222754646,-1.3993415316800395,-1.6443731948689988,-1.96380561932546,-6.64893468168382,-17.388035250312964,5.923586940896976,-10.464448309415989,"Matt Pushard","31870",690155
"Ethan Roberts ","CHC","RP",999,42,-6.037712498648407,-1.3993415316800395,-1.4580957236765428,-1.6736987415114966,-6.8433506730631155,-17.412199168579605,5.923586940896976,-10.488612227682626,"Ethan Roberts","24930",681799
"Connor Seabold ","KCR","RP",999,52,-5.66906559922511,-1.3993415316800395,-2.3388857967720535,-1.457278397874346,-6.627582441494195,-17.492153767045743,5.923586940896976,-10.568566826148768,"Connor Seabold","19695",657756
"Grant Wolfram ","BAL","RP",999,50,-5.6106237845393,-1.3993415316800395,-1.4611858345853652,-2.5615123679511695,-6.482303702583997,-17.514967221339873,5.923586940896976,-10.591380280442896,"Grant Wolfram","21623",664991
"John Klein ","MIN","RP",999,41.234,-6.044248188182437,-1.3993415316800395,-1.579681751398067,-1.4323608414117053,-7.080989569212746,-17.536621881884994,5.923586940896976,-10.613034940988017,"John Klein","32155",804619
"Spencer Bivens ","SFG","RP",999,42,-6.060445027433316,-1.3993415316800395,-1.0423518087687764,-1.7009734355330735,-7.338119828171685,-17.541231631586886,5.923586940896976,-10.617644690689913,"Spencer Bivens","30226",702352
"Jonathan Cannon ","CHW","SP",999,110.489,-2.858748231410442,-1.3993415316800395,-6.664749784992611,-5.456145582042775,-3.8504265818809524,-20.229411712006822,8.602693719932358,-10.626717992074463,"Jonathan Cannon","31730",686563
"Michael Kopech ",,"RP",999,38,-6.227150727816753,-1.3993415316800395,-1.3272175992450128,-1.9416210507150686,-6.680780389267145,-17.57611129872402,5.923586940896976,-10.652524357827044,"Michael Kopech","17282",656629
"Brent Suter ","LAA","RP",999,61,-5.294072479999964,-1.3993415316800395,-2.1102937562632733,-2.4948732853735347,-6.280663993344593,-17.579245046661406,5.923586940896976,-10.655658105764433,"Brent Suter","13942",608718
"Cole Winn ","TEX","RP",999,63,-5.142142821704097,-0.3512819084824773,-2.7594342450597904,-3.5963556714966454,-5.768237607685633,-17.617452254428645,5.923586940896976,-10.69386531353167,"Cole Winn","22113",668390
"Mike Clevinger ","PIT","RP",748.0900268554688,51.0731,-5.6533420955626115,-1.3993415316800395,-2.263753578462178,-1.6364087331791979,-6.6896985563350775,-17.642544495219106,5.923586940896976,-10.718957554322131,"Mike Clevinger","12808",605182
"Blade Tidwell ","SFG","RP",999,35.1543,-6.259450010194491,-1.3993415316800395,-1.2510342719614203,-1.3259455875487094,-7.425070499411543,-17.660841900796203,5.923586940896976,-10.737254959899229,"Blade Tidwell","31701",694918
"Michael Petersen ","MIA","RP",999,48,-5.8832255635382165,-1.3993415316800395,-2.0394924284023337,-1.8158100824318735,-6.5476495126534395,-17.685519118705905,5.923586940896976,-10.76193217780893,"Michael Petersen","20827",656848
"Tim Hill ","NYY","RP",999,66,-4.838852140136955,-1.3993415316800395,-1.1824242021034985,-3.4853946315699664,-6.807085809496726,-17.713098314987185,5.923586940896976,-10.78951137409021,"Tim Hill","16814",657612
"Bradgley Rodriguez ","SDP","RP",999,52,-5.581734505684722,-1.3993415316800395,-1.5171187261177879,-2.9154844817670575,-6.300773536045176,-17.71445278129478,5.923586940896976,-10.790865840397807,"Bradgley Rodriguez","29107",699134
"Steven Cruz ","KCR","RP",999,45,-5.889476935559951,-1.3993415316800395,-1.5675058732297833,-2.2320868762445887,-6.664013606478945,-17.75242482319331,5.923586940896976,-10.828837882296334,"Steven Cruz","23165",674444
"Joey Lucchesi ","LAA","RP",999,54,-5.567052972635195,-1.3993415316800395,-1.4098496635363846,-2.705096077713589,-6.714891953675654,-17.796232199240862,5.923586940896976,-10.872645258343889,"Joey Lucchesi","19320",664192
"Peyton Pallette ","CHW","RP",999,48,-5.859735155824582,-1.3993415316800395,-1.9661348133360943,-2.226981550599669,-6.49201306893045,-17.944206120370836,5.923586940896976,-11.020619179473861,"Peyton Pallette","31865",688883
"Zach Pop ","MIA","RP",999,42,-6.00948625094244,-1.3993415316800395,-1.1377279816666304,-2.12199254250718,-7.279060642680376,-17.947608949476667,5.923586940896976,-11.024022008579692,"Zach Pop","20185",647315
"Joel Peguero ","SFG","RP",999,48,-5.851778782041268,-0.417535424019344,-1.930133393394579,-2.8660621484169795,-6.9239483005608,-17.98945804843297,5.923586940896976,-11.065871107535996,"Joel Peguero","21951",666711
"Nick Anderson ",,"RP",999,40,-6.116424074342846,-1.3993415316800395,-1.6641832747855443,-1.7311205961550262,-7.079859936407529,-17.990929413370985,5.923586940896976,-11.067342472474012,"Nick Anderson","18337",623433
"Roddery Muñoz ","HOU","RP",999,54,-5.514957603579281,-1.3993415316800395,-2.41913937506055,-2.731952449843958,-5.93177832109973,-17.99716928126356,5.923586940896976,-11.073582340366583,"Roddery Munoz","25311",682610
"Ron Marinaccio ","SDP","RP",999,40,-6.153838136177281,-1.3993415316800395,-1.5058080780945207,-1.9603177730563002,-6.999195889745804,-18.01850140875395,5.923586940896976,-11.094914467856972,"Ron Marinaccio","23488",676760
"George Klassen ","LAA","RP",999,49.936,-5.570557598110425,-1.3993415316800395,-2.0805861843808846,-2.580520875977237,-6.456120355489299,-18.087126545637883,5.923586940896976,-11.16353960474091,"George Klassen","33464",691946
"Ryan Watson ","BOS","RP",999,42,-6.049741907103495,-1.3993415316800395,-1.5649607856828003,-1.955235510394137,-7.127893920930422,-18.097173655790893,5.923586940896976,-11.17358671489392,"Ryan Watson","27853",670245
"Michael Kelly ","ATH","RP",999,58,-5.332907226083686,-0.5658560733296962,-2.8973393343258644,-3.3112418865492637,-6.013811312363827,-18.121155832652338,5.923586940896976,-11.197568891755362,"Michael Kelly","12791",547184
"Cade Gibson ","MIA","RP",999,40,-6.179222902470653,-1.3993415316800395,-0.9505935191799574,-2.2309160114150575,-7.3822065623369415,-18.14228052708265,5.923586940896976,-11.218693586185674,"Cade Gibson","31815",806188
"Chris Roycroft ","STL","RP",999,52,-5.615075532847385,-1.3993415316800395,-1.2208847712218864,-3.213665819827391,-6.720966011578031,-18.169933667154734,5.923586940896976,-11.246346726257759,"Chris Roycroft","31261",688297
"Sean Burke ","CHW","SP",748.5599975585938,142.05,-1.0933731478496758,-1.3993415316800395,-9.080376754197196,-8.329835632213234,-0.9585884022370443,-20.861515468177192,8.602693719932358,-11.258821748244829,"Sean Burke","29878",680732
"Andre Granillo ","WSN","RP",999,52,-5.719740284031738,-1.3993415316800395,-2.327085408260212,-2.5097127808684365,-6.266628508546385,-18.22250851338681,5.923586940896976,-11.298921572489835,"Andre Granillo","29542",701552
"Sam Bachman ","LAA","RP",999,59,-5.402147008879432,-0.8308700704727721,-2.193474520532437,-3.756742575967536,-6.091876645855382,-18.27511082170756,5.923586940896976,-11.351523880810584,"Sam Bachman","29754",696147
"Jedixson Paez ","BOS","RP",999,52,-5.704395719833602,-1.3993415316800395,-2.033371137427679,-2.373279550490379,-6.787601164656301,-18.297989104088,5.923586940896976,-11.374402163191025,"Jedixson Paez","29114",699151
"Tyler Anderson ","LAA","SP",999,74.2886,-4.323295965750468,-1.3993415316800395,-5.088187137396797,-4.486626494595894,-5.705005042469037,-21.002456171892238,8.602693719932358,-11.399762451959877,"Tyler Anderson","12880",542881
"Tanner Gordon ","COL","SP",999,57.1998,-5.451874570853203,-1.3993415316800395,-4.934470667011271,-2.6197408426224538,-6.687950870392716,-21.093378482559686,8.602693719932358,-11.490684762627328,"Tanner Gordon","27669",685299
"Steven Wilson ","TBR","RP",999,43,-6.127600981917142,-1.3993415316800395,-2.3585319485503344,-1.887121488861866,-6.697879267875549,-18.470475218884932,5.923586940896976,-11.546888277987955,"Steven Wilson","20353",621051
"Enmanuel De Jesus ","DET","RP",999,50,-5.73281143727175,-1.3993415316800395,-1.8348249190182144,-2.665550196157229,-6.872059722949192,-18.504587807076426,5.923586940896976,-11.58100086617945,"Enmanuel De Jesus","18554",646241
"Julian Aguiar ","CIN","RP",999,35.0807,-6.377943680633556,-1.3993415316800395,-1.8859599846832935,-1.2348217233259855,-7.6211945026905585,-18.519261423013436,5.923586940896976,-11.595674482116458,"Julian Aguiar","30031",687924
"Jimmy Herget ","COL","RP",999,77,-4.659454113063846,-0.8769476205891005,-4.814785643798571,-3.294688425949295,-4.924389987300701,-18.570265790701516,5.923586940896976,-11.64667884980454,"Jimmy Herget","17556",623474
"Christian Roa ","CHC","RP",999,46,-5.877542374884977,-1.3993415316800395,-2.047339781389165,-2.6936454704025614,-6.604887875069465,-18.622757033426208,5.923586940896976,-11.699170092529235,"Christian Roa","27662",685005
"Chase Shugart ","PHI","RP",999,38,-6.251967197827605,-1.3993415316800395,-1.8268023202534633,-1.7969915925680608,-7.391716417683011,-18.66681906001218,5.923586940896976,-11.743232119115206,"Chase Shugart","21544",663767
"Ryan Rolison ","CHC","RP",999,36,-6.322343573188389,-1.3993415316800395,-1.2782276833047834,-2.0596080716701617,-7.652601387476345,-18.71212224731972,5.923586940896976,-11.788535306422743,"Ryan Rolison","22200",669020
"Cody Laweryson ","MIN","RP",999,50,-5.7538391901231245,-1.3993415316800395,-2.440388659285364,-2.37990037332257,-6.739294405245972,-18.71276415965707,5.923586940896976,-11.789177218760097,"Cody Laweryson","26429",689520
"Luis Curvelo ","TEX","RP",999,40,-6.182822262811974,-1.3993415316800395,-1.9747056578728144,-2.0374432038787043,-7.140075246317195,-18.734387902560727,5.923586940896976,-11.810800961663752,"Luis Curvelo","24710",681168
"Juan Mejia ","COL","RP",748.510009765625,66,-5.098287918115746,-0.6157506487925333,-3.6074866133510235,-4.353280229515543,-5.16123159997358,-18.836037009748427,5.923586940896976,-11.912450068851452,"Juan Mejia","23237",675848
"Jaden Hill ","COL","RP",999,55,-5.563074785743537,-1.3993415316800395,-2.8358407596824304,-3.1400229343281842,-6.009784080150256,-18.94806409158445,5.923586940896976,-12.02447715068747,"Jaden Hill","30250",677955
"Dan Altavilla ","KCR","RP",999,42,-6.086777029473569,-1.3993415316800395,-1.7657097901113927,-2.762555942028151,-6.9892276914662,-19.003611984759353,5.923586940896976,-12.08002504386238,"Dan Altavilla","16507",656186
"Taijuan Walker ","LAA","SP",748.25,121.496,-1.9778603133437072,-1.3993415316800395,-7.746775188150073,-6.865313974746181,-3.700907917327298,-21.690198925247294,8.602693719932358,-12.087505205314937,"Taijuan Walker","11836",592836
"Juan Morillo ","ARI","RP",999,54,-5.466461256122615,-1.3993415316800395,-1.8532280255206126,-4.014785618028865,-6.33778269986204,-19.07159913121417,5.923586940896976,-12.148012190317196,"Juan Morillo","21924",666661
"José Urquidy ","PIT","RP",999,62.5422,-5.0987614795321745,-1.3993415316800395,-3.973211869343432,-2.2801561610148564,-6.327355651632382,-19.078826693202885,5.923586940896976,-12.155239752305912,"Jose Urquidy","18413",664353
"Tommy Kahnle ","BOS","RP",748.510009765625,46,-5.886919658745627,-1.3993415316800395,-1.8852691139976683,-3.231596751020164,-6.724268970693641,-19.127396026137138,5.923586940896976,-12.203809085240163,"Tommy Kahnle","11384",592454
"Zach Maxwell ","CIN","RP",999,40,-6.200250542408003,-1.3993415316800395,-1.9870133454131123,-2.7722810974662733,-6.80392937815522,-19.162815895122648,5.923586940896976,-12.239228954225673,"Zach Maxwell","31610",687209
"Travis Adams ","MIN","RP",999,46.1543,-5.834350502445235,-1.3993415316800395,-2.4474041233397585,-2.405791014231696,-7.12180008938379,-19.20868726108052,5.923586940896976,-12.285100320183542,"Travis Adams","30180",701519
"Wikelman González ","CHW","RP",999,45,-6.03894393899356,-1.3993415316800395,-2.2398728855600307,-3.098797011018823,-6.509709973523483,-19.286665340775937,5.923586940896976,-12.363078399878962,"Wikelman Gonzalez","26641",682790
"Eduarniel Núñez ","CHC","RP",999,50,-5.6731384080688345,-1.3993415316800395,-2.1576510340978023,-3.848988162125117,-6.323999709290492,-19.403118845262284,5.923586940896976,-12.47953190436531,"Eduarniel Nunez","23162",674384
"Josiah Gray ","WSN","SP",999,81.744,-4.315055274454857,-1.3993415316800395,-6.665744334154745,-4.866330137715671,-4.8936211828045755,-22.140092460809893,8.602693719932358,-12.537398740877533,"Josiah Gray","24580",680686
"Caden Dana ","LAA","SP",999,72.3249,-4.7142964544943124,-1.3993415316800395,-5.730496626777747,-5.077503147953068,-5.410247439801959,-22.331885200707124,8.602693719932358,-12.729191480774771,"Caden Dana","31508",702674
"Orlando Ribalta ","WSN","RP",999,48,-5.934089718077026,-1.3993415316800395,-2.6287128333024166,-3.083173344249671,-6.612975549078627,-19.658292976387777,5.923586940896976,-12.734706035490804,"Orlando Ribalta","26247",687377
"Brennan Bernardino ","COL","RP",999,58,-5.415407631851624,-1.3993415316800395,-2.7543324304247956,-4.201227045834233,-5.9376728951542415,-19.70798153494493,5.923586940896976,-12.784394594047955,"Brennan Bernardino","16835",657514
"Carter Baumler ","TEX","RP",999,50,-5.7625534428351655,-1.3993415316800395,-2.695472059656564,-3.2434773625034654,-6.6073932972000655,-19.7082376938753,5.923586940896976,-12.784650752978326,"Carter Baumler","30231",691945
"Keegan Thompson ","COL","RP",999,40,-6.251304166678995,-1.3993415316800395,-2.5825497715505317,-2.495835956959729,-6.981797871390958,-19.710829298260254,5.923586940896976,-12.78724235736328,"Keegan Thompson","19795",624522
"Mason Black ","KCR","RP",999,58.0285,-5.3079015121687,-1.3993415316800395,-3.495859448090965,-3.2228265620536454,-6.3138053816432365,-19.73973443563659,5.923586940896976,-12.81614749473961,"Mason Black","30171",696131
"Tanner McDougal ","CHW","RP",999,52.936,-5.5292601971644455,-1.3993415316800395,-2.786496924891711,-3.6694761629447186,-6.457608955990248,-19.842183772671163,5.923586940896976,-12.918596831774186,"Tanner McDougal","sa3017471",701780
"Chase Petty ","CIN","RP",999,48.0001,-5.7887905970953035,-1.3993415316800395,-2.779170644477218,-2.988025700177443,-6.919595310233517,-19.874923783663522,5.923586940896976,-12.951336842766544,"Chase Petty","30170",695534
"Brandan Bidois ","PIT","RP",999,52,-5.716993537485234,-1.3993415316800395,-2.8721539866056403,-3.7567933002748606,-6.337350721787514,-20.082633077833286,5.923586940896976,-13.15904613693631,"Brandan Bidois","28052",684049
"Walbert Ureña ","LAA","RP",999,42,-6.161131478811987,-1.3993415316800395,-1.7849911087407302,-3.4684954763965057,-7.273099649461826,-20.087059245091087,5.923586940896976,-13.163472304194112,"Walbert Urena","29357",700712
"Jack Kochanowicz ","LAA","SP",999,81.5288,-4.220241368547582,-1.3993415316800395,-4.958714535673295,-6.33823098593308,-6.047922876772336,-22.96445129860633,8.602693719932358,-13.361757578673975,"Jack Kochanowicz","27688",686799
"Erick Fedde ","CHW","SP",999,108.032,-3.004615987416756,-1.3993415316800395,-7.64598977252172,-7.019513673951028,-4.061902158088399,-23.13136312365794,8.602693719932358,-13.528669403725583,"Erick Fedde","17425",607200
"Gabriel Hughes ","COL","RP",999,35.234,-6.450498506258326,-1.3993415316800395,-2.50617850330581,-2.468764714203742,-7.669972914218054,-20.494756169665976,5.923586940896976,-13.571169228768998,"Gabriel Hughes","sa3020661",687312
"Luis Mey ","CIN","RP",999,36,-6.400581587466399,-1.3993415316800395,-2.003866038057968,-3.45277337187445,-7.292763778150119,-20.549326307228974,5.923586940896976,-13.625739366331999,"Luis Mey","25620",682825
"Randy Vásquez ","SDP","SP",721.1699829101562,141.464,-0.9082917062952792,-1.3993415316800395,-9.828123514364849,-8.37840110490348,-2.93024179381083,-23.44439965105448,8.602693719932358,-13.841705931122123,"Randy Vasquez","24719",681190
"Seth Halvorsen ","COL","RP",712.510009765625,50,-5.823268216823005,-1.3993415316800395,-3.0963826696386936,-3.9513473670279335,-6.500711951353745,-20.771051736523415,5.923586940896976,-13.84746479562644,"Seth Halvorsen","33294",678020
"Luis Peralta ","CHC","RP",999,42,-6.241074494851578,-1.3993415316800395,-3.6704228312285654,-4.567534332943829,-6.938708058456965,-22.817081249160978,5.923586940896976,-15.893494308264003,"Luis Peralta","24203",678821
"Zach Agnos ","COL","RP",743.47998046875,60,-5.528407696283654,-0.35455370949816156,-5.578944208468103,-5.140373325902475,-6.2784044742259,-22.880683414378296,5.923586940896976,-15.957096473481322,"Zach Agnos","31552",688642
"Ryan Feltner ","COL","SP",999,121.254,-2.4382902804435265,-1.3993415316800395,-10.230053629000915,-9.061147239227807,-2.801337406902819,-25.930170087255103,8.602693719932358,-16.327476367322745,"Ryan Feltner","21446",663372
"Kyle Freeland ","COL","SP",999,167.643,-0.35361646831277577,-1.3993415316800395,-14.037012311407327,-10.179426392561664,-1.1630458557829981,-27.132442559744806,8.602693719932358,-17.529748839812452,"Kyle Freeland","16256",607536
"Chase Dollander ","COL","SP",743.4400024414062,127.895,-2.2170262173998467,-1.3993415316800395,-11.635417829908258,-10.148499814346897,-2.1153557175386335,-27.515641110873677,8.602693719932358,-17.912947390941323,"Chase Dollander","33482",801403
"Antonio Senzatela ","COL","SP",999,94.877,-3.9905473703041583,-1.3993415316800395,-9.137363100607224,-8.133604195026141,-5.4445919783011325,-28.105448175918692,8.602693719932358,-18.502754455986338,"Antonio Senzatela","15488",622608
"Tomoyuki Sugano ","COL","SP",999,115.827,-2.90373995339188,-1.3993415316800395,-11.796685943905516,-8.249790172889341,-4.629433127141501,-28.978990729008277,8.602693719932358,-19.37629700907592,"Tomoyuki Sugano","35321",608372
"Michael Lorenzen ","COL","SP",999,148.909,-1.3807506301940908,-1.3993415316800395,-13.468223616041973,-11.33442344135386,-1.4176639746424549,-29.000403193912422,8.602693719932358,-19.39770947398006,"Michael Lorenzen","14843",547179
"Jose Quintana ","COL","SP",999,147.773,-1.6048565133924377,-1.3993415316800395,-14.371973402966185,-14.453336399949762,-2.555165676239997,-34.384673524228425,8.602693719932358,-24.781979804296068,"Jose Quintana","11423",500779