Name,Team,POS,ADP,PA,mAVG,mRBI,mR,mSB,mHR,PTS,aPOS,Dollars,NameASCII,PlayerId,MLBAMID
"Shohei Ohtani ","LAD","DH",1.2699999809265137,658.176,3.3294189057084824,6.784776128754659,9.813891883736463,4.082124227747065,9.442293733107414,33.45250487905408,8.401389694984731,42.85389457403882,"Shohei Ohtani","19755",660271
"Aaron Judge ","NYY","OF/DH",1.850000023841858,633.319,4.405133511040454,7.392908173655932,7.735263799044518,-0.47751021602959615,8.921800625227016,27.977595892938325,11.603575064486456,40.58117095742478,"Aaron Judge","15640",592450
"Ronald Acuña Jr. ","ATL","OF",5.260000228881836,676.219,5.582734365908375,3.675084682376454,7.8194402644022105,4.713793315736612,4.333835350552355,26.124887978976002,11.603575064486456,38.72846304346246,"Ronald Acuna Jr.","18401",660670
"Bobby Witt Jr. ","KCR","SS",3.0999999046325684,633.655,7.177258461990297,4.589205283532967,5.866371600717171,7.09944038210841,3.198262874114619,27.930538602463464,9.112007661449356,38.04254626391282,"Bobby Witt Jr.","25764",677951
"Juan Soto ","NYM","OF",4.650000095367432,621.171,2.5542504031928988,4.614853032730945,7.010355361744241,3.1924386560297955,5.707735142878222,23.0796325965761,11.603575064486456,35.68320766106256,"Juan Soto","20123",665742
"Fernando Tatis Jr. ","SDP","OF",14.010000228881836,619.251,3.1282141095679705,3.326609525553132,5.362796619511161,4.333310514368278,4.17498985343012,20.32592062243066,11.603575064486456,32.92949568691712,"Fernando Tatis Jr.","19709",665487
"Julio Rodríguez ","SEA","OF",9.489999771118164,617.685,3.305464673759925,5.145537533439014,3.3019972486518445,4.186534473384276,3.9418973009796976,19.88143123021476,11.603575064486456,32.485006294701215,"Julio Rodriguez","23697",677594
"Vladimir Guerrero Jr. ","TOR","1B/DH",18.049999237060547,636.639,7.649063609875492,6.709036986271598,4.914537765415569,-1.8347094301377362,4.877465685997555,22.31539461742248,8.485428816948463,31.800823434370944,"Vladimir Guerrero Jr.","19611",665489
"Corbin Carroll ","ARI","OF",14.100000381469727,609.917,0.3919157171793115,3.033963881473668,5.243507125661799,7.556439319450298,2.6784892794382396,18.904315323203317,11.603575064486456,31.507890387689777,"Corbin Carroll","25878",682998
"Gunnar Henderson ","BAL","SS",12.510000228881836,665.535,3.34498432261717,3.623120409105773,6.2027399059321295,4.515927194026078,3.262719519373303,20.949491351054455,9.112007661449356,31.06149901250381,"Gunnar Henderson","26289",683002
"Cal Raleigh ","SEA","C/DH",18.729999542236328,614.647,-5.53359383194247,5.070245275326999,3.94242757461434,-0.7448926663872697,7.019256798957436,9.753443150569037,19.52826284096506,30.281705991534096,"Cal Raleigh","21534",663728
"José Ramírez ","CLE","3B/DH",6.28000020980835,603.88,3.257397045747591,4.382611259471186,2.87081442984809,6.617185644645186,2.7655244624539446,19.893532842165996,8.401389694984731,29.29492253715073,"Jose Ramirez","13510",608070
"Elly De La Cruz ","CIN","SS",8.449999809265137,616.808,0.8183673279907304,3.1688267572552067,2.9325498706966666,9.2474261258584,1.3588959656995425,17.526066047500542,9.112007661449356,27.6380737089499,"Elly De La Cruz","26668",682829
"Kyle Tucker ","LAD","OF",13.130000114440918,562.259,1.697107119027911,2.502100102564228,4.254432939504193,2.6535824730518023,2.757452804794461,13.864675438942596,11.603575064486456,26.468250503429054,"Kyle Tucker","18345",663656
"Yordan Alvarez ","HOU","DH",33.38999938964844,543.074,6.87969200516453,4.472770181329696,2.939684516330462,-2.132894192769945,3.905133529917613,16.064386039972355,8.401389694984731,25.465775734957088,"Yordan Alvarez","19556",670541
"Jackson Chourio ","MIL","OF",19.3799991607666,594.109,2.1437054885423064,1.370441465300841,2.8340078746396418,3.919185558127116,1.7065572763584131,11.97389766296832,11.603575064486456,24.577472727454776,"Jackson Chourio","28806",694192
"Junior Caminero ","TBR","3B",16.479999542236328,570.613,2.2511010289398605,6.386797666065096,1.9261166765897129,-1.7063604432065662,6.205810536397836,15.06346546478594,8.401389694984731,24.464855159770668,"Junior Caminero","28163",691406
"Pete Crow-Armstrong ","CHC","OF",32.939998626708984,587.39,-1.4194446332971544,1.3965966144617772,2.1398630180800517,7.765564206252459,1.593307879756062,11.475887085253197,11.603575064486456,24.079462149739655,"Pete Crow-Armstrong","27769",691718
"Freddie Freeman ","LAD","1B",67.87999725341797,658.412,4.241428138398002,5.715535445344369,3.985768356315266,-1.0187332032169076,1.6665564580744374,14.590555194915167,8.485428816948463,24.075984011863632,"Freddie Freeman","5361",518692
"William Contreras ","MIL","C/DH",56.560001373291016,586.014,2.0285806192577844,1.611265590839263,1.2039015069687937,-1.371692876971014,-0.005333081358759567,3.466721758736067,19.52826284096506,23.994984599701123,"William Contreras","20503",661388
"Nick Kurtz ","ATH","1B",19.8700008392334,600.279,-0.16200376133398298,4.205831250358279,5.142630964282663,-1.922382919769152,7.171467378239653,14.43554291177746,8.485428816948463,23.920971728725927,"Nick Kurtz","35110",701762
"Francisco Lindor ","NYM","SS",25.350000381469727,644.192,-0.002007177198734967,1.5060569067766763,5.024244971964137,4.3029141702816895,2.5305134621915366,13.361722334015305,9.112007661449356,23.47372999546466,"Francisco Lindor","12916",596019
"Pete Alonso ","BAL","1B",24.440000534057617,642.471,-1.0224472160386329,6.884006182672662,3.7994157790452023,-2.521153187409513,6.124888166831521,13.264709725101243,8.485428816948463,22.750138542049708,"Pete Alonso","19251",624413
"Brent Rooker ","ATH","OF/DH",42.11000061035156,607.999,-0.2985863561871926,5.020152330360073,2.779125543176778,-1.639480973063745,4.195250552571232,10.056461096857143,11.603575064486456,22.6600361613436,"Brent Rooker","19627",667670
"Salvador Perez ","KCR","C/1B/DH",91.13999938964844,563.481,-0.602787007306421,3.4918574352021032,0.06283509349200234,-3.2976036026549833,2.4361261347203675,2.0904280534530693,19.52826284096506,22.61869089441813,"Salvador Perez","7304",521692
"Trea Turner ","PHI","SS",26.780000686645508,609.394,4.407649835825894,-0.21689492401787971,3.384254671012406,5.414606621738755,-0.8083906098391583,12.181225594720017,9.112007661449356,22.293233256169376,"Trea Turner","16252",607208
"James Wood ","WSN","OF/DH",37.790000915527344,597.537,0.15711344973197644,1.0744395333930015,3.462462855192644,2.175181692524514,2.6325745809106444,9.50177211175278,11.603575064486456,22.10534717623924,"James Wood","29518",695578
"Bryce Harper ","PHI","1B",47.900001525878906,598.364,2.646715967922826,4.207233970745174,2.856826674828582,-0.3523394860043039,2.7368323490513418,12.09526947654362,8.485428816948463,21.580698293492087,"Bryce Harper","11579",547180
"Shea Langeliers ","ATH","C",54.04999923706055,492.493,-1.4367068161763747,1.112511599115162,0.10387905651597278,-1.735810388062317,2.6808071180541493,0.7246805694465921,19.52826284096506,21.25294341041165,"Shea Langeliers","25816",669127
"George Springer ","TOR","OF/DH",94.37999725341797,608.582,-0.012972061499464055,1.3283412335118918,3.515668896851876,0.9590448154239438,2.3377814846270986,8.127864368915347,11.603575064486456,20.731439433401803,"George Springer","12856",543807
"Kyle Schwarber ","PHI","DH",24.690000534057617,626.373,-5.424395167855744,4.8294614935165185,5.442492923859833,-1.3337561332886767,7.79062373422103,11.304426850452963,8.401389694984731,20.705816545437695,"Kyle Schwarber","16478",656941
"Ketel Marte ","ARI","2B/DH",32.63999938964844,596.305,3.9662407462012808,1.6376240103217519,4.369581264969776,-1.3117785504689785,2.252504688223332,10.914172159247162,8.746241511376516,20.66041367062368,"Ketel Marte","13613",606466
"Zach Neto ","LAA","SS",32.29999923706055,598.581,-1.2932316954904157,0.6750986940444857,2.867425940005102,5.641381289903481,2.3587609347760368,10.249435163238688,9.112007661449356,20.361442824688044,"Zach Neto","31347",687263
"Matt Olson ","ATL","1B",48.0099983215332,651.293,-0.5925924000253452,5.727393397995525,3.9207004455914323,-3.1051477769051172,4.3934970195753635,10.343850686231859,8.485428816948463,19.82927950318032,"Matt Olson","14344",621566
"Mookie Betts ","LAD","SS",60.58000183105469,591.152,2.7693336391099854,2.6431448788119023,3.0774634723497885,-0.7998028464963343,0.9074166741020069,8.59755581787735,9.112007661449356,18.709563479326707,"Mookie Betts","13611",605141
"Wyatt Langford ","TEX","OF",37.75,558.778,-0.4810794015604913,0.6458727665144528,2.020385354595492,2.944260854868111,0.9287558808529542,6.058195455270519,11.603575064486456,18.661770519756974,"Wyatt Langford","33333",694671
"Cody Bellinger ","NYY","OF",80.98999786376953,573.919,0.889189426363764,2.904755334331335,0.9983642453651345,-0.2589181123901638,1.4755828671219375,6.008973760792006,11.603575064486456,18.61254882527846,"Cody Bellinger","15998",641355
"Manny Machado ","SDP","3B",37.52000045776367,591.132,1.7825960389065323,4.0258175362826645,1.291128905953662,-0.5619715912017313,2.4563464374633712,8.9939173274045,8.401389694984731,18.395307022389233,"Manny Machado","11493",592518
"Hunter Goodman ","COL","C/DH",67.36000061035156,468.571,-0.6498266370716547,0.9571075590839505,-1.5114100296901254,-2.6302294875849994,1.6152065385109813,-2.219152056751848,19.52826284096506,18.309110784213214,"Hunter Goodman","29715",696100
"Jackson Merrill ","SDP","OF",70.79000091552734,578.999,2.01458484477874,2.8430294305806196,0.6298376058539397,-1.2131839039212975,0.9555699428416791,5.229837920133681,11.603575064486456,17.833412984620136,"Jackson Merrill","29490",701538
"Maikel Garcia ","KCR","3B",63.150001525878906,620.014,3.4567586572019944,-0.7451797487543421,2.6250433401384115,5.355470051606321,-2.638166041390502,8.053926258801882,8.401389694984731,17.455315953786613,"Maikel Garcia","22715",672580
"Yainer Diaz ","HOU","C/DH",113.04000091552734,481.479,2.3646159950243377,-0.05603982566901475,-2.045521638947041,-2.8964623530848055,-0.46576436721603287,-3.099172189892556,19.52826284096506,17.429090651072503,"Yainer Diaz","23003",673237
"Brandon Nimmo ","TEX","OF",145.4600067138672,641.893,-0.5714012419220715,1.1350668463982283,3.2464383683479263,-0.17279965181861667,1.0700975424558292,4.707401863461295,11.603575064486456,17.310976927947756,"Brandon Nimmo","12927",607043
"Ben Rice ","NYY","C/1B/DH",53.189998626708984,464.664,-1.960144466398704,0.360731055832135,-0.9816852148293456,-2.169376915760066,1.3863495102922623,-3.3641260308637193,19.52826284096506,17.16413681010134,"Ben Rice","29576",700250
"Riley Greene ","DET","OF/DH",78.4800033569336,582.17,0.28569828250497925,3.2954315822634603,1.0383337741362202,-2.3423910289802055,2.1433315168488294,4.420404126773283,11.603575064486456,17.02397919125974,"Riley Greene","25976",682985
"Josh Naylor ","SEA","1B/DH",67.45999908447266,570.12,1.2630752303368986,2.9183418605566045,0.6602636303788134,1.605354231957859,1.019666831498354,7.4667017847285315,8.485428816948463,16.952130601676995,"Josh Naylor","18839",647304
"CJ Abrams ","WSN","SS",65,588.828,-0.808249183973158,0.3650214561305443,1.2436843025141104,6.036842672897325,-0.3380088527123341,6.499290394856487,9.112007661449356,16.61129805630584,"CJ Abrams","25768",682928
"Drake Baldwin ","ATL","C",78.62999725341797,485.094,1.4798353794186994,-1.0556829233344367,-0.5960459115858742,-3.0558504133246656,-0.7148013017796491,-3.942545170605926,19.52826284096506,16.58571767035913,"Drake Baldwin","31539",686948
"Austin Riley ","ATL","3B",59.36000061035156,616.633,0.24663301033803348,4.549668430150157,2.060205496785963,-2.567170842343712,2.821789785251206,7.111125880181646,8.401389694984731,16.512515575166375,"Austin Riley","18360",663586
"Jazz Chisholm Jr. ","NYY","2B/3B",19.520000457763672,545.576,-3.3355998980719583,1.2577474680232352,0.4171455888844796,5.711270374090944,2.4245369416408176,6.475100474567517,8.746241511376516,16.221341985944036,"Jazz Chisholm Jr.","20454",665862
"Yandy Díaz ","TBR","1B/DH",138.63999938964844,614.32,5.57803052637599,0.19765860412832356,3.1111645103727597,-2.3963882643457235,0.2272800496877149,6.717745426219067,8.485428816948463,16.20317424316753,"Yandy Diaz","16578",650490
"Jeremy Peña ","HOU","SS",122.9800033569336,598.831,2.7205430177556695,-0.3122612901445497,2.0373105668972853,2.0446347054717067,-0.778779287830575,5.711447712149537,9.112007661449356,15.823455373598893,"Jeremy Pena","21636",665161
"Adley Rutschman ","BAL","C",148.92999267578125,544.55,-0.6126096544138613,0.12187911791732156,-0.019025879866158068,-3.083339240012767,-1.1439833060145308,-4.737078962389996,19.52826284096506,15.791183878575064,"Adley Rutschman","26288",668939
"Alec Burleson ","STL","1B/OF/DH",175.19000244140625,540.963,3.4575316734421615,1.3804265379663978,-0.34377794202887174,-1.5021381301371668,0.13201238561629045,3.124054524858811,11.603575064486456,15.727629589345268,"Alec Burleson","27615",676475
"Teoscar Hernández ","LAD","OF",125.41999816894531,548.266,-0.6977982403592295,2.8219374192763595,0.18238888667629868,-1.5615450770174908,2.2844338488478253,3.029416837423764,11.603575064486456,15.632991901910223,"Teoscar Hernandez","13066",606192
"Michael Harris II ","ATL","OF",99.06999969482422,484.77,2.7029152158888943,-0.027139751326202718,-1.2777823452931307,1.6828164447093599,-0.4027459861691945,2.6780635778097266,11.603575064486456,15.281638642296185,"Michael Harris II","25931",671739
"Corey Seager ","TEX","SS",95.08999633789062,515.276,2.820437912837854,1.8858729334832802,0.8391784796255652,-2.5967221986332274,2.123950392111783,5.0727175194252565,9.112007661449356,15.18472518087461,"Corey Seager","13624",608369
"Randy Arozarena ","SEA","OF",89.37999725341797,631.303,-5.195682573773101,1.5838504760210723,1.7238932115387344,3.789044861715146,0.5657896706848852,2.466895646186737,11.603575064486456,15.070470710673195,"Randy Arozarena","19290",668227
"Jarren Duran ","BOS","OF",64.04000091552734,576.529,-0.14308446831503374,-0.17066566684228782,1.2406908252640945,3.422087024346216,-2.0026655313939106,2.346362183059079,11.603575064486456,14.949937247545536,"Jarren Duran","24617",680776
"Oneil Cruz ","PIT","OF",92.93000030517578,516.681,-3.5593488995372184,-1.2081379920212982,0.7407499599134301,5.665928983479359,0.6362013547814859,2.275393406615759,11.603575064486456,14.878968471102217,"Oneil Cruz","21711",665833
"Vinnie Pasquantino ","KCR","1B/DH",77.0999984741211,560.055,1.551717238119026,3.331410429178187,0.9857310244371642,-2.991811148539637,2.204192120479804,5.081239663674546,8.485428816948463,14.56666848062301,"Vinnie Pasquantino","27676",686469
"Will Smith ","LAD","C",95.69000244140625,472.159,-0.7103790339329926,-0.6960829835312059,-1.2170265356751253,-2.536774175804234,-0.8061528018232716,-5.96641553076683,19.52826284096506,14.56184731019823,"Will Smith","19197",669257
"Byron Buxton ","MIN","OF",73.4800033569336,488.814,-1.8889374207008698,-0.5476141855013474,0.7205856443492633,1.4219597959304568,2.138256052414977,1.8442498864924797,11.603575064486456,14.447824950978939,"Byron Buxton","14161",621439
"Rafael Devers ","SFG","1B/DH",61.619998931884766,622.074,-2.114663675029405,3.6334530585043656,2.7193493647893443,-2.715468619126736,3.434911833990835,4.957581963128403,8.485428816948463,14.443010780076866,"Rafael Devers","17350",646240
"Jose Altuve ","HOU","2B/OF/DH",116.5199966430664,586.847,1.5095614989056778,0.5231719730254754,1.9645061549889091,0.5109052712225212,0.1484369513296228,4.6565818494722055,8.746241511376516,14.402823360848721,"Jose Altuve","5417",514888
"Taylor Ward ","BAL","OF",148.42999267578125,610.312,-2.9987659065585888,2.173393372432311,2.3936550180412133,-1.8095197328587573,2.0180531399648958,1.7768158910210736,11.603575064486456,14.38039095550753,"Taylor Ward","17548",621493
"Nico Hoerner ","CHC","2B",101.93000030517578,602.002,5.210363763485614,-0.9930818710237571,-0.05400675869036022,4.734113651930453,-4.623869664144188,4.273519121557764,8.746241511376516,14.01976063293428,"Nico Hoerner","21479",663538
"Brice Turang ","MIL","2B",48.18000030517578,613.003,0.20335461981729228,-0.9925535233559061,1.6622339003898947,5.4363141502634535,-2.2569776257933416,4.052371521321392,8.746241511376516,13.79861303269791,"Brice Turang","22186",668930
"Alex Bregman ","CHC","3B",119.16999816894531,635.426,0.15139604913806218,3.126990311379722,2.311173515809729,-2.5445169952013993,1.2490833117210447,4.294126192847158,8.401389694984731,13.69551588783189,"Alex Bregman","17678",608324
"Munetaka Murakami ","CHW","1B",999,587.261,-5.365376211017339,3.9582340335711916,1.4169325165634952,-0.625909484859607,4.719619428081324,4.1035002823390645,8.485428816948463,13.58892909928753,"Munetaka Murakami","37120",808959
"Ezequiel Tovar ","COL","SS",209.22999572753906,602.993,0.7988828722546057,1.7368540642397559,0.7174226707866267,-0.3452052158229472,0.039742439162877764,2.947696830620919,9.112007661449356,13.059704492070274,"Ezequiel Tovar","24064",678662
"Agustín Ramírez ","MIA","C/DH",86.8499984741211,422.292,-1.26035199673058,-2.076111575139947,-3.1127479893171546,0.046062989795150555,-1.3166146456379042,-7.719763217030436,19.52826284096506,12.808499623934622,"Agustin Ramirez","26546",682663
"Alejandro Kirk ","TOR","C",160.25,445.579,2.187362727451617,-2.129967348578353,-2.6273040861285746,-3.1304726827113467,-2.2997360698952596,-8.000117459861917,19.52826284096506,12.528145381103142,"Alejandro Kirk","22581",672386
"Ian Happ ","CHC","OF",184.86000061035156,627.12,-3.6182467820851003,1.688163839659724,2.0457839461188994,-0.9201383954427816,0.6787593412852504,-0.125678050464008,11.603575064486456,12.477897014022448,"Ian Happ","17919",664023
"Masyn Winn ","STL","SS",364.7799987792969,648.973,0.5200839867542476,0.36528679372585293,2.007977649947873,0.8268410654246143,-1.4790165501859318,2.2411729456666563,9.112007661449356,12.353180607116013,"Masyn Winn","27479",691026
"Bryan Reynolds ","PIT","OF/DH",204.72000122070312,605.663,-0.9761044195913018,1.531173980784037,0.8104675279589059,-1.6877977977136776,-0.09972117102611956,-0.4219818795881559,11.603575064486456,12.1815931848983,"Bryan Reynolds","19326",668804
"Seiya Suzuki ","CHC","OF/DH",113.43000030517578,529.27,-0.8803475956723992,0.9950989373502275,0.0213587712299058,-1.2697169894234814,0.7102090805057952,-0.42339779600995225,11.603575064486456,12.180177268476504,"Seiya Suzuki","30116",673548
"Steven Kwan ","CLE","OF",169.60000610351562,573.283,3.480996440488639,-3.4852846309819157,1.2456047819206706,2.0897394156623585,-3.7625894930488166,-0.4315334859590641,11.603575064486456,12.172041578527393,"Steven Kwan","24610",680757
"Eugenio Suárez ","CIN","3B",97.91999816894531,563.019,-4.6188206837160815,3.526940961692895,0.7255182743284163,-2.476724660928254,4.919264525095384,2.0761784164723607,8.401389694984731,11.477568111457094,"Eugenio Suarez","12552",553993
"Andy Pages ","LAD","OF",133.4199981689453,492.668,-0.614294087193153,0.48393924928407084,-1.159603195932378,-0.47761178868980536,0.3932779958634513,-1.3742918266678144,11.603575064486456,11.229283237818644,"Andy Pages","24816",681624
"Geraldo Perdomo ","ARI","SS",76.7699966430664,556.962,1.9523024718686062,-0.963652673172172,0.574673738142994,2.509883277539914,-3.121974265514552,0.9512325488647903,9.112007661449356,11.063240210314147,"Geraldo Perdomo","22799",672695
"Luis Arraez ","SFG","1B/DH",280.04998779296875,591.681,9.350275781398468,-2.9564101671447673,0.8393293026156092,-0.27251046904348497,-5.477237476583931,1.4834469712418934,8.485428816948463,10.968875788190356,"Luis Arraez","18568",650333
"Tyler Soderstrom ","ATH","1B/OF",82.8499984741211,460.771,0.013367927063033247,0.18592323434283697,-1.4075583461788366,-1.823517735247136,0.7582022880454211,-2.273582631974681,11.603575064486456,10.329992432511776,"Tyler Soderstrom","27467",691016
"Bo Bichette ","NYM","SS",92.86000061035156,503.043,4.90342430524195,-0.4304047940579652,-0.9641193639222224,-1.846408182197158,-1.857167613963164,-0.19467564889855946,9.112007661449356,9.917332012550796,"Bo Bichette","19612",666182
"Luis Robert Jr. ","NYM","OF",105.63999938964844,489.095,-4.35672307266565,-1.2548754250007705,-1.7880021565176503,5.267019289284638,-0.7244720470472142,-2.857053411946647,11.603575064486456,9.74652165253981,"Luis Robert Jr.","20043",673357
"Gabriel Moreno ","ARI","C",181.22000122070312,400.478,2.7397978582736457,-3.7362583074613487,-3.8186211288644505,-2.1049995994269524,-3.949327178671516,-10.869408356150624,19.52826284096506,9.658854484814436,"Gabriel Moreno","22664",672515
"Heliot Ramos ","SFG","OF",218.8000030517578,536.935,-0.5206044119800252,0.0932428294879741,-0.6578172626701754,-1.5375389430696156,-0.33597074009841005,-2.9586885283302524,11.603575064486456,9.644886536156207,"Heliot Ramos","22515",671218
"Gleyber Torres ","DET","2B",261.510009765625,637.404,0.12567382931157492,0.005849004675310516,2.346286544301398,-1.7812193325542622,-0.9481735802320578,-0.251583534498037,8.746241511376516,9.49465797687848,"Gleyber Torres","16997",650402
"Jakob Marsee ","MIA","OF",137.0800018310547,541.349,-4.588621752386725,-4.023535132360886,0.45361458787711567,7.806171343539628,-3.078896080110636,-3.4312670334415043,11.603575064486456,9.172308031044953,"Jakob Marsee","31370",805300
"Lawrence Butler ","ATH","OF",157.22000122070312,480.389,-2.2427907582846136,-1.7620697901148168,-1.3658371161090972,1.969438046722204,-0.4079411154049861,-3.80920073319131,11.603575064486456,8.794374331295147,"Lawrence Butler","22542",671732
"Roman Anthony ","BOS","OF",50.75,511.079,0.7610591270749768,-2.9482948711011208,0.9013663894442736,-0.6637448171081797,-1.9212252495160178,-3.870839421206069,11.603575064486456,8.732735643280389,"Roman Anthony","31812",701350
"Matt Chapman ","SFG","3B",163.6199951171875,596.907,-4.0308896453735,1.205336310381508,1.4911877019951518,-0.39081714440886595,0.9257589254311333,-0.7994238519745722,8.401389694984731,8.60196584301016,"Matt Chapman","16505",656305
"Ryan Jeffers ","MIN","C/DH",298.05999755859375,453.969,-2.0116195987441805,-2.5682554022089943,-2.874262368231314,-2.63080434047385,-1.8432213291638835,-11.928163038822222,19.52826284096506,8.600099802142836,"Ryan Jeffers","24618",680777
"Daylen Lile ","WSN","OF",206.50999450683594,494.696,1.9938702960990908,-1.2754375369553357,-2.2974125510289336,0.79127128717804,-3.437506339048871,-4.225214843756009,11.603575064486456,8.378360220730448,"Daylen Lile","29995",695734
"Jo Adell ","LAA","OF",120.33000183105469,459.514,-3.2926765223964916,-0.101800474927746,-2.114617959914479,-1.0225876438321775,2.2936244105152515,-4.238058190555642,11.603575064486456,8.365516873930815,"Jo Adell","20220",666176
"Willy Adames ","SFG","SS",133.92999267578125,599.052,-4.967057698365905,1.2165425566582218,0.43625557992776726,0.14401514896039763,1.1751556165967585,-1.99508879622276,9.112007661449356,8.116918865226594,"Willy Adames","15986",642715
"Jacob Wilson ","ATH","SS",196.44000244140625,477.656,6.739043731055581,-1.7009730933518072,-1.761907624625897,-1.9273870661621224,-3.3915112288231577,-2.0427352819074027,9.112007661449356,8.069272379541953,"Jacob Wilson","33266",805779
"Adolis García ","PHI","OF",213.99000549316406,500,-3.709462530823055,0.12511282288002867,-1.7137656444085707,-0.19842917483894554,0.8911521695887209,-4.605392357601822,11.603575064486456,7.998182706884635,"Adolis Garcia","19287",666969
"Francisco Alvarez ","NYM","C",165.25,366.29,-2.104721968935156,-3.18082215382016,-3.8039359970671676,-2.80043729330736,-0.6945009684366218,-12.584418381566467,19.52826284096506,7.943844459398593,"Francisco Alvarez","26121",682626
"Ceddanne Rafaela ","BOS","2B/OF",125.02999877929688,510.005,-0.283896550063508,-0.8387965936020044,-1.5928759904553131,2.4765448732890456,-1.7302912927654346,-1.9693155535972147,8.746241511376516,7.776925957779302,"Ceddanne Rafaela","24262",678882
"Nolan Schanuel ","LAA","1B",594.6599731445312,558.658,1.9165887815263007,-0.8075977026074407,0.14108206072682303,-1.4807353195930966,-1.6288300224484054,-1.8594922023958191,8.485428816948463,7.6259366145526455,"Nolan Schanuel","33189",694384
"Marcus Semien ","NYM","2B",266.25,620.714,-3.6438125110789765,0.8891982031852569,0.8024652910300007,-0.47446722811088604,0.08366018367084616,-2.3429560613037586,8.746241511376516,7.403285450072758,"Marcus Semien","12533",543760
"Ozzie Albies ","ATL","2B",150.5,548.959,-0.09526591233462542,-0.25736744155256785,-0.7488288822957189,-0.12394191244645904,-1.2148736493188892,-2.4402777979482604,8.746241511376516,7.305963713428257,"Ozzie Albies","16556",645277
"Xander Bogaerts ","SDP","SS",237.1999969482422,519.972,1.9082926232864268,-1.440034516070788,-1.58026144284992,1.1177564501147441,-2.8223461776953185,-2.816593063214856,9.112007661449356,7.2954145982345,"Xander Bogaerts","12161",593428
"Bryson Stott ","PHI","2B",181.44000244140625,528.603,-0.34097138212298567,-1.720945566205687,-1.1445036600148315,3.694811874178001,-2.9591329548625875,-2.470741689028091,8.746241511376516,7.275499822348427,"Bryson Stott","26294",681082
"Jake Burger ","TEX","1B",236.72000122070312,502.812,-1.8025246907076153,1.6237736981830166,-1.1956010526323053,-2.811662765138141,1.8289179662243578,-2.3570968440706874,8.485428816948463,7.128331972877777,"Jake Burger","22275",669394
"Michael Busch ","CHC","1B",106.45999908447266,505.652,-1.743786050663379,0.008696340858884212,0.26155802876453116,-2.4809849891182485,1.240251744459437,-2.7142649256987754,8.485428816948463,6.771163891249688,"Michael Busch","26319",683737
"Brenton Doyle ","COL","OF",166.25,483.949,-2.232457152918761,-2.0287845030597893,-2.375546041918864,2.173423679370672,-1.647052608975592,-6.1104166275023335,11.603575064486456,6.493158436984124,"Brenton Doyle","25479",686668
"Daulton Varsho ","TOR","OF",192.2100067138672,518.521,-5.68848818370655,-0.14461292868304948,-0.3318988360511215,-1.0675909425890653,1.0390479562354007,-6.1935429347943876,11.603575064486456,6.41003212969207,"Daulton Varsho","19918",662139
"Alec Bohm ","PHI","3B",239.8699951171875,532.437,2.8924067769589517,0.24758862250163927,-1.2619107393075015,-2.5962826147315448,-2.2740809272144897,-2.9922788817929447,8.401389694984731,6.409110813191787,"Alec Bohm","21618",664761
"Iván Herrera ","STL","DH",178.42999267578125,472.125,2.1764221678233158,-1.277104819096616,-1.7017917354085068,-1.0762467067297772,-1.681618587321802,-3.5603396807333856,8.401389694984731,5.841050014251347,"Ivan Herrera","20599",671056
"Austin Wells ","NYY","C",246.13999938964844,386.287,-3.8269325799254905,-3.5469500191407173,-3.9422413971422183,-1.9318839941598265,-1.5291271387433143,-14.777135129111569,19.52826284096506,5.751127711853489,"Austin Wells","27562",669224
"Trevor Story ","BOS","SS",111.33000183105469,481.54,-1.9392101635537486,-1.8278230840913985,-1.6457049746394352,2.1473546530618823,-1.3510209438821634,-4.616404513104863,9.112007661449356,5.495603148344493,"Trevor Story","12564",596115
"Samuel Basallo ","BAL","C",160.94000244140625,363.633,-2.1721213523726957,-3.9149903323338937,-4.736753207938365,-2.687337345362811,-1.5810769067088488,-15.092279144716615,19.52826284096506,5.435983696248443,"Samuel Basallo","28824",694212
"Christian Yelich ","MIL","DH",127.22000122070312,475.637,-0.08956243323005207,-1.2217850338384812,-1.8856406510438408,0.7673327071105261,-1.559497608157832,-3.98915301915968,8.401389694984731,5.412236675825052,"Christian Yelich","11477",592885
"Luke Keaschall ","MIN","2B",114.8499984741211,479.307,1.2382080295239262,-2.649323795984961,-2.128362243535773,3.233384368850995,-4.055344095620343,-4.361437736766155,8.746241511376516,5.384803774610361,"Luke Keaschall","33321",807712
"Brendan Donovan ","SEA","2B",268.5799865722656,544.974,2.5817601649398982,-2.66848241171171,0.23342882291661304,-1.4255209051827393,-3.16345374440848,-4.442268073446419,8.746241511376516,5.3039734379300985,"Brendan Donovan","24679",680977
"Royce Lewis ","MIN","3B",193.64999389648438,468.021,-1.187057370157454,-0.7023672949990388,-2.046350447187568,-0.3868612923598315,0.09225165913238416,-4.2303847455715085,8.401389694984731,5.1710049494132235,"Royce Lewis","20437",668904
"Wilyer Abreu ","BOS","OF",199.89999389648438,429.527,-1.2919183380855508,-1.8090097175749194,-2.480395311778586,-1.054269123910079,-0.8097092092490645,-7.4453017005982005,11.603575064486456,5.158273363888258,"Wilyer Abreu","23772",677800
"Willi Castro ","COL","2B/3B/OF",256.3399963378906,508.954,-1.2612801188718596,-2.905158115840441,-1.2307140811239747,1.0088831340332316,-3.1530238517349805,-7.541293033538024,11.603575064486456,5.062282030948434,"Willi Castro","17338",650489
"Kerry Carpenter ","DET","OF/DH",236.22000122070312,421.622,-0.7380445522036586,-2.443562249232437,-2.037407362082675,-2.5459033007868093,0.10635762403361589,-7.6585598402719635,11.603575064486456,4.945015224214494,"Kerry Carpenter","25961",681481
"Kazuma Okamoto ","TOR","3B",999,516.096,-1.800577070173315,0.42207059080371634,-1.2675587011822917,-2.6069333142866973,0.7612792740672655,-4.491719220771322,8.401389694984731,4.90967047421341,"Kazuma Okamoto","37123",672960
"Xavier Edwards ","MIA","2B/SS",182.42999267578125,481.817,4.254390495497705,-5.409299515905638,-1.7213908238623659,4.015650564565745,-6.379237788618249,-5.239887068322801,9.112007661449356,4.872120593126555,"Xavier Edwards","22266",669364
"TJ Friedl ","CIN","OF",265.1499938964844,512.243,-1.56450587410575,-3.6961108672729597,-0.14951793085221599,-0.1148129486903284,-2.3341823834395306,-7.859130004360784,11.603575064486456,4.744445060125672,"TJ Friedl","19522",670770
"J.T. Realmuto ","PHI","C",212.27000427246094,392.282,-1.7536672431799594,-4.18977999759457,-4.631490252163094,-1.8471857773403146,-3.3783240914298114,-15.800447361707754,19.52826284096506,4.727815479257306,"J.T. Realmuto","11739",592663
"Andrés Giménez ","TOR","2B",412.2200012207031,525.77,-1.0781490983760535,-2.1670230626927527,-1.35371238411899,2.593093535500584,-3.2164420046838393,-5.222233014371052,8.746241511376516,4.524008497005465,"Andres Gimenez","19950",665926
"Brandon Lowe ","PIT","2B",187.57000732421875,489.144,-2.6215180758580803,-0.6845105403393297,-0.806440391673664,-2.0699030207957967,0.7739866089585681,-5.408385419708302,8.746241511376516,4.337856091668215,"Brandon Lowe","18882",664040
"Nolan Arenado ","ARI","3B",638.0599975585938,530.553,-0.422699107056185,0.5477397516600924,-1.4047530385640186,-2.5697404694205583,-1.3103006123941694,-5.159753475774839,8.401389694984731,4.241636219209893,"Nolan Arenado","9777",571448
"Mickey Moniak ","COL","OF",245.8300018310547,394.44,-0.1394590025205252,-2.2457522960890266,-3.6882418360185683,-0.9717687459857596,-1.3220094702756584,-8.367231350889538,11.603575064486456,4.23634371359692,"Mickey Moniak","19956",666160
"Carlos Correa ","HOU","3B/SS",281.2300109863281,485.762,1.3997490855557815,-0.770541212652119,-1.6976685221425902,-3.2614927686130444,-1.7146666519542386,-6.044620069806212,9.112007661449356,4.067387591643145,"Carlos Correa","14162",621043
"Bo Naylor ","CLE","C",574.2899780273438,404.527,-5.008694066488467,-3.6700573532728,-4.053943776387653,-2.008940722402715,-1.727853789347585,-16.46948970789922,19.52826284096506,4.058773133065838,"Bo Naylor","21865",666310
"Logan O'Hoppe ","LAA","C",246.50999450683594,380.791,-3.7416503431208383,-3.907505794959797,-4.926946744021549,-2.6224528106344307,-1.5345219633810687,-16.733077656117686,19.52826284096506,3.795185184847374,"Logan O'Hoppe","24729",681351
"Jorge Polanco ","NYM","2B/DH",209.42999267578125,468.512,-1.614493499539197,-0.5600819491171593,-1.8118185430550247,-1.8255801439287158,-0.14184013252404273,-5.953814268164139,8.746241511376516,3.792427243212377,"Jorge Polanco","13152",593871
"Isaac Paredes ","HOU","3B",243.60000610351562,478.084,-1.7058443674451045,-0.6972630375734988,-0.608433506501487,-2.9668919892349925,0.3579921232151278,-5.6204407775399545,8.401389694984731,3.780948917444777,"Isaac Paredes","20036",670623
"Spencer Torkelson ","DET","1B",188.35000610351562,569.68,-5.594592491400825,1.264458491998143,-0.050128453232086256,-2.7984086212593495,1.4028137102075107,-5.775857363686606,8.485428816948463,3.709571453261857,"Spencer Torkelson","27465",679529
"Otto Lopez ","MIA","2B/SS",229.16000366210938,487.888,1.8842675595448142,-2.6324430492050714,-2.89388013000775,1.108999274540268,-3.960156843247037,-6.493213188374776,9.112007661449356,3.61879447307458,"Otto Lopez","19608",672640
"Sal Frelick ","MIL","OF",216.39999389648438,456.988,1.85988648870629,-3.8986992246546888,-3.2111018157389823,0.8960536434497953,-4.780237261450465,-9.13409816968805,11.603575064486456,3.4694768947984067,"Sal Frelick","29622",686217
"Ryan O'Hearn ","PIT","1B/OF/DH",285.44000244140625,447.284,1.4512388107221201,-2.3241564521390012,-3.0245984154788736,-2.559427942333324,-2.7036619411552016,-9.16060594038428,11.603575064486456,3.4429691241021776,"Ryan O'Hearn","16442",656811
"Dansby Swanson ","CHC","SS",152.30999755859375,527.002,-3.1829736992627815,-1.245947047670916,-1.8672840567460582,0.6908507511432658,-1.2331762664460995,-6.838530318982588,9.112007661449356,3.273477342466767,"Dansby Swanson","18314",621020
"Jung Hoo Lee ","SFG","OF",339.44000244140625,470,2.2347388462262505,-3.119237453117241,-2.9179414243527675,-0.8915337608369936,-4.6838910897692045,-9.377864881849955,11.603575064486456,3.2257101826365018,"Jung Hoo Lee","33824",808982
"Addison Barger ","TOR","3B/OF",193.08999633789062,438.957,-1.459121556705759,-1.5219974544297687,-2.715190078836635,-2.368426036509147,-1.3210506274677616,-9.385785753949072,11.603575064486456,3.217789310537386,"Addison Barger","24598",680718
"Luis García Jr. ","WSN","2B",261.8500061035156,423.164,2.120531168487337,-2.87794549550288,-3.83439865003248,0.5594589375198303,-2.527274117605977,-6.55962815713417,8.746241511376516,3.1866133542423474,"Luis Garcia Jr.","20391",671277
"Jordan Beck ","COL","OF",232.9199981689453,438.638,-1.4245074140336456,-3.3833499956099775,-3.3504615403349116,1.192919896216623,-2.67588903635858,-9.641288090120492,11.603575064486456,2.962286974365966,"Jordan Beck","31431",687597
"Freddy Fermin ","SDP","C",735.3099975585938,392.809,-1.2522931078308146,-5.020473648572374,-4.834730695089798,-2.350302974917941,-4.115285490645337,-17.573085917056265,19.52826284096506,2.9551769239087937,"Freddy Fermin","21840",666023
"Josh Lowe ","LAA","OF",297.0899963378906,424.412,-2.0789886428049016,-3.668348951562655,-3.8243258289116855,2.4611606459284787,-2.73211434385583,-9.842617121206592,11.603575064486456,2.760957943279865,"Josh Lowe","19953",666139
"Jeff McNeil ","ATH","2B/OF",440.5199890136719,483.961,0.8116877192232567,-2.5454767127404048,-2.371592324965568,-2.252215466152304,-3.4968886631679887,-9.85448544780301,11.603575064486456,2.7490896166834484,"Jeff McNeil","15362",643446
"Colt Keith ","DET","2B/3B/DH",502.489990234375,488.787,0.5914350450173478,-1.5353597626285944,-1.7871173283093922,-2.1495633142821573,-1.8208428679069204,-6.701448228109717,8.401389694984731,2.699941466875015,"Colt Keith","27899",690993
"Chandler Simpson ","TBR","OF",180.19000244140625,353.261,2.934944961344447,-7.301606558189994,-5.55351931001786,7.282395637300241,-7.2805189209093815,-9.918304190472547,11.603575064486456,2.6852708740139106,"Chandler Simpson","31912",802415
"Sal Stewart ","CIN","1B/3B",161.8699951171875,416.063,1.590635366839347,-1.8295920013934552,-3.1405180928078247,-1.4320126879816617,-1.909436742132601,-6.720924157476195,8.401389694984731,2.680465537508537,"Sal Stewart","31505",701398
"Christian Walker ","HOU","1B",212.94000244140625,510.967,-4.900643036507381,0.4955520362038885,-1.4375505750561555,-2.466107818926504,1.3132205967758266,-6.995528797510325,8.485428816948463,2.4899000194381387,"Christian Walker","13419",572233
"Willson Contreras ","BOS","1B",168.1999969482422,456.372,-1.5367860369439237,-0.819353244256898,-1.9045430809246393,-2.261040276220364,-0.5231081976231311,-7.044830835968956,8.485428816948463,2.440597980979508,"Willson Contreras","11609",575929
"Edgar Quero ","CHW","C/DH",475.1000061035156,372.418,0.015178715066145933,-5.4385052715717,-5.2850048316142635,-3.0451659368293322,-4.4756541361955104,-18.229151461144657,19.52826284096506,2.2991113798204026,"Edgar Quero","28022",700337
"Josh Bell ","MIN","1B/DH",636.3300170898438,486.908,-1.1238738289947088,-1.4147537396288945,-1.1735349309841556,-2.827013255865138,-0.7719058025828683,-7.311081558055766,8.485428816948463,2.1743472588926984,"Josh Bell","13145",605137
"Jac Caglianone ","KCR","OF",164.58999633789062,391.029,-0.395699721570991,-2.534961740725153,-3.734989780885059,-2.6719868949424255,-1.2387707864858162,-10.576408924609444,11.603575064486456,2.0271661398770133,"Jac Caglianone","35041",695506
"Tyler Stephenson ","CIN","C",294.75,399.424,-3.303284199277889,-4.53758327617948,-4.75413088921029,-2.976866424467531,-2.9761162103837004,-18.54798099951889,19.52826284096506,1.980281841446168,"Tyler Stephenson","17988",663886
"Caleb Durbin ","BOS","3B",219.8300018310547,445.419,1.2014138326778432,-3.7956054829453505,-3.226483606109325,2.6234228093861454,-4.273411474563554,-7.470663921554242,8.401389694984731,1.9307257734304901,"Caleb Durbin","29646",702332
"Jordan Westburg ","BAL","3B",646.8400268554688,413.751,0.6843385201064575,-2.2444713827268794,-2.6524577698443395,-2.113452460086913,-1.177030608450777,-7.50307370100245,8.401389694984731,1.8983159939822816,"Jordan Westburg","27815",676059
"Lourdes Gurriel Jr. ","ARI","OF",689.0700073242188,386.133,1.2261055530383733,-3.1814117929208456,-4.250406521423666,-1.53682890180682,-2.9927400904009005,-10.735281753513858,11.603575064486456,1.8682933109725979,"Lourdes Gurriel Jr.","19238",666971
"Trent Grisham ","NYY","OF",253.82000732421875,477.724,-5.960253372217484,-2.8700745893496498,-0.5938798061669567,-1.66598934143455,0.06707631895365809,-11.023120790214984,11.603575064486456,1.5804542742714753,"Trent Grisham","18564",663757
"Colson Montgomery ","CHW","SS",254.75,526.652,-6.588171245381837,-0.4728913946260478,-0.5764461049273008,-2.4593117212130657,1.453244421164986,-8.643576044983265,9.112007661449356,1.4684316164660904,"Colson Montgomery","29712",695657
"Matt Wallner ","MIN","OF",340.5899963378906,409.736,-3.8625664800629322,-2.1105038273692758,-2.9537511114174975,-1.9994735055654433,-0.5594329436793748,-11.485727868094523,11.603575064486456,1.1178471963919352,"Matt Wallner","26466",670242
"Mike Trout ","LAA","OF/DH",178.44000244140625,417.795,-3.493272124569608,-2.9891747051198356,-2.252189354771316,-2.5807292608304078,-0.20190195454716695,-11.517267399838335,11.603575064486456,1.0863076646481225,"Mike Trout","10155",545361
"Mark Vientos ","NYM","3B/DH",652.5700073242188,432.092,-1.5309205551032732,-1.2051688488129777,-2.7368037315146534,-3.082088243721136,0.15359168416730748,-8.401389694984731,8.401389694984731,1,"Mark Vientos","22184",668901
"Jonathan Aranda ","TBR","1B",195.60000610351562,472.391,-0.26711172136768135,-2.3116685166592186,-1.5197692143621346,-2.8333360330433233,-1.553543331516106,-8.485428816948463,8.485428816948463,1,"Jonathan Aranda","21837",666018
"JJ Wetherholt ","STL","2B",999,493.862,-0.6198537683112758,-4.610821107530159,-0.6301419622018182,0.4851071053409561,-3.3705317786742195,-8.746241511376516,8.746241511376516,1,"JJ Wetherholt","34985",802139
"Ernie Clement ","TOR","2B/3B/SS",337.67999267578125,467.29,2.375876448020077,-2.856976842905211,-3.231453582733632,-1.1832267406702799,-4.216226943160311,-9.112007661449356,9.112007661449356,1,"Ernie Clement","20352",676391
"Lars Nootbaar ","STL","OF",745.989990234375,445.459,-1.4639463795224443,-3.922271599386438,-2.3263310638580816,-1.3274671733572827,-2.5635588483622094,-11.603575064486456,11.603575064486456,1,"Lars Nootbaar","21454",663457
"Victor Caratini ","MIN","C/DH",681.02001953125,317.942,-0.22345235414765025,-5.931909840138924,-6.126077135846418,-3.0281586831558127,-4.218664827676256,-19.52826284096506,19.52826284096506,1,"Victor Caratini","14968",605170
"Ramón Laureano ","SDP","OF",224.47999572753906,419.636,-2.226424689056039,-2.8271605004335703,-3.7598425368254507,-1.1778169485422518,-1.65332624582122,-11.64457092067853,11.603575064486456,0.9590041438079261,"Ramon Laureano","17128",657656
"Lane Thomas ","KCR","OF",726.6699829101562,414.192,-2.958527205168822,-3.9749069750546098,-3.3488800535535934,1.4517815289678626,-2.844284851750249,-11.674817556559413,11.603575064486456,0.9287575079270456,"Lane Thomas","16939",657041
"Keibert Ruiz ","WSN","C",720.3499755859375,323.967,-0.46674529034903817,-5.746852384229682,-6.404607697198365,-2.761858223469033,-4.282762097431026,-19.662825692677146,19.52826284096506,0.8654371482879136,"Keibert Ruiz","19610",660688
"Carter Jensen ","KCR","C/DH",999,307.746,-1.1285807432389094,-6.003256171321876,-6.183650580374495,-2.4277316525689288,-3.9608759753529594,-19.704095122857172,19.52826284096506,0.8241677181078875,"Carter Jensen","29478",695600
"Dillon Dingler ","DET","C",254.6199951171875,344.136,-1.6048435686862466,-5.43112236935838,-5.977020929400089,-3.0600092494676736,-3.798834208505037,-19.87183032541742,19.52826284096506,0.656432515547638,"Dillon Dingler","27464",693307
"Chase DeLauter ","CLE","DH/OF",999,470.815,-1.1693207476503245,-2.979087221452581,-3.339786145458655,-2.347598078853927,-2.5841385266091272,-12.419930720024615,11.603575064486456,0.18364434446184297,"Chase DeLauter","32127",800050
"Andrew Vaughn ","MIL","1B",272.2699890136719,494.628,-1.7857283649234958,-1.0629440185230106,-2.4335712372123584,-3.129492143780827,-0.8907901156230432,-9.302525880062735,8.485428816948463,0.18290293688572856,"Andrew Vaughn","26197",683734
"Marcell Ozuna ","PIT","DH",377.510009765625,451.42,-2.12405431440571,-1.1467169937529118,-2.368654867683283,-3.2716362699262356,-0.34731984137789024,-9.25838228714603,8.401389694984731,0.1430074078387018,"Marcell Ozuna","10324",542303
"Jorge Soler ","LAA","OF/DH",634.8099975585938,439.819,-4.419230091875419,-1.821579116351507,-2.917771928040147,-3.1673273551095664,-0.1984652119233136,-12.524373703299956,11.603575064486456,0.0792013611865029,"Jorge Soler","14221",624585
"Andrew Benintendi ","CHW","OF/DH",735.8099975585938,443.802,-0.7395059003583712,-3.1642664843865687,-3.685888279169167,-2.520510780640302,-2.452107472573713,-12.56227891712812,11.603575064486456,0.04129614735833642,"Andrew Benintendi","17901",643217
"Matt McLain ","CIN","2B",144.3000030517578,483.661,-3.9469727207759577,-3.1205804337531444,-1.4832628687243448,0.8787759727217748,-2.038550490248122,-9.710590540779792,8.746241511376516,0.035650970596723286,"Matt McLain","29695",680574
"Jackson Holliday ","BAL","2B",203.14999389648438,442.245,-1.1844247813635111,-4.379535170286247,-1.9690831111833196,0.8659952299914582,-3.0641106173053982,-9.731158450147017,8.746241511376516,0.015083061229499095,"Jackson Holliday","31781",702616
"Kyle Teel ","CHW","C",266.8800048828125,312.601,-1.1451523040771643,-6.761566191804073,-6.121200525834995,-2.0925906448782903,-4.58358873876013,-20.704098405354653,19.52826284096506,-0.1758355643895968,"Kyle Teel","33549",691019
"Carlos Narváez ","BOS","C",443.010009765625,339.026,-2.9995479888407983,-5.892941678151906,-5.450967577039808,-2.4493034284271245,-3.941335170513962,-20.734095842973602,19.52826284096506,-0.2058330020085426,"Carlos Narvaez","19722",665966
"Jordan Walker ","STL","OF",511.7200012207031,441.716,-2.0678349903893287,-3.454248666580962,-3.960673402935023,-0.6556638252430957,-2.7429836426332663,-12.881404527781674,11.603575064486456,-0.27782946329521674,"Jordan Walker","27475",691023
"Colton Cowser ","BAL","OF",251.72000122070312,404.652,-3.819685760641151,-3.534157178178607,-3.6298963214224087,-0.19842917483894554,-1.72281872131184,-12.90498715639295,11.603575064486456,-0.30141209190649354,"Colton Cowser","29591",681297
"Carson Kelly ","CHC","C",591.9099731445312,319.108,-2.3443402044662363,-5.870224280116151,-6.009347323599517,-2.9991482818951334,-3.681308891272875,-20.90436898134991,19.52826284096506,-0.3761061403848529,"Carson Kelly","13620",608348
"Giancarlo Stanton ","NYY","OF/DH",251.4600067138672,347.039,-3.326131311928497,-2.60736554308473,-4.301391155900964,-3.223015130361788,0.42049144865610144,-13.037411692619877,11.603575064486456,-0.43383662813341894,"Giancarlo Stanton","4949",519317
"Jake Cronenworth ","SDP","2B",738.2999877929688,590.394,-4.352612433383832,-2.0569529594131977,0.3141794517861639,-1.744770386504322,-2.346810068828905,-10.186966396344094,8.746241511376516,-0.440724884967576,"Jake Cronenworth","18036",630105
"Chase Meidroth ","CHW","2B/SS",646.8699951171875,482.553,0.33115061587550126,-5.491872265229274,-1.4251809352584048,0.6028391696571539,-4.649964212928894,-10.63302762788392,9.112007661449356,-0.5210199664345623,"Chase Meidroth","31580",805367
"Justin Crawford ","PHI","OF",999,363.072,0.9119949102339631,-6.240073854339325,-4.873213540101879,2.659499483575097,-5.788054223384503,-13.329847224016644,11.603575064486456,-0.726272159530186,"Justin Crawford","31791",702222
"Brandon Marsh ","PHI","OF",609.72998046875,407.945,-0.9163885857209882,-4.198342178009262,-4.123604606260685,-0.5326909341129956,-3.631317586419336,-13.402343890523266,11.603575064486456,-0.7987688260368084,"Brandon Marsh","20202",669016
"Jesús Sánchez ","TOR","OF",617.4299926757812,369.389,-1.2644873477135463,-4.294887822337302,-4.452273038731541,-0.6841331908617166,-2.74410254664121,-13.439883946285313,11.603575064486456,-0.8363088817988555,"Jesus Sanchez","19913",660821
"Dylan Crews ","WSN","OF",282.2200012207031,360.266,-1.8750850920780593,-5.1363811789487155,-4.983164936253374,1.824487411545961,-3.28661359698037,-13.45675739271456,11.603575064486456,-0.8531823282281026,"Dylan Crews","33541",686611
"Moisés Ballesteros ","CHC","C/1B/DH",594.3599853515625,283.212,0.6619706640946008,-6.952623225562791,-7.04793705649092,-2.898862974540916,-5.171535447321033,-21.408988039821057,19.52826284096506,-0.8807251988559996,"Moises Ballesteros","28820",694208
"Joey Ortiz ","MIL","SS",743.4400024414062,480.313,-1.4737105444730534,-3.4121895543608765,-2.7523744097249088,0.6042931097361477,-3.9994385294250905,-11.033419928247781,9.112007661449356,-0.9214122667984253,"Joey Ortiz","25493",687401
"Kyle Stowers ","MIA","OF",164.42999267578125,389.041,-2.317200334748861,-3.328090725943755,-3.9612946500130612,-2.421375058143951,-1.6042141342736507,-13.63217490312328,11.603575064486456,-1.0285998386368225,"Kyle Stowers","26151",669065
"Cedric Mullins ","TBR","OF",321.5,411.798,-4.367759499401057,-4.206071105273774,-4.159621136283188,2.1491468462220173,-3.169927457754166,-13.754232352490169,11.603575064486456,-1.1506572880037118,"Cedric Mullins","17929",656775
"Tyler O'Neill ","BAL","OF",477.6400146484375,380.116,-3.170333143180246,-3.2164340279788024,-3.9568511174444794,-2.2052172319809755,-1.2477616527512794,-13.796597173335785,11.603575064486456,-1.1930221088493274,"Tyler O'Neill","15711",641933
"Kyle Manzardo ","CLE","1B/DH",253.4600067138672,414.828,-3.017032763851858,-1.544409946983196,-3.0689554568508113,-2.9355486010117877,-0.1592235410452721,-10.725170309742925,8.485428816948463,-1.2397414927944617,"Kyle Manzardo","29794",700932
"Miguel Vargas ","CHW","1B/3B",303.0899963378906,491.677,-3.3102489220781033,-1.9741559920631155,-2.0440536285106132,-1.3746005959025567,-1.956150984464237,-10.659210123018624,8.401389694984731,-1.2578204280338925,"Miguel Vargas","20178",678246
"Jake Meyers ","HOU","OF",738.1500244140625,398.13,-0.7520770975071237,-4.927548077986174,-4.223897585411649,0.41369668842058294,-4.376071298390454,-13.865897370874817,11.603575064486456,-1.2623223063883593,"Jake Meyers","20308",676694
"Danny Jansen ","TEX","C",999,307.159,-3.6886112746538395,-6.087781712246074,-5.872058901400191,-2.99448226766347,-3.268830797655216,-21.911764953618793,19.52826284096506,-1.3835021126537335,"Danny Jansen","16535",643376
"Evan Carter ","TEX","OF",280.4800109863281,366.945,-1.7336875789397035,-5.075671626805762,-4.480871232258023,1.1119410122516586,-3.8510233060744503,-14.02931273182628,11.603575064486456,-1.4257376673398228,"Evan Carter","27790",694497
"Sean Murphy ","ATL","C",746.0599975585938,315.608,-4.064187491644052,-5.710446824807881,-5.93040441599635,-3.182846911917217,-3.0975180574417482,-21.98540370180725,19.52826284096506,-1.4571408608421899,"Sean Murphy","19352",669221
"Kevin McGonigle ","DET","3B/SS",999,443.412,-0.28083513922143877,-3.7157978306675594,-3.4744768212056525,-0.7220697733176088,-3.37816441132786,-11.571343975740119,9.112007661449356,-1.4593363142907632,"Kevin McGonigle","33572",805808
"Harrison Bader ","SFG","OF",554.3099975585938,397.947,-1.4343399550832423,-4.653715024582267,-4.651898757330189,0.253226718123051,-3.740131382289926,-14.226858401162572,11.603575064486456,-1.623283336676114,"Harrison Bader","18030",664056
"Anthony Volpe ","NYY","SS",641.989990234375,428.735,-3.9529335226884186,-3.7231403891529395,-3.36787656825199,1.9099970810620326,-2.6138695134196497,-11.747822912450966,9.112007661449356,-1.6358152510016097,"Anthony Volpe","27647",683011
"Josh Jung ","TEX","3B",610.5,431.387,-0.6970903177879744,-2.603115486514262,-3.8494414477775813,-2.225740955334902,-1.766975414325592,-11.142363621740312,8.401389694984731,-1.7409739267555784,"Josh Jung","26299",673962
"Victor Scott II ","STL","OF",391.1300048828125,419.6,-4.412660823365505,-5.93282533242683,-4.3427166551730165,5.407979569952665,-5.343048264034558,-14.623271505047246,11.603575064486456,-2.019696440560788,"Victor Scott II","31349",687363
"Patrick Bailey ","CLE","C",747.8900146484375,401.605,-4.419856782480916,-5.673512917718227,-5.275044768633643,-2.618767415946509,-4.752823732157757,-22.740005616937054,19.52826284096506,-2.211742775971994,"Patrick Bailey","27478",672275
"Noelvi Marte ","CIN","3B/OF",147.7100067138672,376.498,-0.6315932782235295,-4.12817512502768,-4.4837706246904405,0.08227509419771424,-2.809239070901995,-11.970503004645929,8.401389694984731,-2.5691133096611973,"Noelvi Marte","26517",682622
"Brooks Lee ","MIN","2B/3B/SS",542.5700073242188,434.378,-1.063614875891179,-3.253775251552481,-3.5571285379544717,-2.0902915557757784,-2.7640031080822163,-12.728813329256127,9.112007661449356,-2.6168056678067715,"Brooks Lee","31595",686797
"Trevor Larnach ","MIN","OF/DH",748.52001953125,381.558,-1.3719159262488545,-4.538132571552224,-4.374176894486763,-2.162986544394908,-2.8816084559144017,-15.328820392597152,11.603575064486456,-2.725245328110694,"Trevor Larnach","21501",663616
"Josh Smith ","TEX","1B/3B/SS",428.9100036621094,474.812,-2.0476386063910645,-3.8043096422487603,-2.6035257644410685,-0.6596873923989361,-3.9631137833688466,-13.078275188848675,9.112007661449356,-2.9662675273993186,"Josh Smith","26396",669701
"Konnor Griffin ","PIT","SS",999,360.252,0.021766931140238834,-5.552785087693781,-5.067229361675605,1.6767981839787456,-4.494835565530594,-13.416284899780996,9.112007661449356,-3.3042772383316388,"Konnor Griffin","35376",804606
"Connor Norby ","MIA","3B",728.1400146484375,442.159,-2.5902214416514076,-3.5246593336120378,-3.5292830229687797,-0.5902719915062263,-2.6965891416036274,-12.931024931342078,8.401389694984731,-3.529635236357345,"Connor Norby","29592",681393
"Jake McCarthy ","COL","OF",506.760009765625,319.011,1.2448551503208483,-7.291823980005068,-5.236185584351167,0.5747415922201875,-5.459095111205815,-16.167507933021014,11.603575064486456,-3.5639328685345557,"Jake McCarthy","21622",664983
"Jonathan India ","KCR","2B/3B/OF/DH",607.719970703125,473.583,-1.6084828501988047,-4.096712448119652,-2.393845898044201,-1.6750507513103192,-3.644304647312625,-13.418396594985602,8.746241511376516,-3.672155083609084,"Jonathan India","21523",663697
"Miguel Amaya ","CHC","C",745.969970703125,260.893,-1.598740956351086,-7.532424663357967,-7.28376783384963,-2.9068425146656236,-4.950990549659961,-24.272766517884268,19.52826284096506,-3.7445036769192095,"Miguel Amaya","21693",665804
"Nolan Gorman ","STL","2B/3B/DH",653.1400146484375,441.962,-5.884255823334548,-1.9879457886099383,-3.246346275693404,-2.2893405959116366,-0.08461596691888391,-13.492504450468411,8.746241511376516,-3.7462629390918947,"Nolan Gorman","22263",669357
"Gavin Sheets ","SDP","OF/DH",684.8099975585938,395.522,-1.992986788996377,-4.111701694731816,-4.648509549282487,-2.7604381409434433,-2.9082224414030686,-16.42185861535719,11.603575064486456,-3.818283550870733,"Gavin Sheets","19901",657757
"Nick Castellanos ",,"OF",631.0399780273438,375.896,-1.5344799082453358,-4.1564661642467575,-5.133614459845824,-2.579917808133848,-3.1190969748946697,-16.523575315366433,11.603575064486456,-3.9200002508799754,"Nick Castellanos","11737",592206
"Mike Yastrzemski ","ATL","OF",656.0999755859375,379.06,-3.4884885727428916,-4.3845183965279615,-4.096041345727788,-2.110916609950247,-2.5671152557880026,-16.64708018073689,11.603575064486456,-4.043505116250432,"Mike Yastrzemski","14854",573262
"Cam Smith ","HOU","OF",341.8699951171875,406.67,-2.1714129811437664,-4.658351449931868,-4.526245251505685,-1.5005150635176026,-3.8296440840234913,-16.686168830122412,11.603575064486456,-4.082593765635956,"Cam Smith","35108",701358
"Kyle Isbel ","KCR","OF",999,382.346,-1.2130269080295406,-5.39097492916999,-4.76659461382564,-0.8130908076219175,-4.887132800058118,-17.070820058705205,11.603575064486456,-4.467244994218747,"Kyle Isbel","21614",664728
"Nick Fortes ","TBR","C",999,282.105,-2.3727016688278826,-7.373827262091989,-7.526207171888765,-2.807470111748341,-5.016606495324695,-25.096812709881668,19.52826284096506,-4.568549868916611,"Nick Fortes","21538",663743
"Dominic Canzone ","SEA","OF",477.1600036621094,329.467,-1.3577890607448797,-4.908369290395453,-5.773648336805919,-2.4068698373603055,-2.7875801228490507,-17.23425664815561,11.603575064486456,-4.630681583669153,"Dominic Canzone","26438",686527
"J.P. Crawford ","SEA","SS",748.5399780273438,498.394,-2.7460205514817617,-4.535488505690203,-1.720468649008954,-1.8344050346099983,-4.095304898604308,-14.931687639395223,9.112007661449356,-4.819679977945867,"J.P. Crawford","15491",641487
"Isaac Collins ","KCR","OF",666.1699829101562,351.981,-1.5308970603835763,-6.157013101075779,-5.00587097830214,0.28622686929277874,-5.059444779477589,-17.466999049946303,11.603575064486456,-4.863423985459847,"Isaac Collins","25477",686555
"Parker Meadows ","DET","OF",745.6900024414062,412.186,-4.200646388953504,-4.908227311506736,-4.2936525001022785,-0.11156681545119992,-3.985492244625809,-17.499585260639527,11.603575064486456,-4.896010196153072,"Parker Meadows","23800",678009
"Jake Fraley ","TBR","OF",999,332.669,-1.1532533562698009,-5.983386109469695,-5.870402003123851,-0.1908215438157252,-4.4717779874677195,-17.66964100014679,11.603575064486456,-5.066065935660333,"Jake Fraley","19260",641584
"Austin Hays ","CHW","OF/DH",572.469970703125,368.456,-2.1751707559496167,-4.588998254077417,-5.325596325668101,-2.134855270630983,-3.4593649825037787,-17.6839855888299,11.603575064486456,-5.0804105243434385,"Austin Hays","19363",669720
"Pedro Pagés ","STL","C",748.2899780273438,270.113,-2.5509817847168357,-7.469132336785826,-7.592893197834357,-3.1539379623969137,-4.855164005231708,-25.622109286965642,19.52826284096506,-5.093846446000585,"Pedro Pages","25782",686780
"Luisangel Acuña ","CHW","2B",395.510009765625,355.095,-0.04550078128526057,-6.589667773772106,-5.623557197366002,2.9665094593414785,-5.789173127392447,-15.081389420474336,8.746241511376516,-5.335147909097818,"Luisangel Acuna","26548",682668
"Liam Hicks ","MIA","C/1B/DH",748.5399780273438,269.37,-1.0246851016432517,-8.037523870062275,-7.537691624375901,-3.0325541997197525,-6.247765996037757,-25.880220791838937,19.52826284096506,-5.351957950873876,"Liam Hicks","29844",689414
"Spencer Horwitz ","PIT","1B",738.1500244140625,398.644,0.6393976119377748,-4.570490568884187,-4.0426844810785125,-2.8457110897319713,-4.067851735109683,-14.887340262866578,8.485428816948463,-5.401911445918113,"Spencer Horwitz","26477",687462
"Spencer Steer ","CIN","1B",335.70001220703125,387.656,-2.700730091991378,-4.113613366763513,-4.253287240533506,-1.2160916228528402,-2.7405861545154284,-15.024308476656666,8.485428816948463,-5.5388796597082015,"Spencer Steer","26323",668715
"Joey Bart ","ATL","C",999,241.608,-1.5700059871336531,-8.336434817506984,-7.787153568113371,-2.9262842070420447,-5.526309572831489,-26.14618815262754,19.52826284096506,-5.617925311662482,"Joey Bart","21524",663698
"Jacob Young ","WSN","OF",746.0700073242188,337.023,-0.6521778248354779,-7.55721704793949,-6.146109301743118,2.589509149180315,-6.550990316033749,-18.31698534137152,11.603575064486456,-5.71341027688506,"Jacob Young","29931",696285
"Connor Wong ","BOS","C",999,230.254,-1.388145186907639,-8.53782372482337,-8.21677393256074,-2.2330442714436067,-5.9148905292822205,-26.29067764501758,19.52826284096506,-5.762414804052524,"Connor Wong","19896",657136
"Jordan Lawlar ","ARI","2B/3B/SS/DH",261.6499938964844,363.78,-1.9635245945731699,-5.694217008561511,-4.644104081563773,1.0660246881380018,-4.782315008266306,-16.018136004826754,9.112007661449356,-5.9061283433774,"Jordan Lawlar","29976",691783
"Brett Baty ","NYM","2B/3B",292.9200134277344,357.383,-1.3465240546241686,-4.560260330487294,-5.072481592752709,-2.1542631457606127,-2.5795032304754026,-15.713032354100188,8.746241511376516,-5.966790842723671,"Brett Baty","26123",683146
"Brady House ","WSN","3B",710.1199951171875,430.079,-2.1588181179965673,-3.7085576831838787,-4.860749815486529,-1.7836538518703864,-2.9257255147262375,-15.437504983263597,8.401389694984731,-6.036115288278866,"Brady House","29993",691781
"Christopher Morel ","MIA","OF",999,318.51,-3.279384714970014,-5.386174801385857,-5.930988316429235,-1.4886471849176102,-2.719326978364504,-18.804521996067223,11.603575064486456,-6.2009469315807655,"Christopher Morel","21897",666624
"Ke'Bryan Hayes ","CIN","3B",999,425.499,-1.475471102423184,-4.839402463320136,-4.341455487694363,-0.38280386765058805,-4.583349028058156,-15.622481949146426,8.401389694984731,-6.221092254161695,"Ke'Bryan Hayes","18577",663647
"Ha-Seong Kim ","ATL","SS",748.3800048828125,360.994,-1.662531565073793,-5.889341776274036,-5.0039318255730025,0.8087521032264788,-4.765811174149141,-16.51286423784349,9.112007661449356,-6.400856576394135,"Ha-Seong Kim","27506",673490
"Henry Davis ","PIT","C",999,231.699,-2.7687396307904173,-8.436783246113986,-8.137868371602726,-2.3681217215946315,-5.322268509287583,-27.033781479389344,19.52826284096506,-6.5055186384242845,"Henry Davis","29617",680779
"Nasim Nuñez ","WSN","2B/SS/OF",583.0999755859375,342.912,-2.8926622688334547,-7.7030825117557296,-5.303455510729644,5.073583025370782,-5.813869046167224,-16.639486312115267,9.112007661449356,-6.527478650665911,"Nasim Nunez","25979",683083
"Jose Trevino ","CIN","C",999,200.157,-0.6874001885109539,-8.890976038644698,-8.775229449717827,-3.0838126411612423,-5.728232683710496,-27.165651001745225,19.52826284096506,-6.637388160780162,"Jose Trevino","16725",624431
"Brayan Rocchio ","CLE","2B/SS",999,392.858,-2.170849450965766,-5.431773299891899,-4.590860693259388,-0.011382959837357591,-4.633620058913681,-16.838486462868094,9.112007661449356,-6.726478801418736,"Brayan Rocchio","23690",677587
"Luis Rengifo ","MIL","2B/3B",644.9299926757812,359.898,-0.8085869952837637,-5.53031130370752,-5.604786198947956,-0.15349342996241913,-4.397730246443398,-16.49490817434506,8.746241511376516,-6.748666662968543,"Luis Rengifo","19858",650859
"Alek Thomas ","LAD","OF",746.030029296875,333.581,-1.4441518520878265,-5.78632872202058,-6.033314533126935,-1.47995772444994,-4.621711505630229,-19.36546433731551,11.603575064486456,-6.761889272829052,"Alek Thomas","23792",677950
"Yohel Pozo ","STL","C",999,165.975,0.45954583215305184,-9.292228550024909,-9.381977051877572,-3.1187062356984243,-5.969197579516534,-27.302563584964386,19.52826284096506,-6.7743007439993255,"Yohel Pozo","18848",650968
"Kyle Higashioka ","TEX","C/DH",999,187.888,-1.9714642771181734,-8.685723055616513,-8.80198293443513,-2.8796241453386346,-4.975167031730779,-27.313961444239233,19.52826284096506,-6.785698603274173,"Kyle Higashioka","5517",543309
"Joc Pederson ","TEX","DH",999,331.823,-1.9911937155607347,-4.593879845158355,-5.034092832558227,-2.4929880560921855,-2.088941567003681,-16.201096016373185,8.401389694984731,-6.799706321388451,"Joc Pederson","11899",592626
"Paul Goldschmidt ","NYY","1B",748.3599853515625,355.85,-0.4967994168473729,-5.139919789393751,-4.847137681532701,-2.228547262832681,-3.740970560295883,-16.453374710902388,8.485428816948463,-6.967945893953924,"Paul Goldschmidt","9218",502671
"Luis Torrens ","NYM","C",999,202.118,-1.346008665005467,-8.877003919481215,-8.668384288956524,-2.985725051782383,-5.685753965610564,-27.562875890836153,19.52826284096506,-7.034613049871096,"Luis Torrens","15905",620443
"Garrett Mitchell ","MIL","OF",691.1699829101562,303.762,-2.0081179756738043,-6.529527688865867,-6.297424262016534,-0.41465447426906,-4.430937610079692,-19.680662010904957,11.603575064486456,-7.077086946418499,"Garrett Mitchell","27555",669003
"José Caballero ","NYY","2B/3B/SS/OF",200.02999877929688,301.698,-3.4149733535912206,-7.827694977276402,-6.469486720082287,6.287454348469353,-5.850912924329392,-17.27561362680995,9.112007661449356,-7.163605965360594,"Jose Caballero","23401",676609
"Jared Triolo ","PIT","1B/3B/SS",735.5399780273438,415.016,-2.345774312385213,-5.565435949767174,-4.607296808150609,0.12683905089258618,-4.940360961584499,-17.33202898099491,9.112007661449356,-7.220021319545554,"Jared Triolo","25807",669707
"Max Muncy ","LAD","3B",234.3699951171875,351.083,-3.972155873258418,-4.207392362363863,-4.244569671708963,-2.713609033312685,-1.5026735955527892,-16.640400536196715,8.401389694984731,-7.239010841211984,"Max Muncy","13301",571970
"Tyler Freeman ","COL","OF/DH",745.8599853515625,258.994,1.5481247109464737,-8.569144422842681,-6.730339031489293,0.08842878514194075,-6.283531099540983,-19.946461057784543,11.603575064486456,-7.342885993298085,"Tyler Freeman","22532",671289
"Lenyn Sosa ","TOR","1B/2B",487.05999755859375,345.572,-0.6572270546862214,-4.820914949990877,-5.952696053924852,-2.742856074687684,-2.9765960128857447,-17.15029014617538,8.746241511376516,-7.404048634798862,"Lenyn Sosa","22896",672820
"Denzel Clarke ","ATH","OF",728.3300170898438,349.665,-3.7998488319977928,-6.507623372116321,-5.410921918568986,0.34871082287166055,-5.0028599059273775,-20.372543205738815,11.603575064486456,-7.768968141252358,"Denzel Clarke","29858",672016
"James McCann ","ARI","C",999,181.332,-1.0550031414063399,-9.269286933962709,-9.116530744014296,-3.0417509591959115,-5.916409205192185,-28.398980983771438,19.52826284096506,-7.87071814280638,"James McCann","12859",543510
"Marcelo Mayer ","BOS","3B",589.5399780273438,355.064,-0.9041818492983315,-5.002575774343801,-5.51215574589594,-1.988484633542372,-3.9058896177636875,-17.313287620844132,8.401389694984731,-7.911897925859401,"Marcelo Mayer","29668",691785
"Owen Caissie ","MIA","OF/DH",528.5,312.887,-2.0669153327618752,-6.084649642444143,-6.154732067545347,-2.3986874340614577,-3.8331208419473564,-20.538105318760177,11.603575064486456,-7.934530254273721,"Owen Caissie","27496",683357
"Dylan Beavers ","BAL","OF",505.0400085449219,282.154,-1.3985404831747033,-7.129606117076789,-6.368026658270268,-0.9390391327903667,-4.705629687324078,-20.540842078636203,11.603575064486456,-7.937267014149747,"Dylan Beavers","31695",687637
"Joey Loperfido ","HOU","OF",746.02001953125,342.268,-3.070422848127751,-5.801094526447222,-5.910786654219914,-1.5841651472196225,-4.338507983524328,-20.70497715953884,11.603575064486456,-8.101402095052382,"Joey Loperfido","29630",694388
"Nick Gonzales ","PIT","2B",999,368.022,0.5250666777161018,-5.324407778066278,-5.346776900903278,-2.5698419614675454,-5.150196240570085,-17.866156203291084,8.746241511376516,-8.11991469191457,"Nick Gonzales","27490",693304
"Dalton Rushing ","LAD","C",745.8300170898438,172.214,-1.8756999961515428,-9.32454581570847,-8.869893140316579,-3.1302021850436232,-5.566790003068461,-28.767131140288676,19.52826284096506,-8.238868299323615,"Dalton Rushing","31382",687221
"Tommy Edman ","LAD","2B/OF",730.1199951171875,324.2,-0.9980841688670551,-5.668102978969438,-5.69899813878129,-1.571012455081207,-4.264459861401911,-18.2006576031009,8.746241511376516,-8.454416091724383,"Tommy Edman","19470",669242
"Brooks Baldwin ","CHW","OF",748.22998046875,263.701,-0.6141688255430156,-7.111342433853514,-7.216102535775823,-1.7299270738659807,-4.4198286006002805,-21.091369469638618,11.603575064486456,-8.487794405152158,"Brooks Baldwin","31394",681460
"Harry Ford ","WSN","C/DH",725.52001953125,188.909,-1.7749003705209103,-9.834953713921252,-8.823295300235417,-2.332890035202753,-6.2795350954622045,-29.045574515342533,19.52826284096506,-8.517311674377476,"Harry Ford","29958",695670
"Joe Mack ","MIA","C",999,197.319,-2.7363306236037666,-9.20994014639917,-8.946294321435147,-2.801823558586159,-5.604633234485621,-29.29902188450987,19.52826284096506,-8.77075904354481,"Joe Mack","29780",691788
"George Valera ","CLE","OF/DH",748.3099975585938,308.002,-3.1970261856835207,-6.1676498801157775,-5.979468571067089,-2.722636746861496,-3.324336973046544,-21.391118356774427,11.603575064486456,-8.78754329228797,"George Valera","22541",671655
"Jake Rogers ","DET","C",999,198.264,-3.112041640371697,-9.069443889683317,-8.813674588982396,-3.026366651222123,-5.427126316379407,-29.448653086638938,19.52826284096506,-8.92039024567388,"Jake Rogers","19452",668670
"Gary Sánchez ","MIL","C",999,153.313,-2.040692661193529,-9.50563717282468,-9.49497830434917,-3.2860400188162004,-5.270359137720154,-29.597707294903735,19.52826284096506,-9.069444453938674,"Gary Sanchez","11442",596142
"Jake Mangum ","PIT","OF",672.4199829101562,252.418,1.661990925099269,-8.447501488450788,-7.9736192626259665,-0.19582569020869584,-6.9247058743537435,-21.879661390539926,11.603575064486456,-9.27608632605347,"Jake Mangum","26202",663968
"Will Benson ","CIN","OF",999,282.024,-3.424301332914683,-6.7938838454080965,-6.684137281308176,-1.1274714115376974,-3.855338860906177,-21.88513273207483,11.603575064486456,-9.28155766758837,"Will Benson","21853",666181
"Austin Martin ","MIN","OF",748.5599975585938,290.851,-0.18801205769104093,-8.347600332135293,-6.518174535882631,-0.09036715022754807,-6.75123507090084,-21.89538914683735,11.603575064486456,-9.291814082350895,"Austin Martin","27462",668885
"JJ Bleday ","CIN","OF",748.5800170898438,262.576,-2.229109980970323,-6.780236803590913,-6.685982349219715,-2.6914961815058196,-3.7205905774509276,-22.107415892737695,11.603575064486456,-9.503840828251237,"JJ Bleday","26368",668709
"Mauricio Dubón ","ATL","2B/3B/SS/OF",743.3800048828125,342.73,0.4908160719646864,-6.315569382772892,-5.915737957521645,-2.2758835888587057,-5.653065848129184,-19.669440705317736,9.112007661449356,-9.55743304386838,"Mauricio Dubon","16530",643289
"Luke Raley ","SEA","1B/OF",748.25,298.51,-3.433016096284194,-6.459279172587479,-6.613421408709551,-2.02730038380163,-3.658291328510012,-22.191308389892868,11.603575064486456,-9.58773332540641,"Luke Raley","19354",670042
"Wenceel Pérez ","DET","OF",748.5399780273438,284.329,-1.8148776773298563,-7.222063855587051,-6.879526669398375,-1.3523863326619268,-5.020562674652509,-22.28941720962972,11.603575064486456,-9.685842145143258,"Wenceel Perez","22857",672761
"Victor Robles ","SEA","OF",727.5399780273438,262.849,-1.2469187315338506,-8.64565669080447,-7.15594929991328,1.031232666261029,-6.348827494452768,-22.36611955044334,11.603575064486456,-9.762544485956882,"Victor Robles","18363",645302
"Drew Millas ","WSN","C/DH",999,149.959,-0.6959044435113687,-10.486508217502717,-9.907032817889416,-2.4041649412962918,-6.913916415627281,-30.407526835827074,19.52826284096506,-9.879263994862017,"Drew Millas","25643",686452
"Nathan Lukes ","TOR","OF",999,252.772,1.1339872592455709,-8.072973593468229,-7.139286950536991,-2.596620787199463,-5.8955095950942225,-22.570403667053334,11.603575064486456,-9.966828602566878,"Nathan Lukes","18123",664770
"Carson Benge ","NYM","OF",999,308.007,-2.354920367123025,-6.949572619057665,-6.445293994274517,-1.7825380036460885,-5.1504759665720705,-22.68280095067337,11.603575064486456,-10.079225886186912,"Carson Benge","35177",701807
"Travis d'Arnaud ","LAA","C",999,172.635,-2.4797139467190323,-9.634683181293862,-9.52913109313756,-3.2333276776023276,-5.743777484470717,-30.620633383223495,19.52826284096506,-10.092370542258438,"Travis d'Arnaud","7739",518595
"Pavin Smith ","ARI","1B/DH",999,360.94,-2.5008770718647138,-5.501756478574977,-5.194689870561779,-2.437435549827132,-3.960956005952983,-19.595714976781586,8.485428816948463,-10.110286159833125,"Pavin Smith","19892",656976
"Ryan McMahon ","NYY","3B",732.8599853515625,407.709,-6.257660966153541,-4.1746891158216295,-4.279212276112638,-2.4767922954218373,-2.4201386777473033,-19.60849333125695,8.401389694984731,-10.207103636272217,"Ryan McMahon","15112",641857
"Jonny DeLuca ","TBR","OF/DH",999,270.57,-2.7308790123137925,-7.484243390422737,-7.276067602003169,-0.6053521457919443,-4.977364824446654,-23.073906974978296,11.603575064486456,-10.470331910491842,"Jonny DeLuca","26365",676356
"Gabriel Arias ","CLE","2B/SS",748.3800048828125,360.161,-3.7174520727242006,-5.724806088591419,-6.087292644854251,-0.9375851927113728,-4.149612139387668,-20.61674813826891,9.112007661449356,-10.504740476819554,"Gabriel Arias","22563",672356
"J.C. Escarra ","NYY","C",999,142.644,-1.0849690885290302,-10.451628155293708,-9.846032280014947,-3.036476315135217,-6.637306176394484,-31.056412015367382,19.52826284096506,-10.528149174402325,"J.C. Escarra","20084",641555
"Hunter Feduccia ","TBR","C",999,217.541,-3.212969957775688,-9.562950481331777,-8.787222391142825,-3.048614691402933,-6.465993245631966,-31.077750767285185,19.52826284096506,-10.549487926320129,"Hunter Feduccia","23372",676439
"Yoán Moncada ","LAA","3B",746.1500244140625,357.278,-2.2644036893445074,-5.3406779380405895,-5.506922188141413,-3.0535850205491117,-3.8057073126546483,-19.97129614873027,8.401389694984731,-10.569906453745538,"Yoan Moncada","17232",660162
"Gavin Lux ","TBR","OF/DH",745.989990234375,333.637,-0.9745266358269271,-7.035481096425247,-6.317324278245766,-2.8457449069787635,-6.026301889770706,-23.19937880724741,11.603575064486456,-10.595803742760953,"Gavin Lux","19955",666158
"Reese McGuire ","CHW","C",999,141.001,-1.2347056832239836,-10.427649433879084,-10.082729212259338,-2.9905263350012135,-6.441976634212149,-31.177587298575773,19.52826284096506,-10.64932445761071,"Reese McGuire","15674",624512
"Matt Vierling ","DET","OF",999,300.702,-1.664118554189847,-7.417859725697067,-6.609467691756255,-2.2750382786087426,-5.3251057846074525,-23.291590034859365,11.603575064486456,-10.688014970372906,"Matt Vierling","21558",663837
"Rafael Marchán ","PHI","C",999,146.373,-1.164775509990094,-10.45215708484225,-9.814421217711157,-3.06775210917145,-6.743802324198209,-31.24290824591316,19.52826284096506,-10.714645404948104,"Rafael Marchan","21646",665561
"Rhys Hoskins ","CLE","1B",737.989990234375,323.337,-3.5710087209710233,-5.419488634733668,-5.779164867217956,-2.7352823012178678,-2.8205481568814643,-20.325492681021977,8.485428816948463,-10.840063864073512,"Rhys Hoskins","16472",656555
"Griffin Conine ","MIA","OF",999,302.699,-3.676725372704452,-6.595443909436059,-6.842738069307789,-2.9357514641859273,-3.645823323222589,-23.696482138856815,11.603575064486456,-11.09290707437036,"Griffin Conine","21626",665052
"Miguel Andujar ","SDP","3B/OF/DH",722.9099731445312,269.002,1.553496330889263,-6.973042970708177,-7.100295616587048,-2.952454402944931,-5.083741116899394,-20.556037776250285,8.401389694984731,-11.154648081265558,"Miguel Andujar","15878",609280
"Cole Young ","SEA","2B",704.2899780273438,340.547,-1.7699988389934687,-6.663129047308307,-5.524977136459108,-1.6750170549833612,-5.393638845643031,-21.026760923387275,8.746241511376516,-11.28051941201076,"Cole Young","31680",702284
"CJ Kayfus ","CLE","OF",999,257.605,-1.7463365301078555,-7.496934596224071,-7.384701092503567,-2.4930219136455887,-4.8051727003781695,-23.926166832859252,11.603575064486456,-11.322591768372794,"CJ Kayfus","33704",692216
"Carson Williams ","TBR","SS",724.5499877929688,356.772,-7.216227843707933,-5.765685922610133,-5.549904585689807,0.2318239075789808,-3.152424384430997,-21.452418828859887,9.112007661449356,-11.340411167410533,"Carson Williams","30038",700246
"Zach McKinstry ","DET","3B/SS/OF",510.30999755859375,320.196,-2.617779180056807,-7.048436476060507,-6.360495563634071,-0.035592077879206145,-5.464769471296509,-21.5270727689271,9.112007661449356,-11.415065107477743,"Zach McKinstry","19392",656716
"Endy Rodríguez ","PIT","C/1B",999,108.898,-0.49370529527744944,-11.048351071517176,-10.575515142693023,-3.0665687070667906,-6.9363345110861605,-32.1204747276406,19.52826284096506,-11.592211886675543,"Endy Rodriguez","25332",682848
"TJ Rumfield ","COL","1B",999,310.114,-0.5985158525140185,-6.543581271326154,-6.625753701862148,-2.7225352548145088,-4.689365563908887,-21.17975164442572,8.485428816948463,-11.694322827477256,"TJ Rumfield","29805",681198
"Jake Bauers ","MIL","1B/OF",999,243.821,-3.4311298756432307,-7.736315269727196,-7.507831545166049,-1.460042550311822,-4.361884921791104,-24.497204162639406,11.603575064486456,-11.893629098152948,"Jake Bauers","15194",641343
"Brett Sullivan ","COL","C",999,124.468,-1.1244326958135547,-10.947493885225603,-10.367567586067517,-3.0129096038625796,-7.024608453460796,-32.47701222443005,19.52826284096506,-11.94874938346499,"Brett Sullivan","18217",664954
"Jimmy Crooks ","STL","C/DH",999,118.49,-0.9244982376866795,-10.962666230295348,-10.53232518398214,-3.3177215190474074,-6.851217585333394,-32.588428756344975,19.52826284096506,-12.06016591537991,"Jimmy Crooks","31354",699625
"Austin Wynns ",,"C",999,106.67,-1.004226476702136,-11.126693936134316,-10.633616108583896,-3.1740558787893383,-6.80698067117057,-32.74557307138026,19.52826284096506,-12.217310230415197,"Austin Wynns","15271",642851
"Jonah Heim ","ATH","C/DH",999,105.324,-1.014771444892661,-11.073631460038607,-10.680270148183967,-3.245229373449112,-6.753432863616715,-32.767335290181066,19.52826284096506,-12.239072449216005,"Jonah Heim","16930",641680
"Christian Vázquez ","HOU","C",999,120.489,-1.3249941380424335,-11.054188110693502,-10.492693750080402,-3.043678219810157,-6.951479730493409,-32.86703394911991,19.52826284096506,-12.338771108154848,"Christian Vazquez","9774",543877
"Mitch Garver ","SEA","C/DH",999,109.98,-1.8198585974725672,-10.91220728237349,-10.481529257793577,-3.2597007568326597,-6.400217334041712,-32.873513228514,19.52826284096506,-12.345250387548946,"Mitch Garver","15161",641598
"Max Muncy ","ATH","2B/3B",672.719970703125,300.4,-1.985775586479676,-6.567926383616169,-6.807418197858345,-2.3504043863517055,-4.480369462929257,-22.19189401723515,8.746241511376516,-12.445652505858636,"Max Muncy","29779",691777
"Davis Schneider ","TOR","2B/OF",999,306.997,-3.9963909369829165,-6.5251752212937015,-5.79829353158382,-2.233382363298303,-3.6494997765484167,-22.20274182970716,8.746241511376516,-12.45650031833064,"Davis Schneider","23565",676914
"Heriberto Hernández ","MIA","OF/DH",999,256.742,-3.0345866799284456,-7.520323484577778,-7.491320018779804,-2.644565662441296,-4.49847200355641,-25.189267849283738,11.603575064486456,-12.58569278479728,"Heriberto Hernandez","24878",681715
"Sam Haggerty ","CIN","OF",999,203.085,-0.566108853175547,-9.619327737766536,-8.20615527585693,-0.25702466902270954,-6.596106328228015,-25.24472286404974,11.603575064486456,-12.641147799563283,"Sam Haggerty","18054",664059
"Edouard Julien ","COL","1B/2B",746.0499877929688,287.836,-1.5918288140603958,-7.485911448404939,-6.273324902821648,-2.1795542544733557,-4.8705489353409295,-22.40116835510127,8.746241511376516,-12.65492684372475,"Edouard Julien","27534",666397
"Zach Cole ","HOU","OF",743.5999755859375,246.191,-3.7152473997384665,-7.896539609406513,-7.575478169917277,-1.4197053060932088,-4.706508880630047,-25.31347936578551,11.603575064486456,-12.709904301299055,"Zach Cole","31583",805904
"Braxton Fulford ","COL","C",999,80.9577,-0.5172055009725216,-11.609563554782548,-11.074871748508444,-3.134361021186631,-7.057856022946147,-33.393857848396294,19.52826284096506,-12.865595007431239,"Braxton Fulford","29704",690924
"Javier Báez ","DET","3B/SS/OF",740.6500244140625,293.383,-2.103207337218777,-7.0550462527951,-7.049574922342328,-1.9267784363330918,-4.86171755862837,-22.996324507317663,9.112007661449356,-12.884316845868305,"Javier Baez","12979",595879
"Dane Myers ","CIN","OF",999,201.098,-0.9942203149828569,-9.149312057553018,-8.691692545658393,-1.0306347781438583,-5.908217120534573,-25.7740768168727,11.603575064486456,-13.170501752386244,"Dane Myers","22054",667472
"Sung-Mun Song ","SDP","2B/SS",999,269.296,-1.052060557151934,-7.889339805650773,-7.38953963766512,-1.5204977915360818,-5.655183800794083,-23.506621592797988,9.112007661449356,-13.394613931348635,"Sung-Mun Song","37122",823550
"Tyler Heineman ","LAA","C",999,98.5989,-1.0742738796845408,-11.600696080965067,-10.876620135079802,-3.0531116597072483,-7.338302586155773,-33.94300434159243,19.52826284096506,-13.41474150062737,"Tyler Heineman","13897",623168
"Daniel Susac ","SFG","C",999,84.7914,-0.8152937850694305,-11.687296220514572,-11.161496214635495,-3.1281058583487233,-7.173982805442906,-33.966174884011124,19.52826284096506,-13.437912043046063,"Daniel Susac","31441",691740
"Matt Shaw ","CHC","3B",336.67999267578125,222.253,-1.0927462669480272,-8.232587734262427,-7.672118718992677,-0.6597212499523393,-5.212735390762023,-22.869909360917493,8.401389694984731,-13.468519665932762,"Matt Shaw","33322",807713
"Ramón Urías ","STL","2B/3B",999,268.646,-0.6032741748851977,-7.457559893593949,-7.355518639441841,-2.7741318284173064,-5.1722547699760035,-23.362739306314293,8.746241511376516,-13.616497794937779,"Ramon Urias","18795",602104
"Carlos Santana ","ARI","1B",999,292.293,-2.2803590774638476,-6.81145586644945,-6.80915014852735,-2.5797149046530965,-4.638974868251423,-23.11965486534517,8.485428816948463,-13.6342260483967,"Carlos Santana","2396",467793
"Austin Hedges ","CLE","C",999,110.207,-2.32348351412383,-11.361823971186285,-10.800877906786786,-2.941127519680386,-6.887182479513104,-34.314495391290386,19.52826284096506,-13.78623255032533,"Austin Hedges","12976",595978
"Romy Gonzalez ","BOS","1B/2B",999,194.266,0.811446895581111,-8.597007585793301,-8.42788446274888,-1.7690133620995738,-5.624094199273643,-23.606552714334292,8.746241511376516,-13.860311202957773,"Romy Gonzalez","21562",663853
"Jeremiah Jackson ","BAL","OF",999,188.234,-0.841323638927489,-8.985324889402223,-8.680414936129031,-2.3558818935865395,-5.610947077180308,-26.47389243522559,11.603575064486456,-13.870317370739135,"Jeremiah Jackson","22239",669236
"Rob Refsnyder ","SEA","OF/DH",999,197.779,-1.2276994905890657,-8.870536121635341,-8.351351491065204,-2.7045474622104706,-5.463051290533628,-26.617185856033707,11.603575064486456,-14.013610791547253,"Rob Refsnyder","13770",608701
"Tyrone Taylor ","NYM","OF",999,211.306,-1.8482821735649406,-8.871431054138814,-8.501480336252632,-1.613074016126704,-5.964801994084785,-26.799069574167877,11.603575064486456,-14.19549450968142,"Tyrone Taylor","13675",621438
"Jesus Rodriguez ","SFG","C/OF",999,51.9516,-0.010485854586597327,-12.437308137435888,-11.722079233708094,-3.0887829300008094,-7.6770921951598705,-34.93574835089126,19.52826284096506,-14.407485509926202,"Jesus Rodriguez","26991",683679
"Nathan Church ","STL","OF",999,192.918,0.02906782865600695,-9.390258765957109,-9.148894843961235,-2.049852738896956,-6.492527295795136,-27.05246581595443,11.603575064486456,-14.448890751467973,"Nathan Church","31357",701675
"Nathaniel Lowe ","CIN","1B",999,247.081,-1.1432079800954205,-7.464556039107675,-7.426685903703525,-3.2486781683293247,-4.676618213717573,-23.959746304953516,8.485428816948463,-14.474317488005052,"Nathaniel Lowe","19566",663993
"Tom Murphy ",,"C",999,55.8664,-0.7027208404492477,-12.190097289427932,-11.638768384582548,-3.2558124183573756,-7.286233343937347,-35.073632276754445,19.52826284096506,-14.545369435789386,"Tom Murphy","13499",608596
"Dom Keegan ","TBR","C",999,75.9593,-1.1438023782081579,-11.969102300133063,-11.371514804330836,-3.3524460676572416,-7.309370762051196,-35.146236312380495,19.52826284096506,-14.617973471415434,"Dom Keegan","sa3020194",681371
"Graham Pauley ","MIA","3B",999,259.487,-1.791693317175617,-7.637491756452296,-7.359171069517406,-2.2985035784476153,-4.969492481091039,-24.056352202683975,8.401389694984731,-14.654962507699246,"Graham Pauley","31363",688363
"Alex Jackson ","MIN","C",999,54.3592,-0.9383047653384994,-12.19158195801221,-11.653491311902929,-3.3151518415872965,-7.224693337676889,-35.32322321451782,19.52826284096506,-14.79496037355276,"Alex Jackson","17276",656577
"Rafael Flores Jr. ","PIT","C/1B",999,50.49,-0.4047774839319859,-12.35581293417273,-11.751129716653532,-3.34991019736727,-7.470493653753972,-35.3321239858795,19.52826284096506,-14.803861144914434,"Rafael Flores Jr.","31991",804668
"Amed Rosario ","NYY","3B",999,227.609,0.7415351980811119,-8.537091330993045,-8.166034205891085,-2.064053725379308,-6.274060430773475,-24.2997044949558,8.401389694984731,-14.898314799971073,"Amed Rosario","15518",642708
"Korey Lee ","CHW","C/OF/DH",999,50.3894,-0.7045411907014739,-12.348979327332152,-11.823746677131425,-3.229304090293182,-7.384937083710957,-35.491508369169196,19.52826284096506,-14.963245528204133,"Korey Lee","25543",686676
"Ezequiel Duran ","TEX","1B/SS",999,221.532,-0.8629909722835267,-8.6523684906203,-8.299086656684317,-1.3382193649594225,-5.955411165368252,-25.108076649915812,9.112007661449356,-14.99606898846646,"Ezequiel Duran","23733",677649
"Bryce Eldridge ","SFG","1B/DH",999,247.601,-2.3042996537157854,-7.349991101446776,-7.525604598133304,-3.0791128096827873,-4.251912206612559,-24.51092036959121,8.485428816948463,-15.025491552642748,"Bryce Eldridge","33390",805811
"Alan Roden ","MIN","OF",999,180.137,-0.21639721946304163,-9.620893772667502,-8.91829798345941,-2.5407977429600743,-6.406291466034424,-27.70267818458445,11.603575064486456,-15.099103120097993,"Alan Roden","31564",702176
"David Hamilton ","MIL","2B",743.3300170898438,188.001,-2.5660267419430656,-9.526178724994812,-8.703082913327927,1.8009544772135047,-5.984103088221808,-24.97843699127411,8.746241511376516,-15.232195479897587,"David Hamilton","27531",666152
"Riley Adams ","WSN","C",999,47.2066,-0.7105814555460769,-12.418942722071723,-11.874900448818986,-3.376283276597602,-7.421101816204416,-35.801809719238804,19.52826284096506,-15.273546878273745,"Riley Adams","19864",656180
"Austin Barnes ",,"C/1B",999,53.1126,-0.7447780121803949,-12.497143122899567,-11.779332987362633,-3.2133450100437653,-7.631176972622393,-35.86577610510876,19.52826284096506,-15.337513264143702,"Austin Barnes","12158",605131
"Javier Sanoja ","MIA","2B/3B/OF",999,214.715,0.31538723139069885,-8.955143125856344,-8.40192136231988,-1.5977236463195408,-6.493886005779576,-25.133286908884642,8.746241511376516,-15.387045397508125,"Javier Sanoja","28253",691594
"Starling Marte ","KCR","DH",999,194.649,0.7635132645937269,-9.061125711238578,-8.548040111483925,-1.851107933062391,-6.137113973504255,-24.833874464695423,8.401389694984731,-15.432484769710694,"Starling Marte","9241",516782
"Michael Massey ","KCR","2B",999,220.129,-0.33362427145572676,-8.21542225386418,-8.259511781403848,-2.9164450407966735,-5.465608649302466,-25.19061199682289,8.746241511376516,-15.444370485446374,"Michael Massey","27684",686681
"Andrés Chaparro ","WSN","1B",999,234.668,-1.7876599583488042,-7.604808293853573,-7.852540720832796,-3.107649809794992,-4.598693942867366,-24.951352725697532,8.485428816948463,-15.465923908749069,"Andres Chaparro","21797",665953
"Thomas Saggese ","STL","2B/SS",999,241.615,-0.7660877971095821,-8.341234557370655,-8.216001862492657,-2.4807483086973163,-5.843160626873809,-25.647233152544022,9.112007661449356,-15.535225491094668,"Thomas Saggese","27883",695336
"Elias Díaz ","TEX","C",999,35.432,-0.35208200994417593,-12.65551669405956,-12.056866366356298,-3.4080662134542052,-7.605442061346542,-36.07797334516078,19.52826284096506,-15.549710504195716,"Elias Diaz","11680",553869
"Troy Johnston ","COL","OF",748.4099731445312,151.267,-0.20700826251384616,-10.056070316280644,-9.613948197100582,-1.8428579758831813,-6.450808010924709,-28.170692762702963,11.603575064486456,-15.567117698216506,"Troy Johnston","26143",687859
"Edmundo Sosa ","PHI","2B/3B",999,221.715,-0.7000981591333422,-8.250058120143002,-8.271354258941157,-2.646053379460471,-5.457896176597848,-25.325460094275826,8.746241511376516,-15.579218582899308,"Edmundo Sosa","17022",624641
"Andrew Knizner ","COL","C",999,40.8231,-0.5401573708706734,-12.643334148962683,-11.988937442264477,-3.361947142047916,-7.650198412213325,-36.18457451635908,19.52826284096506,-15.656311675394015,"Andrew Knizner","19514",668800
"Kody Clemens ","MIN","1B/2B/OF",700.7000122070312,209.144,-1.9071255793199613,-8.050764371236353,-8.206136243431995,-2.668977683963896,-4.657916205786437,-25.490920083738644,8.746241511376516,-15.744678572362126,"Kody Clemens","20572",665019
"Ben Rortvedt ","NYM","C",999,47.5805,-0.8354424982838765,-12.575282523234925,-11.878119891227302,-3.360256561854601,-7.627180849450461,-36.27628232405117,19.52826284096506,-15.748019483086104,"Ben Rortvedt","20287",666163
"Christian Moore ","LAA","2B",748.3499755859375,250.169,-2.393929831167623,-8.12054466751834,-7.798581641530416,-2.0781869967548543,-5.144881446532354,-25.53612458350359,8.746241511376516,-15.789883072127068,"Christian Moore","34979",695681
"César Salazar ","HOU","C/DH",999,43.3592,-0.7612387767481256,-12.633470107480951,-11.936484528023984,-3.3455484980501216,-7.650677952710428,-36.32741986301362,19.52826284096506,-15.799157022048558,"Cesar Salazar","21587",663967
"Eric Haase ","SFG","C",999,34.6368,-0.5619386186714109,-12.712748393799682,-12.118638749859878,-3.372496369709388,-7.599288065484222,-36.36511019752457,19.52826284096506,-15.836847356559517,"Eric Haase","14111",606992
"Mickey Gasper ","BOS","C/1B/2B/OF/DH",999,24.5896,-0.14633261339874734,-12.914340716907791,-12.2309812739449,-3.3728006745472503,-7.752938219002987,-36.417393497801676,19.52826284096506,-15.889130656836613,"Mickey Gasper","24759",681508
"Matt Thaiss ","BOS","C",999,30.3144,-0.35137110753797357,-12.860505454763759,-12.157441824399035,-3.3650239975966825,-7.759971360534013,-36.494313744831466,19.52826284096506,-15.966050903866403,"Matt Thaiss","19318",642136
"Angel Martínez ","CLE","2B/OF",748.5800170898438,239.981,-1.641256319638783,-8.553117876917863,-7.712277135603675,-2.136106307229226,-5.680559217472868,-25.723316856862414,8.746241511376516,-15.977075345485897,"Angel Martinez","26540",682657
"Tomás Nido ","DET","C",999,31.6516,-0.4037547353378833,-12.839313069040225,-12.206035106503828,-3.3833499072470485,-7.74386708395119,-36.57631990208017,19.52826284096506,-16.04805706111511,"Tomas Nido","13755",621512
"Colby Thomas ","ATH","OF",748.5900268554688,150.538,-1.0423851184351096,-9.61808716813233,-9.504090885766685,-2.748063043948184,-5.7534080238892225,-28.66603424017153,11.603575064486456,-16.06245917568507,"Colby Thomas","31855",687515
"Everson Pereira ","CHW","OF",999,177.395,-2.29748731767011,-9.35761603500679,-9.169924955308725,-2.4790239112572103,-5.362589259422603,-28.66664147866544,11.603575064486456,-16.06306641417898,"Everson Pereira","23695",677592
"Willie MacIver ","TOR","C",999,21.4184,-0.23920442087738542,-12.987293814640113,-12.332516926803118,-3.332429582851887,-7.779792034286782,-36.67123677945929,19.52826284096506,-16.142973938494233,"Willie MacIver","24641",680862
"Jose Herrera ","TEX","C",999,30.338,-0.4269799747770644,-12.90284959154255,-12.187170113043774,-3.379529193188695,-7.793938240765019,-36.690467113317105,19.52826284096506,-16.162204272352042,"Jose Herrera","17040",645444
"Rodolfo Durán ","SDP","C",999,21.4204,-0.2567046052189234,-12.96276594332292,-12.339633662206847,-3.4079309646203435,-7.744186753797295,-36.71122192916633,19.52826284096506,-16.18295908820127,"Rodolfo Duran","20958",660710
"Garrett Stubbs ","PHI","C/DH",999,27.2284,-0.402668875567706,-12.938807539242443,-12.244951118734342,-3.3347625899677182,-7.790901210496609,-36.71209133400882,19.52826284096506,-16.183828493043755,"Garrett Stubbs","18067",596117
"Brandon Valenzuela ","TOR","C",999,31.6885,-0.6039697544162852,-12.842384138349665,-12.178189501742548,-3.3729359233811125,-7.720290069184357,-36.71776938707396,19.52826284096506,-16.189506546108902,"Brandon Valenzuela","23813",678218
"Jeferson Quero ","MIL","C",999,19.7039,-0.19160744616628467,-13.004601661847538,-12.35904458102551,-3.400796709553966,-7.771280351238958,-36.727330749832255,19.52826284096506,-16.199067908867196,"Jeferson Quero","28272",691620
"Eduardo Valencia ","DET","C/1B",999,16.6639,-0.1477621572736615,-13.058314850271508,-12.417804611961417,-3.43298538913341,-7.784227718383753,-36.841094727023744,19.52826284096506,-16.31283188605869,"Eduardo Valencia","sa3006622",680664
"Shane McGuire ","ATH","C/1B",999,28.0026,-0.4469159874096372,-12.972406251678784,-12.235914038587437,-3.3498087657802,-7.8367764653713365,-36.841821508827394,19.52826284096506,-16.313558667862335,"Shane McGuire","sa3017284",676063
"Robert Hassell III ","WSN","OF",999,179.004,-0.9516837536109144,-9.950047387170466,-9.38901833089848,-2.1047966959462014,-6.557703740081409,-28.953249907707473,11.603575064486456,-16.349674843221017,"Robert Hassell III","27482",690987
"Seby Zavala ",,"C",999,27.8952,-0.7357436950714986,-12.876959101116116,-12.230698839940924,-3.376350895976207,-7.680568810171949,-36.90032134227669,19.52826284096506,-16.37205850131164,"Seby Zavala","18887",664874
"Drew Romo ","CHW","C",999,17.4665,-0.20260054647877274,-13.066084048528877,-12.428536183912685,-3.4000190438742393,-7.80652597040096,-36.90376579319554,19.52826284096506,-16.375502952230477,"Drew Romo","27763",691011
"Ryan Ritter ","COL","2B/SS",999,207.491,-0.8222824724487355,-9.005947904869162,-8.367806279279002,-2.3143273897098644,-6.002205438299913,-26.512569484606676,9.112007661449356,-16.40056182315732,"Ryan Ritter","31500",690022
"Jhonny Pereda ","SEA","C",999,18.8384,-0.17835019598321605,-13.088883176556752,-12.39398809076066,-3.42111750423551,-7.872062064105403,-36.95440103164154,19.52826284096506,-16.426138190676483,"Jhonny Pereda","19802",640902
"James Outman ","DET","OF",999,177.758,-2.6449590556516043,-9.495590420805827,-8.993532081916923,-2.2791633378115694,-5.6237744579716455,-29.037019354157568,11.603575064486456,-16.43344428967111,"James Outman","24770",681546
"Jesse Winker ",,"DH",999,210.181,-0.980543436100242,-8.782776875748436,-8.048419924538281,-2.305164487787108,-5.73962160974094,-25.856526333915006,8.401389694984731,-16.455136638930277,"Jesse Winker","13590",608385
"Blake Sabol ","TBR","C",999,18.2587,-0.33388862649695167,-13.079486918660903,-12.419235500191665,-3.3684389752301027,-7.809922661996856,-37.01097268257648,19.52826284096506,-16.48270984161142,"Blake Sabol","25805",666165
"Kyle McCann ","COL","C",999,13.1485,-0.179457818852696,-13.131613730604734,-12.490289759430306,-3.419629792254661,-7.806765740649512,-37.02775684179191,19.52826284096506,-16.49949400082685,"Kyle McCann","25575",668832
"René Pinto ","PHI","C",999,14.0356,-0.252736922676665,-13.110380637477823,-12.47758130655849,-3.419562170356894,-7.791380739084398,-37.05164177615426,19.52826284096506,-16.523378935189207,"Rene Pinto","19859",650907
"Sebastián Rivero ","LAA","C",999,17.2105,-0.24540385869651093,-13.10139116267536,-12.458471607285867,-3.408539574296069,-7.8463671204923005,-37.06017332344611,19.52826284096506,-16.531910482481056,"Sebastian Rivero","21735",665861
"Will Banfield ","CIN","C",999,20.4639,-0.385844864296165,-13.046600040270452,-12.402742781791382,-3.4260540035390807,-7.801730648795136,-37.06297233869221,19.52826284096506,-16.534709497727153,"Will Banfield","23790",677943
"P.J. Higgins ","CIN","C/1B",999,16.9426,-0.2079050553106342,-13.11450929918903,-12.452013847151587,-3.433222070813923,-7.863670248317882,-37.07132052078306,19.52826284096506,-16.543057679818002,"P.J. Higgins","18433",664731
"Anthony Santander ","TOR","OF/DH",748.4199829101562,141.246,-1.4010117012331247,-9.535697129345815,-9.506971245774169,-3.3005452093698873,-5.415937085750925,-29.16016237147392,11.603575064486456,-16.55658730698746,"Anthony Santander","14551",623993
"Hayden Senger ","NYM","C",999,17.4025,-0.31347279372938247,-13.116766850801747,-12.447307002779555,-3.398666580727254,-7.863110796313909,-37.13932402435185,19.52826284096506,-16.611061183386795,"Hayden Senger","21489",663584
"Ali Sánchez ","NYY","C/1B",999,12.9011,-0.16362161958159288,-13.180872864785817,-12.510660895508346,-3.416958673130828,-7.880773567603003,-37.15288762060958,19.52826284096506,-16.62462477964452,"Ali Sanchez","18551",645305
"Luke Maile ","KCR","C",999,11.9867,-0.14592928581494058,-13.19616718659551,-12.517702309192645,-3.406138947801632,-7.8872472511754,-37.15318498058013,19.52826284096506,-16.624922139615073,"Luke Maile","13355",571912
"Maverick Handley ","ATL","C",999,16.9356,-0.32933230567000393,-13.14739617757948,-12.438288730618611,-3.3787515224706426,-7.882611776401943,-37.17638051274068,19.52826284096506,-16.648117671775623,"Maverick Handley","26106",668974
"Cooper Ingle ","CLE","C",999,10.7498,-0.09339465225373245,-13.22344072256796,-12.533573713183195,-3.4323767781981025,-7.901433419361729,-37.184219285564716,19.52826284096506,-16.655956444599656,"Cooper Ingle","sa3023069",694876
"Carlos Pérez ","HOU","C",999,9.3016,-0.13502106344676418,-13.207109137813156,-12.554754445525655,-3.4420469073331974,-7.84848504933857,-37.18741660345734,19.52826284096506,-16.659153762492284,"Carlos Perez","10642",542208
"Logan Driscoll ","TBR","C",999,12.2577,-0.16672134827195842,-13.193360533570281,-12.529714125935293,-3.420745577499879,-7.884010412366531,-37.19455199764394,19.52826284096506,-16.666289156678886,"Logan Driscoll","25475",686482
"Yasmani Grandal ",,"C",999,9.56293,-0.12116678564461306,-13.236050416582433,-12.569251463797482,-3.4346421596374217,-7.891523082485344,-37.252633908147295,19.52826284096506,-16.724371067182233,"Yasmani Grandal","11368",518735
"Chuckie Robinson ","LAD","C",999,11.5828,-0.19178077934722296,-13.203509284425342,-12.54163181297255,-3.4316667344161447,-7.888526007970369,-37.25711461913163,19.52826284096506,-16.728851778166568,"Chuckie Robinson","19824",642020
"Chadwick Tromp ","BAL","C",999,11.1507,-0.1881250015001694,-13.21463428561051,-12.546564555171189,-3.428184137404119,-7.890124446520759,-37.26763242620675,19.52826284096506,-16.739369585241693,"Chadwick Tromp","16953",644433
"Luis Campusano ","SDP","DH",999,208.452,-0.876918769721903,-8.526088355037883,-8.312454241932858,-3.2038101184062984,-5.231517048195086,-26.15078853329403,8.401389694984731,-16.7493988383093,"Luis Campusano","22217",669134
"Tommy Pham ",,"OF",999,156.164,-0.713300109660936,-10.19729896682682,-9.40349661973799,-2.6286403591320604,-6.4105272760897,-29.353263331447508,11.603575064486456,-16.749688266961048,"Tommy Pham","2967",502054
"Jacob Stallings ","BAL","C",999,12.0693,-0.21265524933930396,-13.208837905347503,-12.537094420025344,-3.43298538913341,-7.895798913795291,-37.287371877640844,19.52826284096506,-16.759109036675785,"Jacob Stallings","13723",607732
"Sam Huff ","BAL","C",999,8.49903,-0.14452404158870596,-13.244145019493985,-12.587495131625861,-3.441810225652683,-7.880214109644373,-37.2981885280056,19.52826284096506,-16.769925687040548,"Sam Huff","22209",669087
"Christian Bethancourt ","CHC","C",999,7.86817,-0.14698869354064412,-13.263547661435721,-12.607602686573683,-3.4193254874167986,-7.895918798919565,-37.33338332788641,19.52826284096506,-16.805120486921354,"Christian Bethancourt","10028",542194
"Ricardo Olivar ","MIN","C/OF",999,5.67904,-0.04658274593564981,-13.310589927162434,-12.634958767490344,-3.4285898763482154,-7.9306449337403455,-37.35136625067699,19.52826284096506,-16.82310340971193,"Ricardo Olivar","sa3015234",691627
"Omar Narváez ",,"C",999,9.38008,-0.1436240499850649,-13.266272984511803,-12.583447262523272,-3.438158568857913,-7.9212141314064075,-37.35271699728446,19.52826284096506,-16.824454156319405,"Omar Narvaez","13338",553882
"Josue Briceño ","DET","C/1B",999,6.09256,-0.06737773964844727,-13.299281888132258,-12.626053444242704,-3.4420807195416625,-7.918616662063036,-37.35341045362811,19.52826284096506,-16.82514761266305,"Josue Briceno","sa3018584",800522
"Caleb Roberts ","MIN","C/OF",999,6.70079,-0.09500428841133814,-13.292692307506663,-12.619181481983237,-3.427643149626162,-7.925569886132535,-37.360091113659934,19.52826284096506,-16.83182827269487,"Caleb Roberts","sa3016959",681134
"Nelson Quiroz ","LAD","C",999,5.30658,-0.015689749647604598,-13.316325306932955,-12.641774249682188,-3.443061255953018,-7.946589387309432,-37.3634399495252,19.52826284096506,-16.83517710856014,"Nelson Quiroz","sa3009565",685716
"Paul McIntosh ","PHI","C",999,6.43958,-0.09839646851769158,-13.295905743625285,-12.624208376331167,-3.4375837713906523,-7.917377872930815,-37.37347223279561,19.52826284096506,-16.845209391830554,"Paul McIntosh","sa3017372",682192
"Yan Gomes ",,"C",999,6.40373,-0.09482754745237368,-13.300522518379037,-12.634356294732422,-3.429638037176501,-7.925689765302154,-37.385034163042484,19.52826284096506,-16.856771322077424,"Yan Gomes","9627",543228
"Oswald Peraza ","LAA","3B",999,223.174,-2.5824769622455834,-8.805006657764743,-8.308632315544674,-1.1602348822864934,-5.4105824669622296,-26.26693328480372,8.401389694984731,-16.865543589818987,"Oswald Peraza","22823",672724
"Jason Delay ","BOS","C",999,7.97176,-0.1026256127956912,-13.29403463352679,-12.612365999791395,-3.4339321145958825,-7.951144944621363,-37.39410330533112,19.52826284096506,-16.865840464366062,"Jason Delay","19806",641511
"Dom Nuñez ","CLE","C",999,16.7851,-0.489799208819176,-13.161632931232438,-12.469636189348284,-3.4185478192179093,-7.860033786473435,-37.39964993509125,19.52826284096506,-16.871387094126185,"Dom Nunez","15055",624513
"Curt Casali ",,"C",999,5.8799,-0.07788248137256364,-13.317260861982202,-12.637236867956927,-3.4325120270319642,-7.938357412399621,-37.40324965074328,19.52826284096506,-16.874986809778218,"Curt Casali","12510",592200
"Ramón Rodríguez ","MIL","C",999,4.83522,-0.04487149170984621,-13.329057020116178,-12.65574411130455,-3.439375788209363,-7.940435388469784,-37.40948379980972,19.52826284096506,-16.88122095884467,"Ramon Rodriguez","sa918698",670232
"Carson Taylor ","SEA","C/1B",999,5.46319,-0.08484622426126215,-13.319965843479112,-12.64548322715707,-3.4388348016909873,-7.931244350429738,-37.42037444701817,19.52826284096506,-16.89211160605311,"Carson Taylor","sa3014468",694930
"Brian Serven ","ATH","C",999,10.6538,-0.2628368129236798,-13.250348170727875,-12.571247163925937,-3.4338306792300672,-7.907587421178707,-37.42585024798627,19.52826284096506,-16.897587407021206,"Brian Serven","19422",661531
"Yeiner Fernandez ","LAD","C/2B",999,4.91556,-0.04786512479505786,-13.335870321745125,-12.656064172502397,-3.4416749793379853,-7.95653968291658,-37.43801428129714,19.52826284096506,-16.909751440332087,"Yeiner Fernandez","sa3015182",691558
"Masataka Yoshida ","BOS","DH",748.3300170898438,169.034,1.1516246636243344,-9.29161835113979,-9.071401632574277,-2.9698674232733415,-6.133517360229404,-26.314780103592476,8.401389694984731,-16.913390408607746,"Masataka Yoshida","31837",807799
"Bryan Lavastida ","ATH","C",999,3.6616,-0.050997711645030204,-13.354134029213428,-12.676378839734761,-3.4165867463951973,-7.9500260346587615,-37.448123361647184,19.52826284096506,-16.919860520682125,"Bryan Lavastida","24765",681526
"Jakson Reetz ","SEA","C",999,4.95516,-0.1203873212449978,-13.32427754303533,-12.656628995622551,-3.437719017705351,-7.922852531664889,-37.461865409273116,19.52826284096506,-16.933602568308057,"Jakson Reetz","17837",656883
"Jair Camargo ","ATL","C/DH",999,4.19578,-0.08200492551845558,-13.336439788981838,-12.671747322693136,-3.443230314476182,-7.931923687557986,-37.4653460392276,19.52826284096506,-16.937083198262542,"Jair Camargo","21730",665856
"Alex Isola ",,"C/1B",999,3.6616,-0.052529507900533755,-13.350737549188539,-12.678619284952605,-3.4404915721949996,-7.944111803090336,-37.466489717327015,19.52826284096506,-16.938226876361956,"Alex Isola","sa1170516",684576
"Martín Maldonado ",,"C",999,5.91023,-0.1480222347745153,-13.314230475831108,-12.648043739183732,-3.438327627381077,-7.920854481988237,-37.46947855915867,19.52826284096506,-16.941215718193607,"Martin Maldonado","6887",455117
"Kevin Parada ","NYM","C",999,4.45269,-0.08425061022960248,-13.339246460190838,-12.667831238544686,-3.442824575532086,-7.940275541637415,-37.47442842613463,19.52826284096506,-16.94616558516957,"Kevin Parada","sa3020575",691006
"Diego Cartaya ",,"C",999,5.2667,-0.12440130459119557,-13.325680881670461,-12.656252448746107,-3.442621704800457,-7.926968522097122,-37.475924861905334,19.52826284096506,-16.947662020940278,"Diego Cartaya","sa3008742",682616
"Andrew Knapp ",,"C",999,4.72431,-0.08670822274714339,-13.339632889582544,-12.665459002761734,-3.440254890514486,-7.945230710075608,-37.477285715681525,19.52826284096506,-16.94902287471646,"Andrew Knapp","14942",595284
"Luca Tresh ","KCR","C",999,3.04031,-0.03633442225377578,-13.359442296433897,-12.689181405479047,-3.447152464530141,-7.9487073221103595,-37.480817910807225,19.52826284096506,-16.952555069842166,"Luca Tresh","sa3017394",681123
"Tucker Barnhart ",,"C",999,5.77307,-0.10554864115696962,-13.33361278225492,-12.652279890141005,-3.4372118433954406,-7.955380814223216,-37.484033971171556,19.52826284096506,-16.955771130206497,"Tucker Barnhart","10200",571466
"Francisco Mejía ",,"C",999,3.00919,-0.033864658995518715,-13.362493030225425,-12.693041003948899,-3.446780536534929,-7.952823306587935,-37.48900253629271,19.52826284096506,-16.96073969532765,"Francisco Mejia","16403",642336
"Jeferson Morales ",,"C/OF",999,2.96115,-0.03365698351200796,-13.367353861500444,-12.692156119630896,-3.4435684308927192,-7.958617656009413,-37.49535305154548,19.52826284096506,-16.96709021058042,"Jeferson Morales","sa3005472",672373
"Eliezer Alfonzo ","LAD","C",999,2.96115,-0.029069569890408275,-13.365462409822777,-12.69324810501149,-3.4484711179878254,-7.959416876773274,-37.495668079485775,19.52826284096506,-16.967405238520715,"Eliezer Alfonzo","sa3003262",672613
"Bryce Teodosio ","LAA","OF",999,193.097,-2.704537951227852,-10.087188131898863,-9.226143147540549,-0.7009036431944706,-6.85345539334928,-29.57222826721102,11.603575064486456,-16.96865320272456,"Bryce Teodosio","29524",669326
"Nathan Hickey ","BOS","C/1B",999,3.04031,-0.05390810494367245,-13.365014967816068,-12.690593452057486,-3.4486739880896633,-7.952223892875872,-37.51041440578276,19.52826284096506,-16.982151564817705,"Nathan Hickey","sa3017398",687208
"Kody Huff ","CLE","C",999,4.05426,-0.0732421199764968,-13.356940700422427,-12.681631654353197,-3.4421821536478956,-7.957618631171089,-37.51161525957111,19.52826284096506,-16.983352418606046,"Kody Huff","sa3019982",687627
"Silas Ardoin ","BAL","C",999,4.05426,-0.084472733121608,-13.356574612609894,-12.677056622990172,-3.44421085214712,-7.954221942552522,-37.51653676342132,19.52826284096506,-16.98827392245626,"Silas Ardoin","sa3019976",686976
"Stephen Scott ",,"C",999,2.52744,-0.04577808899104075,-13.375834890773074,-12.701193227832674,-3.4418778488100323,-7.957938318881165,-37.52262237528799,19.52826284096506,-16.99435953432293,"Stephen Scott","sa3011469",679663
"Onil Perez ","SFG","C",999,2.30534,-0.022418115201252028,-13.38547519912894,-12.70682259213304,-3.438395250538426,-7.9709656153968025,-37.52407677239846,19.52826284096506,-16.9958139314334,"Onil Perez","sa3015610",692366
"Ronaldo Hernández ",,"C",999,1.97388,-0.023775672403159566,-13.381956690843417,-12.710776325919259,-3.449485467237437,-7.959217072698807,-37.52521122910208,19.52826284096506,-16.996948388137017,"Ronaldo Hernandez","sa881850",660613
"Darrien Miller ","MIL","C",999,4.05426,-0.09487059592064194,-13.358384710093388,-12.67545630016802,-3.4448870849801945,-7.953182956006106,-37.52678164716835,19.52826284096506,-16.998518806203293,"Darrien Miller","sa3011330",687152
"Andrew Cossetti ","MIN","C/1B",999,2.92281,-0.06193465898909029,-13.370567297619065,-12.694415395278597,-3.446915782849628,-7.9549012796807705,-37.52873441441715,19.52826284096506,-17.000471573452092,"Andrew Cossetti","sa3020493",681355
"Griffin Lockwood-Powell ","LAD","C/1B",999,2.58606,-0.04829403179657688,-13.374248511262309,-12.6993293238803,-3.450161700070512,-7.957698553098609,-37.529732120108314,19.52826284096506,-17.001469279143254,"Griffin Lockwood-Powell","sa3019303",674976
"Christian Cerda ","ARI","C",999,1.98987,-0.025778848516932802,-13.38407186352444,-12.708554702714814,-3.450060265019592,-7.96189446099237,-37.53036014076815,19.52826284096506,-17.002097299803093,"Christian Cerda","sa3015623",692416
"Michael Turner ","CHW","C",999,2.96115,-0.04355274119499091,-13.377278903474663,-12.698086723115713,-3.4464086085397168,-7.96744904463129,-37.53277602095637,19.52826284096506,-17.00451317999131,"Michael Turner","sa3020658",694478
"Kenny Piper ","TBR","C",999,2.72677,-0.07006244869731725,-13.372397736681732,-12.700214208198304,-3.44150592081482,-7.950865215642048,-37.53504553003422,19.52826284096506,-17.00678268906916,"Kenny Piper","sa3017664",700652
"Ryan Ignoffo ","MIA","C",999,1.51936,-0.007655938571501737,-13.393834203171567,-12.72000170475377,-3.444041793623956,-7.969886667142295,-37.53542030726308,19.52826284096506,-17.007157466298025,"Ryan Ignoffo","sa3022573",813883
"Andy Thomas ","SDP","C",999,3.08263,-0.06269751535506693,-13.372621457685085,-12.69599688767089,-3.444075605832421,-7.960695630590913,-37.53608709713438,19.52826284096506,-17.007824256169318,"Andy Thomas","sa3016953",673990
"Aramis Garcia ","ARI","C",999,2.78824,-0.06441760446909242,-13.371828263383758,-12.700684890391118,-3.448403494830476,-7.95506112353581,-37.540395376610256,19.52826284096506,-17.012132535645197,"Aramis Garcia","16925",605244
"Austin Allen ",,"C",999,1.63393,-0.025057208776987368,-13.388810666538824,-12.71734705460525,-3.4489106694552816,-7.960695630590913,-37.54082122996726,19.52826284096506,-17.012558389002194,"Austin Allen","18083",664119
"Nate Baez ","BOS","C/1B",999,1.51936,-0.01367469689210306,-13.393244394355678,-12.718966202246287,-3.451006990796959,-7.967489004850717,-37.54438128914175,19.52826284096506,-17.016118448176687,"Nate Baez","sa3020272",686960
"Brian Navarreto ","MIA","C",999,1.76277,-0.02553848120967035,-13.389461487969715,-12.71729057173214,-3.4493502209227387,-7.964971460412194,-37.54661222224645,19.52826284096506,-17.018349381281396,"Brian Navarreto","16398",640459
"Michael Papierski ",,"C",999,2.12463,-0.037445728157825195,-13.387732741649769,-12.710456261915924,-3.448538741774965,-7.966809667722469,-37.550983141220954,19.52826284096506,-17.022720300255894,"Michael Papierski","21386",657709
"Adrián Sugastey ","SFG","C",999,1.51445,-0.01591845923988877,-13.395644303685685,-12.722279808025839,-3.4492149742931444,-7.970725848869912,-37.553783394114475,19.52826284096506,-17.025520553149413,"Adrian Sugastey","sa3015190",692368
"J.C. Correa ",,"C/2B",999,1.49262,-0.01675034187089016,-13.396864595383922,-12.722242155582585,-3.4476596388400513,-7.971764836160661,-37.55528156783811,19.52826284096506,-17.027018726873052,"J.C. Correa","sa3014823",682182
"Grant Koch ",,"C",999,2.51959,-0.06029703465616578,-13.381224515218353,-12.707575683080444,-3.445428070868779,-7.962573798120617,-37.55709910194436,19.52826284096506,-17.028836260979297,"Grant Koch","22045",667428
"Noah Cardenas ","MIN","C",999,1.63826,-0.028151596418062294,-13.395115510515431,-12.717723601481698,-3.4494178440800876,-7.968647875777077,-37.559056428272356,19.52826284096506,-17.030793587307304,"Noah Cardenas","sa3017624",681433
"Phil Clarke ",,"C",999,1.45726,-0.016126634709474327,-13.399122134874121,-12.721489061829695,-3.4500264534409175,-7.972883744634599,-37.559648029488805,19.52826284096506,-17.031385188523746,"Phil Clarke","sa3011379",671287
"J.J. D'Orazio ","LAA","C",999,1.41248,-0.020305205330658428,-13.39916281197121,-12.725009768671843,-3.4509055560609356,-7.971365225778732,-37.56674856781338,19.52826284096506,-17.038485726848318,"J.J. D'Orazio","sa3008876",683490
"Rob Brantly ",,"C",999,1.10863,-0.011860108133124264,-13.403535525657748,-12.72881288426858,-3.4505674396443986,-7.9735630825071775,-37.56833904021103,19.52826284096506,-17.040076199245966,"Rob Brantly","10655",542963
"Logan Porter ","LAA","C",999,1.4341,-0.025652194496527815,-13.399366194426023,-12.722694010151029,-3.450736497852667,-7.970326238487983,-37.56877513541422,19.52826284096506,-17.040512294449165,"Logan Porter","20626",682515
"Andres Sosa ",,"C",999,1.5752,-0.033375664997545254,-13.397779814915252,-12.720961896763766,-3.4483358716731263,-7.970725848869912,-37.571179097219606,19.52826284096506,-17.042916256254546,"Andres Sosa","sa3017605",703245
"Miguel Palma ","NYY","C",999,1.23113,-0.02185373073564615,-13.401359337331092,-12.726666571561617,-3.450499816487049,-7.971005576360563,-37.571385032475966,19.52826284096506,-17.043122191510907,"Miguel Palma","sa3009279",682692
"Pablo Aliendo ","CIN","C",999,1.09321,-0.02356271292710792,-13.402152527086477,-12.72911412064754,-3.4515141654217656,-7.968208304431388,-37.57455183051428,19.52826284096506,-17.046288989549225,"Pablo Aliendo","sa3006220",680846
"Adam Hackenberg ","TOR","C",999,1.63463,-0.035156201365524706,-13.398267930988421,-12.723070557027475,-3.448640176510989,-7.971365225778732,-37.57650009167114,19.52826284096506,-17.048237250706084,"Adam Hackenberg","sa3017041",680753
"Connor Charping ","SEA","C",999,1.00377,-0.01373981091044293,-13.407562490080295,-12.730620305347834,-3.4485725533536393,-7.976160549617553,-37.57665570930976,19.52826284096506,-17.048392868344703,"Connor Charping","sa3020014",806464
"Tyler Tolve ","ATL","C",999,1.01405,-0.023574700584515208,-13.404715141774206,-12.731260433354501,-3.4514465422644163,-7.9709656153968025,-37.58196243337444,19.52826284096506,-17.053699592409384,"Tyler Tolve","sa3016960",681172
"Alex Call ","LAD","OF",999,151.941,-1.0531019240264352,-10.216172848935212,-9.340632161078226,-2.758443286142224,-6.4608781469961984,-29.8292283671783,11.603575064486456,-17.225653302691843,"Alex Call","19296",669743
"Casey Schmitt ","SFG","2B/3B",999,213.057,-1.3475326071032288,-8.617081693807958,-8.560805122977005,-2.9986749210532695,-5.453380735815112,-26.977475080756573,8.746241511376516,-17.231233569380056,"Casey Schmitt","27577",669477
"Esteury Ruiz ","MIA","OF",748.530029296875,107.272,-0.533118654046844,-11.284640406866773,-10.367831167197737,-0.656238436292279,-7.071442836966991,-29.913271501370623,11.603575064486456,-17.309696436884167,"Esteury Ruiz","21780",665923
"Leody Taveras ","BAL","OF",999,118.644,-0.5482745045318497,-10.796564119791304,-10.206914168993876,-1.8779543932878924,-6.747958198927986,-30.177665385532908,11.603575064486456,-17.57409032104645,"Leody Taveras","18900",665750
"Blake Perkins ","MIL","OF",999,160.552,-1.8003972200477882,-10.383495163249261,-9.630591514051936,-1.6676798007080307,-6.7360099161680935,-30.218173614225105,11.603575064486456,-17.614598549738652,"Blake Perkins","19921",663368
"Ryan Vilade ","TBR","OF/DH",999,175.905,-1.6751626454967905,-10.047853772996683,-9.409502247560598,-2.515506634247331,-6.598144345567416,-30.24616964586882,11.603575064486456,-17.64259458138236,"Ryan Vilade","22165",668723
"Jasson Domínguez ","NYY","OF",421.5400085449219,104.946,-0.2857991444453146,-10.979323340929485,-10.386432489751982,-1.9253244962540979,-6.672671698544735,-30.249551169925617,11.603575064486456,-17.64597610543916,"Jasson Dominguez","28080",691176
"Jahmai Jones ","DET","OF/DH",999,133.57,-0.9384362398559964,-10.557630912539917,-9.70959080072519,-2.6007796233424707,-6.459359661635283,-30.265797238098852,11.603575064486456,-17.662222173612395,"Jahmai Jones","18872",663330
"Jacob Melton ","TBR","OF",727.5700073242188,127.181,-1.5034696206452909,-10.7155368455842,-10.152917383943985,-1.401819005536157,-6.578723300804883,-30.352466156514517,11.603575064486456,-17.74889109202806,"Jacob Melton","31661",689200
"Tyler Tolbert ","KCR","OF",999,127.503,-1.400101577396015,-11.200582504058284,-10.224028089584404,-0.18236844131609736,-7.349691464548956,-30.356772076903752,11.603575064486456,-17.753197012417296,"Tyler Tolbert","25779",686475
"Richie Palacios ","TBR","1B/2B/OF/DH",999,215.51,-1.6673572540549415,-9.468784341111371,-8.640614185465852,-1.32124576730625,-6.464234954294553,-27.562236502232963,8.746241511376516,-17.815994990856446,"Richie Palacios","24589",680700
"José Tena ","WSN","3B",999,199.21,-0.7992779369464653,-9.464757726726425,-8.973556295090312,-1.510117710568486,-6.497882105132878,-27.24559177446457,8.401389694984731,-17.84420207947984,"Jose Tena","23691",677588
"Randal Grichuk ","CHW","OF/DH",999,115.911,-0.45298673795023847,-10.382640962394188,-10.202922746293071,-3.2765727616723175,-6.158053408353183,-30.473176616663004,11.603575064486456,-17.869601552176544,"Randal Grichuk","10243",545341
"Nelson Velázquez ","STL","DH/OF",748.5599975585938,131.909,-1.5607720792183124,-10.150317531877395,-9.980402816010459,-2.9241540832536583,-5.863021173014805,-30.478667683374628,11.603575064486456,-17.875092618888175,"Nelson Velazquez","23359",676369
"Kyle Karros ","COL","3B",999,195.176,0.2716867723373489,-9.371120322094333,-8.872754827001485,-2.9146530088629845,-6.466113100982955,-27.35295448660441,8.401389694984731,-17.95156479161968,"Kyle Karros","33252",691720
"Blaze Alexander ","BAL","3B",745.9099731445312,211.835,-2.1928668153851585,-9.10163934834213,-8.343575847723722,-1.9586290429515634,-5.920405209270963,-27.51711626367354,8.401389694984731,-18.115726568688807,"Blaze Alexander","23789",677942
"Ben Williamson ","TBR","3B",999,210.132,-0.01539934997487475,-9.567119850446362,-8.834365707704645,-2.142902404942664,-7.084070522356367,-27.64385783542491,8.401389694984731,-18.24246814044018,"Ben Williamson","33197",810938
"Zac Veen ","COL","OF",743.6599731445312,112.074,-0.3644802282137132,-10.976516542434084,-10.346386831281162,-2.366329689660941,-6.806101573139125,-30.859814864729024,11.603575064486456,-18.256239800242568,"Zac Veen","27770",691728
"José Fermín ","STL","2B/3B/OF/DH",999,169.39,-0.6182453374547078,-10.105451815122137,-9.109809425193692,-1.4783009615034177,-6.702442605380745,-28.014250144654703,8.746241511376516,-18.268008633278185,"Jose Fermin","21746",665877
"Jhostynxon Garcia ","PIT","OF/DH",999,142.775,-1.3309764032422609,-10.286075146202178,-9.932186142502825,-2.942141875857697,-6.388788487985779,-30.88016805579074,11.603575064486456,-18.276592991304284,"Jhostynxon Garcia","28142",691373
"Colt Emerson ","SEA","3B/SS",999,214.001,-1.7574424461240241,-9.30532629646935,-8.529815307751251,-2.4335810285986397,-6.401256302724154,-28.427421381667422,9.112007661449356,-18.315413720218068,"Colt Emerson","33575",806068
"Jerar Encarnacion ","SFG","1B/OF",999,133.231,-1.3398986480032138,-10.341456222893147,-10.14826700841763,-3.0074321369343573,-6.119810786132098,-30.956864802380448,11.603575064486456,-18.35328973789399,"Jerar Encarnacion","21871",666464
"Eli White ","ATL","OF",999,123.452,-1.0752271532044968,-10.763982292353356,-10.230805967026274,-2.2187080965873096,-6.675868539917565,-30.964592049089006,11.603575064486456,-18.36101698460255,"Eli White","19346",642201
"Brandon Lockridge ","MIL","OF",999,133.143,-1.0061272628729108,-11.080871995442752,-10.177223406545467,-1.4279891208258213,-7.324995545774178,-31.01720733146113,11.603575064486456,-18.413632266974673,"Brandon Lockridge","21496",663604
"Will Brennan ","SFG","OF",999,125.166,0.17796139778857914,-10.893414669601674,-10.379730023805136,-2.7724412885306027,-7.187369733512737,-31.054994317661567,11.603575064486456,-18.45141925317511,"Will Brennan","25660",686823
"Eric Wagaman ","NYM","1B/OF",748.2100219726562,119.219,-0.2423639779538428,-10.690541190681126,-10.359923553739968,-3.073669119694745,-6.791995322414322,-31.158493164484003,11.603575064486456,-18.554918099997543,"Eric Wagaman","23395",676572
"Ryan Mountcastle ","BAL","1B/DH",748.0900268554688,156.32,-0.3206031030944894,-9.393960302995756,-9.396040936596815,-3.1444368880062394,-5.831611830192367,-28.08665306088567,8.485428816948463,-18.601224243937203,"Ryan Mountcastle","18373",663624
"Johan Rojas ","PHI","OF",999,108.296,-0.44148653501866203,-11.322245804274377,-10.547669448156151,-1.5815955201427763,-7.332228501800322,-31.22522580939229,11.603575064486456,-18.621650744905835,"Johan Rojas","24336",679032
"Nick Loftin ","KCR","OF",999,124.147,-0.45761418336651566,-10.870147782232944,-10.176621012341185,-2.8033789100989166,-6.932817928411332,-31.240579816450897,11.603575064486456,-18.63700475196444,"Nick Loftin","27630",679845
"Coby Mayo ","BAL","1B",459.1600036621094,169.949,-1.502777342859967,-9.181568419724206,-9.085201936163301,-2.978827502328569,-5.385446951534467,-28.133822152610513,8.485428816948463,-18.64839333566205,"Coby Mayo","28312",691723
"Cody Freeman ","TEX","2B",999,163.96,-0.3968351071798576,-9.74217051014423,-9.336847940437552,-2.7123917736546224,-6.219393623937153,-28.40763895535342,8.746241511376516,-18.661397443976902,"Cody Freeman","25629",683227
"Zack Gelof ","ATH","2B",999,163.811,-2.0218482793866035,-9.68217279204717,-9.269860268511872,-1.7494025834891933,-5.746574744490575,-28.469858667925415,8.746241511376516,-18.7236171565489,"Zack Gelof","29766",680869
"Andy Ibáñez ","NYM","3B",999,188.156,-0.7660817260582949,-9.585627535639592,-8.84295112686172,-2.546139981207741,-6.389987327319221,-28.13078769708657,8.401389694984731,-18.729398002101842,"Andy Ibanez","18819",628451
"Max Kepler ","ARI","OF",999,119.875,-0.8346124065428688,-10.600747883857085,-10.264732700880776,-3.210132895584484,-6.436342098872421,-31.34656798573763,11.603575064486456,-18.742992921251176,"Max Kepler","12144",596146
"Myles Straw ","TOR","OF",999,158.838,-1.4795375319700075,-10.783140908080105,-9.895774061233812,-1.7503831627263238,-7.45155212566991,-31.36038778968016,11.603575064486456,-18.7568127251937,"Myles Straw","17620",664702
"Carlos Cortes ","ATH","OF",999,111.381,-0.7072256084436475,-10.813282133937813,-10.304326608586182,-3.2499630020210537,-6.507792465827894,-31.58258981881659,11.603575064486456,-18.979014754330134,"Carlos Cortes","21842",666126
"Taylor Walls ","TBR","SS",999,199.384,-3.074840369349521,-9.92031289591609,-8.967343106105213,-0.4402159597296932,-6.699045973331426,-29.101758304431947,9.112007661449356,-18.98975064298259,"Taylor Walls","22458",670764
"Jorge Mateo ","ATL","2B/3B/SS/OF/DH",999,135.749,-1.5131175740377802,-10.650922292120818,-9.94764334436819,-0.20877539825313815,-6.844464145985722,-29.164922754765648,9.112007661449356,-19.052915093316294,"Jorge Mateo","17273",622761
"Charlie Condon ","COL","1B/OF",999,112.882,-0.6915328067318061,-10.856399105254985,-10.365534168969601,-3.1853489649603968,-6.563538066097623,-31.662353112014415,11.603575064486456,-19.05877804752796,"Charlie Condon","sa3025257",809707
"Triston Casas ","BOS","1B",746.0599975585938,144.697,-0.8159517652132302,-9.57989213162404,-9.370454534540567,-3.2522283746433014,-5.542693551597667,-28.561220357618808,8.485428816948463,-19.07579154067034,"Triston Casas","22514",671213
"Michael Conforto ","CHC","OF",999,122.544,-1.234245542667551,-10.68948352554427,-10.158565525369955,-3.258855466736003,-6.468630635000826,-31.809780695318608,11.603575064486456,-19.20620563083215,"Michael Conforto","16376",624424
"Andrew McCutchen ",,"DH",999,186.928,-1.6547597608904496,-9.529188987771997,-8.61868021348517,-3.079822850945582,-5.854389682253256,-28.736841495346454,8.401389694984731,-19.33545180036172,"Andrew McCutchen","9847",457705
"Ryan Waldschmidt ","ARI","OF",999,103.509,-0.40134943212413343,-11.30898513123633,-10.49354105209233,-2.6257664171406985,-7.145330707340313,-31.974972739933804,11.603575064486456,-19.371397675447348,"Ryan Waldschmidt","35061",814439
"Otto Kemp ","PHI","3B",999,175.765,-1.7037844791389585,-9.5158065077092,-9.167326849754039,-2.490215525534588,-5.904340971806782,-28.78147433394357,8.401389694984731,-19.380084638958838,"Otto Kemp","31792",805249
"David Fry ","CLE","DH",999,184.461,-2.1368563510552288,-9.187283263955326,-8.974591587186257,-2.926453252969393,-5.566110695713502,-28.79129515087971,8.401389694984731,-19.389905455894976,"David Fry","24934",681807
"Jared Oliva ","SFG","OF",999,98.5194,-1.1295447043576434,-11.604316348667139,-10.818575548259018,-1.2059819186331349,-7.3282324024470205,-32.08665092236395,11.603575064486456,-19.4830758578775,"Jared Oliva","19968",666931
"Dominic Smith ","ATL","1B",999,178.402,-0.8716173326410013,-9.565370717087815,-9.289836055338483,-3.014431138128546,-6.270903414151609,-29.012158657347456,8.485428816948463,-19.526729840398986,"Dominic Smith","15653",642086
"Derek Hill ","PHI","OF",999,102.663,-0.7324331027577998,-11.247136838580175,-10.772072152097811,-2.5251429776251735,-6.934816025725245,-32.211601096786204,11.603575064486456,-19.608026032299747,"Derek Hill","16947",656537
"Abimelec Ortiz ","WSN","1B",999,167.485,-1.6118797382972345,-9.532951428323017,-9.259222938485483,-3.100988940762109,-5.601116651810792,-29.106159697678635,8.485428816948463,-19.620730880730168,"Abimelec Ortiz","sa3016926",694673
"Isiah Kiner-Falefa ","BOS","3B/SS",746.1500244140625,152.8,0.012837306857637464,-10.643702316501107,-9.818996361293669,-1.9829395724271766,-7.322318141105306,-29.755119084469627,9.112007661449356,-19.64311142302027,"Isiah Kiner-Falefa","16512",643396
"Zach Dezenzo ","HOU","OF",999,102.511,-0.7936120889535918,-11.079692329320919,-10.657583318111314,-3.0474651065450664,-6.721304198139306,-32.2996570410702,11.603575064486456,-19.69608197658374,"Zach Dezenzo","31562",701305
"Blaine Crim ","TEX","1B/DH",999,144.826,-0.4402770910961466,-9.904835645364017,-9.625244479952519,-3.1521121333697373,-6.0755340472183095,-29.198003397000736,8.485428816948463,-19.71257458005227,"Blaine Crim","25714",688760
"Bryce Johnson ","SDP","OF",999,125.145,-1.1701005756585845,-11.220534417127732,-10.428549091517052,-2.232165103640241,-7.283955568258711,-32.335304756202326,11.603575064486456,-19.731729691715866,"Bryce Johnson","20002",669369
"Ty France ","SDP","1B",999,167.499,-0.22439286188858437,-9.78980287562718,-9.462520119584632,-3.287764416256306,-6.459439596960782,-29.22391987031748,8.485428816948463,-19.738491053369017,"Ty France","17982",664034
"Justyn-Henry Malloy ","TBR","OF/DH",999,122.821,-1.2378787644566271,-11.06297431517441,-10.150036844385324,-3.124318971613814,-6.774172698338203,-32.34938159396838,11.603575064486456,-19.745806529481925,"Justyn-Henry Malloy","29606",669234
"John Rave ","KCR","OF",999,102.91,-1.057669347520583,-11.248092674596025,-10.651069021799664,-2.5202064657257863,-6.930580120395446,-32.40761763003751,11.603575064486456,-19.80404256555105,"John Rave","26284",670231
"Darell Hernaiz ","ATH","3B/SS",999,144.398,0.2531370048700328,-10.568349154876719,-9.874988678142785,-2.5902641927744856,-7.1456504486423125,-29.92611546956627,9.112007661449356,-19.814107808116916,"Darell Hernaiz","26224",687231
"Joey Wiemer ","WSN","OF",999,133.903,-2.2915549053638906,-10.760382584435716,-10.22491309734384,-2.63344160204428,-6.5117885651811935,-32.42208075436893,11.603575064486456,-19.81850568988247,"Joey Wiemer","27690",686894
"Austin Slater ","TBR","OF",999,112.756,-0.9701063061418931,-11.254051714757328,-10.491884153815986,-3.0257918386398837,-6.95231900377389,-32.69415301712898,11.603575064486456,-20.090577952642526,"Austin Slater","16153",596103
"Tyler Locklear ","ARI","1B",999,144.139,-0.9128981320784502,-10.155137831525499,-9.721320161019968,-2.5053969300276258,-6.3321637896846035,-29.62691684433614,8.485428816948463,-20.141488027387677,"Tyler Locklear","31396",682988
"Dylan Carlson ","PHI","OF",999,103.438,-0.931982499071626,-11.310774996243278,-10.628589214235966,-2.927230928725772,-7.0149378987422795,-32.81351553701892,11.603575064486456,-20.209940472532466,"Dylan Carlson","20126",666185
"Nick Yorke ","PIT","1B/2B/3B/OF",999,143.428,-0.1896992941454515,-10.519110410764865,-9.999173634877325,-2.3815787286475625,-6.9688228378910555,-30.05838490632626,8.746241511376516,-20.312143394949743,"Nick Yorke","27504",694377
"Luis Matos ","MIL","OF",999,72.9858,-0.18176083172146315,-11.644382519518953,-11.171455738962578,-3.026163788047983,-6.969062643867552,-32.99282552211853,11.603575064486456,-20.38925045763207,"Luis Matos","26467",682641
"Tyler Austin ","CHC","1B",999,124.796,-0.504289031926093,-10.201813973072136,-9.933466342406412,-3.2607489101034575,-5.980906246848975,-29.881224504357075,8.485428816948463,-20.39579568740861,"Tyler Austin","11850",592122
"Braden Montgomery ","CHW","OF",999,116.775,-1.3308974658327137,-11.204243503408758,-10.596394610601648,-2.894501275223768,-7.043989578197842,-33.07002643326473,11.603575064486456,-20.466451368778277,"Braden Montgomery","35423",695731
"Miguel Rojas ","LAD","2B/3B/SS",999,127.353,-0.06391438204167699,-10.673823176534615,-10.11411439918042,-2.8422284776049676,-6.980371634572497,-30.674452069934176,9.112007661449356,-20.562444408484822,"Miguel Rojas","7802",500743
"Daniel Schneemann ","CLE","2B/3B/OF",999,177.379,-2.454134881918962,-9.971707701950056,-9.313821938188479,-2.3330928580702817,-6.281253276225084,-30.35401065635286,8.746241511376516,-20.607769144976345,"Daniel Schneemann","25180",682177
"Adam Frazier ","LAA","2B/OF",999,172.601,-1.3006024704461876,-10.318819706273505,-9.617374751793438,-2.361900396156821,-6.870199033442944,-30.468896358112897,8.746241511376516,-20.722654846736383,"Adam Frazier","15223",624428
"Ronny Mauricio ","NYM","3B",999,117.919,-0.5335707171126477,-10.574592928656381,-10.178786040453032,-2.543570273517672,-6.347069107840829,-30.17758906758056,8.401389694984731,-20.776199372595826,"Ronny Mauricio","23698",677595
"Bryan De La Cruz ","PHI","OF/DH",999,82.3535,-0.6877181323486854,-11.550114938098002,-11.055912580455201,-3.200969933201812,-6.9235869703457995,-33.4183025544495,11.603575064486456,-20.814727489963037,"Bryan De La Cruz","19600",650559
"LaMonte Wade Jr. ","HOU","1B/OF",999,90.2948,-0.8202637200746387,-11.577530828757114,-10.792481016367264,-3.2693370800571966,-7.002470084003903,-33.46208272926012,11.603575064486456,-20.858507664773658,"LaMonte Wade Jr.","18126",664774
"Mike Tauchman ","NYM","OF",999,92.0337,-0.7316649750243538,-11.730494461168318,-10.675337518204813,-3.2408676741319646,-7.146889208001241,-33.52525383653069,11.603575064486456,-20.921678772044235,"Mike Tauchman","15274",643565
"Chris Taylor ",,"OF",999,107.967,-1.5889359980741657,-11.38602632874666,-10.72263165775668,-2.721554756190601,-7.1179973991966765,-33.537146139964776,11.603575064486456,-20.933571075478323,"Chris Taylor","13757",621035
"Johnathan Rodríguez ","BAL","OF",999,71.1401,-0.3057793948024233,-11.75252077890284,-11.257835476833163,-3.3016948043044065,-6.999433018007546,-33.617263472850375,11.603575064486456,-21.013688408363922,"Johnathan Rodriguez","22530",671286
"Oswaldo Cabrera ","NYY","3B",999,131.972,-0.6859934596510224,-10.465824298523403,-9.9393780649626,-2.8525748622456044,-6.4747046717190155,-30.41847535710165,8.401389694984731,-21.017085662116916,"Oswaldo Cabrera","21707",665828
"Grant McCray ","SFG","OF",999,96.794,-1.4147799706872373,-11.590710038498358,-10.891870314436217,-2.580661626336824,-7.1537625026999,-33.631784452658536,11.603575064486456,-21.02820938817208,"Grant McCray","25690",687529
"Santiago Espinal ",,"3B",999,143.232,-0.0587998616658797,-10.567983151921789,-9.87636314241515,-2.873030870492725,-7.168268334777676,-30.544445361273215,8.401389694984731,-21.143055666288483,"Santiago Espinal","19997",669289
"Thairo Estrada ",,"2B",999,127.928,-0.5999094193492656,-10.607378220376113,-10.27695169723966,-2.750970843492949,-6.696728229990041,-30.93193841044803,8.746241511376516,-21.185696899071512,"Thairo Estrada","16426",642731
"Jhonkensy Noel ","BAL","OF",999,60.7703,-0.5522062224203323,-11.72909115890073,-11.383375955190724,-3.3747617524082885,-6.779327621724935,-33.81876271064501,11.603575064486456,-21.215187646158554,"Jhonkensy Noel","24257",678877
"Alex Freeland ","LAD","2B/3B",999,134.742,-1.6024527166606122,-10.611669590475675,-9.738660136544382,-2.411671080272525,-6.6197232630203375,-30.984176786973535,8.746241511376516,-21.237935275597017,"Alex Freeland","31665",690976
"Billy Cook ","PIT","1B/OF",999,87.085,-1.1428668697568567,-11.668869804657916,-11.085942155977673,-2.814198655581418,-7.150725436703544,-33.86260292267741,11.603575064486456,-21.259027858190958,"Billy Cook","29573",695257
"Travis Bazzana ","CLE","2B",999,180.57,-2.545555939257371,-10.116332596132091,-9.27782408148855,-2.506918504600203,-6.559621902069821,-31.006253023548037,8.746241511376516,-21.260011512171523,"Travis Bazzana","34967",683953
"Jorbit Vivas ","WSN","2B/3B",999,156.811,-1.1835308175876784,-10.604713788689889,-9.764510119730849,-2.4169456840266084,-7.056697198912718,-31.026397608947747,8.746241511376516,-21.28015609757123,"Jorbit Vivas","23917",678391
"Wilmer Flores ",,"1B/DH",999,127.512,-0.9599266980675083,-10.295186815949844,-10.053791667005255,-3.33614886532317,-6.146624657571774,-30.791678703917555,8.485428816948463,-21.306249886969084,"Wilmer Flores","5827",527038
"Nelson Rada ","LAA","OF",999,84.0804,-0.6956968853428627,-12.143034682122046,-11.22579133708653,-2.139149295147936,-7.730040559228373,-33.933712758927754,11.603575064486456,-21.330137694441298,"Nelson Rada","sa3018421",703185
"Heston Kjerstad ","BAL","OF",999,72.7828,-0.6228651530546224,-11.734013093709613,-11.25455956557917,-3.2909765206389343,-7.047386210247161,-33.94980054322949,11.603575064486456,-21.34622547874304,"Heston Kjerstad","31166",677008
"Jarred Kelenic ","TEX","OF",999,73.7809,-0.9579014636286467,-11.84829339473227,-11.250097449463603,-2.957154234423386,-7.0366367668207115,-34.05008330906862,11.603575064486456,-21.446508244582166,"Jarred Kelenic","22558",672284
"Eloy Jiménez ","TOR","DH/OF",999,65.6412,-0.3205064193200378,-11.863709741771968,-11.415589501474384,-3.3455484980501216,-7.20491263158687,-34.15026679220338,11.603575064486456,-21.54669172771693,"Eloy Jimenez","17484",650391
"Ryan Bliss ","SEA","2B",999,111.726,-1.4201918448032036,-11.160455235733865,-10.460555525516172,-1.3196905770199368,-6.936694172413647,-31.29758735548683,8.746241511376516,-21.55134584411031,"Ryan Bliss","29547",669208
"Vaughn Grissom ","LAA","2B",999,130.285,-0.46278470527895027,-10.848223293619426,-10.259197497146161,-2.807503928995133,-6.9419291264004,-31.31963855144007,8.746241511376516,-21.573397040063554,"Vaughn Grissom","26031",687093
"Nate Eaton ","BOS","OF",999,66.0182,-0.5353438337882139,-12.103029414782608,-11.425549115577061,-2.711986047306343,-7.406316258124654,-34.18222466957888,11.603575064486456,-21.57864960509242,"Nate Eaton","25055",681987
"Adrian Del Castillo ","ARI","DH",999,133.635,-1.0276749278056387,-10.327626276578613,-9.981513699152602,-3.254290884091409,-6.391785538682123,-30.98289132631039,8.401389694984731,-21.58150163132566,"Adrian Del Castillo","29554",680728
"Jurickson Profar ","ATL","OF",649.5900268554688,56.007,-0.10641864506881164,-12.21907921498801,-11.37066750231891,-3.1703366063947076,-7.328112499458772,-34.194614468229204,11.603575064486456,-21.591039403742748,"Jurickson Profar","10815",595777
"Drew Gilbert ","SFG","OF",999,71.1649,-0.6696080813569253,-11.918175423155146,-11.283534726805177,-3.1422053124774774,-7.22868943703019,-34.24221298082492,11.603575064486456,-21.63863791633846,"Drew Gilbert","31545",687551
"Alejandro Osuna ","TEX","OF",999,57.4674,-0.17734201835111657,-12.204822071265825,-11.525653925092826,-2.8938250512077643,-7.446437122308667,-34.2480801882262,11.603575064486456,-21.644505123739744,"Alejandro Osuna","27915",696030
"Tristan Gray ","MIN","1B/2B/3B/SS",999,139.8,-1.9484055946134975,-10.315565635486596,-10.031500029076753,-3.196439187957316,-6.264709426807907,-31.75661987394207,9.112007661449356,-21.644612212492717,"Tristan Gray","19877",656484
"Juan Brito ","CLE","2B",999,135.253,-1.2581610223935145,-10.727943123806947,-10.00636573688828,-2.6891632348499046,-6.763982611641201,-31.44561572957985,8.746241511376516,-21.69937421820333,"Juan Brito","26693",682877
"Jorge Barrosa ","ARI","OF",999,80.668,-0.7420859481860945,-11.89161373335111,-11.202897484504927,-3.0146678185494786,-7.494989781852264,-34.34625476644387,11.603575064486456,-21.74267970195741,"Jorge Barrosa","23968",678489
"Jose Siri ","LAA","OF",999,67.724,-1.261592474958879,-11.89482716946973,-11.423496935380976,-2.8087887828401676,-6.9654661258672235,-34.354171488516975,11.603575064486456,-21.75059642403052,"Jose Siri","17452",642350
"Jeimer Candelario ","LAA","1B/3B/DH",999,168.336,-2.5534558414931965,-9.83442459041248,-9.633076502364089,-3.043576768069782,-6.088841039962644,-31.153374742302194,8.401389694984731,-21.75198504731746,"Jeimer Candelario","13621",600869
"MJ Melendez ","NYM","OF",999,64.9588,-1.0105619021099517,-11.879939654998456,-11.407324311844386,-3.032993743314824,-7.0284446821631,-34.359264294430716,11.603575064486456,-21.755689229944256,"MJ Melendez","22197",669004
"Mark Canha ",,"OF",999,71.9546,-0.5010772509895386,-11.981935678783342,-11.30047933063426,-3.2226432011069943,-7.3783435150142855,-34.38447897652842,11.603575064486456,-21.78090391204196,"Mark Canha","11445",592192
"Enrique Hernández ","LAD","1B/3B/OF",999,134.541,-1.27585572960658,-10.299823823180136,-10.021578030946003,-3.2670040729413645,-6.390546779323194,-31.254808435997276,8.401389694984731,-21.853418741012547,"Enrique Hernandez","10472",571771
"Leo Rivas ","SEA","2B",999,151.422,-2.065098163133213,-10.914159686053589,-9.785502525330829,-1.6849576326624958,-7.153402841372416,-31.60312084855254,8.746241511376516,-21.85687933717602,"Leo Rivas","21009",660844
"Spencer Jones ","NYY","OF",999,55.2995,-0.7909180811336441,-12.099917613824763,-11.559750155259948,-2.9227678179748597,-7.112482814482458,-34.485836482675666,11.603575064486456,-21.88226141818921,"Spencer Jones","31532",682987
"Deyvison De Los Santos ","MIA","1B/DH",999,114.398,-0.9349609567579208,-10.78897794725643,-10.47509019342577,-2.8879418176246503,-6.453125754266095,-31.540096669330868,8.485428816948463,-22.054667852382405,"Deyvison De Los Santos","27969",691277
"Jon Berti ",,"3B",999,101.833,-0.17961905022662322,-11.499411794245958,-10.688008265329117,-1.7214741325927978,-7.368593024970267,-31.457106267364765,8.401389694984731,-22.055716572380035,"Jon Berti","12037",542932
"Chas McCormick ","CHC","OF",999,53.7072,-0.5258400114023037,-12.275843131142251,-11.642496136377545,-2.875025765600555,-7.370750897660655,-34.68995594218331,11.603575064486456,-22.086380877696854,"Chas McCormick","19599",676801
"Andruw Monasterio ","BOS","SS",999,107.393,-0.4871455230494474,-11.400364838785533,-10.58400629748132,-2.4287121511928365,-7.305414630360644,-32.205643440869785,9.112007661449356,-22.093635779420428,"Andruw Monasterio","19455",655316
"Tim Tawa ","ARI","1B/2B/OF",748.489990234375,109.723,-1.0770662280304466,-10.933785939896046,-10.482056420054015,-2.6747932830534262,-6.688416289981442,-31.856118161015374,8.746241511376516,-22.109876649638856,"Tim Tawa","29571",694374
"Nick Allen ","HOU","SS",999,128.768,-1.0086250693916115,-11.205687537324748,-10.324057667156328,-2.360175998716715,-7.408873759805277,-32.307420032394674,9.112007661449356,-22.19541237094532,"Nick Allen","22277",669397
"Orlando Arcia ","MIN","2B/3B/SS",999,118.641,-1.0450619910202497,-10.873950954432367,-10.451499682271102,-3.2279516221078692,-6.71854695341946,-32.31701120325105,9.112007661449356,-22.20500354180169,"Orlando Arcia","13185",606115
"Christian Franklin ","WSN","OF",999,65.9207,-0.705294653146587,-12.235288762390297,-11.471148830656249,-2.9132329263373933,-7.508176919245609,-34.83314209177614,11.603575064486456,-22.22956702728968,"Christian Franklin","sa3017510",681047
"Michael Helman ","TEX","OF",999,58.4743,-0.7402953404531365,-12.208645706269566,-11.559637217568595,-2.970070286447482,-7.361879553285346,-34.84052810402413,11.603575064486456,-22.23695303953767,"Michael Helman","24605",680737
"Akil Baddoo ","MIL","OF",999,58.8364,-0.8590230975378093,-12.227133122618707,-11.55095780336951,-2.8531834517680243,-7.368073540629046,-34.8583710159231,11.603575064486456,-22.25479595143664,"Akil Baddoo","22168",668731
"Leo Jiménez ","MIA","2B/SS",999,120.429,-0.9435447945877194,-11.018169307971295,-10.314756916103615,-3.1192134137870795,-6.975895923266199,-32.371580355715906,9.112007661449356,-22.25957269426656,"Leo Jimenez","23782",677870
"Stuart Fairchild ","CLE","OF",999,55.6185,-0.6183158613235312,-12.297218518343255,-11.64628044679381,-2.8773249756229005,-7.438684681941299,-34.8778244840248,11.603575064486456,-22.27424941953834,"Stuart Fairchild","20321",656413
"Bryan Torres ","STL","OF",999,51.2153,0.04331747577377661,-12.524477647241989,-11.736274998768039,-2.9352781033440642,-7.776834927434557,-34.92954820101487,11.603575064486456,-22.325973136528415,"Bryan Torres","21464",663494
"Gabriel Gonzalez ","MIN","OF",999,48.0204,0.036775415818308836,-12.38121532367914,-11.751299212966153,-3.2961835100527392,-7.558447902463873,-34.950370533343595,11.603575064486456,-22.34679546885714,"Gabriel Gonzalez","28833",694224
"Sam Antonacci ","CHW","OF",999,54.4549,-0.28988482027333257,-12.497671955467995,-11.680659110964909,-2.8025336401555654,-7.73639436958581,-35.00714389644761,11.603575064486456,-22.403568831961152,"Sam Antonacci","35101",803011
"Jett Williams ","MIL","SS",999,116.988,-1.6059791361296836,-11.20019613527915,-10.43284180109559,-2.2876500560249338,-7.049144501584576,-32.57581163011393,9.112007661449356,-22.46380396866458,"Jett Williams","sa3020134",702518
"Tommy Troy ","ARI","OF",999,50.0566,-0.21139598268680918,-12.42898976503092,-11.733112025205404,-3.1023752060409078,-7.64712142619148,-35.122994405155524,11.603575064486456,-22.51941934066906,"Tommy Troy","33279",694371
"Dylan Moore ","PHI","2B/OF",999,98.6811,-1.641825276452501,-11.365810241843285,-10.6448748652395,-1.7949131006413477,-6.8360722706516235,-32.28349575482826,8.746241511376516,-22.53725424345174,"Dylan Moore","18042",664238
"Jonatan Clase ","TOR","OF",999,45.2878,-0.5278121153394049,-12.518071140828951,-11.821374446959448,-2.707861068716738,-7.5881788892743955,-35.16329766111894,11.603575064486456,-22.559722596632483,"Jonatan Clase","26599",682729
"Emmanuel Rodriguez ","MIN","OF",999,57.045,-0.8454297114339919,-12.322885372623935,-11.541562967499198,-3.0604487930627453,-7.411910778164372,-35.18223762278424,11.603575064486456,-22.578662558297783,"Emmanuel Rodriguez","sa3014693",691181
"Jack Suwinski ","LAD","OF",999,43.1765,-0.7017376033663093,-12.331224013872989,-11.763875785497268,-3.1543436887451937,-7.236122183732822,-35.18730327521458,11.603575064486456,-22.58372821072813,"Jack Suwinski","22244",669261
"Drew Waters ","KCR","OF",999,49.043,-0.4081913984422084,-12.418942722071723,-11.78051919222421,-3.0527735275459404,-7.560405984477773,-35.22083282476186,11.603575064486456,-22.6172577602754,"Drew Waters","20505",671221
"Samad Taylor ","SDP","OF",999,45.8947,-0.3981504024095623,-12.557018743031538,-11.831522320472907,-2.8112232215430693,-7.650398226708442,-35.24831291416552,11.603575064486456,-22.64473784967906,"Samad Taylor","22274",669392
"Matthew Lugo ","KCR","OF",999,49.9265,-0.577545849754446,-12.327461476341854,-11.799139367652213,-3.167868350445014,-7.405437112455948,-35.277452156649474,11.603575064486456,-22.67387709216302,"Matthew Lugo","25980",683090
"Jose Iglesias ",,"2B/3B/SS",999,104.866,-0.03679883890313518,-11.433048301384257,-10.857397565447519,-3.050575769263971,-7.429054047248269,-32.80687452224715,9.112007661449356,-22.694866860797795,"Jose Iglesias","10231",578428
"Alex Verdugo ",,"OF",999,47.0537,-0.1194508638709726,-12.463890193064127,-11.790874178022213,-3.3500454462011318,-7.5825843454160475,-35.306845026574486,11.603575064486456,-22.703269962088033,"Alex Verdugo","17027",657077
"Taylor Trammell ","HOU","OF",999,48.7875,-0.7969257545455913,-12.36663281167031,-11.711159379902144,-3.090135418339428,-7.347933173211541,-35.31278653766901,11.603575064486456,-22.70921147318256,"Taylor Trammell","19960",666211
"Kameron Misner ","KCR","OF",999,53.6288,-0.8670397493298688,-12.372022481575014,-11.69101409676291,-2.9339594322522378,-7.476248044444687,-35.34028380436472,11.603575064486456,-22.73670873987826,"Kameron Misner","26374",670224
"Walker Jenkins ","MIN","OF",999,46.4945,-0.2881158470440682,-12.50775963309548,-11.79708718745613,-3.1340567062721156,-7.616511269893619,-35.34353064376141,11.603575064486456,-22.739955579274955,"Walker Jenkins","sa3022894",805805
"Tyler Black ","MIL","1B/OF",999,47.34,-0.5923278583065427,-12.493380585368431,-11.781629985590769,-2.915599730546711,-7.560845533493495,-35.343783693305944,11.603575064486456,-22.740208628819488,"Tyler Black","29949",672012
"Manuel Margot ",,"OF",999,57.7144,-0.3605173393231524,-12.413248049704574,-11.667197620449945,-3.242456822738209,-7.676932348327503,-35.36035218054338,11.603575064486456,-22.756777116056927,"Manuel Margot","14712",622534
"Tanner Murray ","CHW","OF",999,63.8845,-0.7514824149274839,-12.215479313110144,-11.642797423255278,-3.286581004074995,-7.5000248498880095,-35.3963650052559,11.603575064486456,-22.79278994076945,"Tanner Murray","28848",695020
"Kevin Alcántara ","CHC","OF/DH",999,47.0662,-0.4835550010288889,-12.420915491576023,-11.82419851767243,-3.1877157893230206,-7.486158357502442,-35.402543157102805,11.603575064486456,-22.79896809261635,"Kevin Alcantara","25971",682634
"Joshua Báez ","STL","OF",999,36.0528,-0.31255469027717836,-12.639246146164787,-11.98775132717849,-2.916478817736855,-7.568398183184376,-35.424429164541685,11.603575064486456,-22.820854100055232,"Joshua Baez","sa3017022",695491
"Gabriel Rincones Jr. ","PHI","OF",999,44.3813,-0.6343170839543468,-12.48371991118837,-11.815255522343126,-3.0794171245973025,-7.461022889711941,-35.47373253179508,11.603575064486456,-22.870157467308626,"Gabriel Rincones Jr.","31958",687282
"Junior Perez ","CHW","OF",999,47.0835,-0.8011836697456848,-12.463890193064127,-11.785564849670306,-2.999418779562857,-7.474529720770023,-35.524587212812996,11.603575064486456,-22.92101214832654,"Junior Perez","23989",678577
"Sterlin Thompson ","COL","DH/OF",999,35.7238,-0.05346612506404568,-12.62352469968253,-11.985077810128782,-3.2772151885948344,-7.601046356821636,-35.540330180291825,11.603575064486456,-22.93675511580537,"Sterlin Thompson","31443",694514
"Rece Hinds ","MIA","OF",999,33.3627,-0.34020690629432043,-12.570726785341206,-12.031129410636774,-3.1764227031519616,-7.423539462534052,-35.542025267958316,11.603575064486456,-22.938450203471863,"Rece Hinds","27493",677956
"Pedro León ","PHI","OF",999,44.4306,-0.701095473899631,-12.496207555727807,-11.86399944788679,-3.054768422653771,-7.484120387800303,-35.60019128796831,11.603575064486456,-22.996616223481848,"Pedro Leon","27781",694175
"Ildemaro Vargas ","ARI","1B/2B/3B/SS/DH",999,87.8767,0.04608491537907829,-11.591910070444392,-11.05263666920121,-3.105316822832465,-7.449833801995246,-33.15361244909424,9.112007661449356,-23.041604787644882,"Ildemaro Vargas","13324",545121
"Kyren Paris ","LAA","OF",999,41.8564,-0.737445831877447,-12.586021034415817,-11.916998287485889,-2.890883434416207,-7.514650584954034,-35.6459991731494,11.603575064486456,-23.042424108662942,"Kyren Paris","26420",677347
"Petey Halpin ","CLE","OF",999,58.6672,-0.9083538088058517,-12.339196652167109,-11.723208790172816,-3.1508949140182865,-7.527677899333644,-35.649332064497706,11.603575064486456,-23.045757000011253,"Petey Halpin","27931",690984
"Tyler Wade ",,"OF",999,56.1684,-0.6904529669012102,-12.550083501030182,-11.749397586433348,-2.859235731278486,-7.804687767556678,-35.6538575531999,11.603575064486456,-23.050282488713446,"Tyler Wade","15730",642180
"Tristan Peters ","CHW","OF",999,47.8931,-0.5449878636776752,-12.511827270069173,-11.845642763813416,-3.211722044190729,-7.59333386029839,-35.707513802049384,11.603575064486456,-23.103938737562927,"Tristan Peters","30063",671976
"Ryan Kreidler ","MIN","OF",999,60.0174,-1.2579288900809562,-12.416502120491483,-11.631708162912291,-2.8486527065235285,-7.568158424845139,-35.7229503048534,11.603575064486456,-23.11937524036694,"Ryan Kreidler","25867",668952
"Hyeseong Kim ","LAD","2B",740.77001953125,75.6431,0.07939729750668797,-11.901437140164552,-11.183241657878623,-2.3302189160789197,-7.545300685096013,-32.88080110171141,8.746241511376516,-23.134559590334902,"Hyeseong Kim","35322",808975
"Victor Bericoto ","SFG","OF",999,43.8814,-0.3905529749264399,-12.519332076287357,-11.921610957264733,-3.3494368365254066,-7.55720909546768,-35.738141940471614,11.603575064486456,-23.13456687598516,"Victor Bericoto","26468",682674
"Blake Dunn ","CIN","OF",999,42.6403,-0.47650282112878234,-12.633205691196736,-11.919652951661842,-3.070321776554908,-7.6502783475388245,-35.74996158808109,11.603575064486456,-23.146386523594636,"Blake Dunn","29487",694362
"Kristian Campbell ","BOS","2B",746.1400146484375,88.8281,-0.27741028902468473,-11.502970964475425,-10.906856912662407,-3.08377882391445,-7.1361396693002686,-32.90715665937724,8.746241511376516,-23.160915148000722,"Kristian Campbell","33644",692225
"Adael Amador ","COL","2B",999,78.3091,-0.2163839213093132,-11.810159261736354,-11.043750142717581,-2.5636881899100965,-7.283036454927254,-32.917017970600604,8.746241511376516,-23.17077645922408,"Adael Amador","27962",691182
"Weston Wilson ","SEA","OF",999,35.3202,-0.43992662018444245,-12.634344625670165,-12.007952989387809,-3.1648591193131788,-7.536189582381467,-35.78327293693706,11.603575064486456,-23.179697872450607,"Weston Wilson","19358",642215
"Ben Gamel ","ATL","OF",999,44.9324,-0.5358161365208683,-12.522952343989429,-11.849408221355926,-3.330874251492434,-7.5605658074915105,-35.799616760850164,11.603575064486456,-23.19604169636371,"Ben Gamel","12160",592325
"Gustavo Campero ","LAA","OF",999,30.6122,-0.17960876643343648,-12.773091846007587,-12.122441868262102,-3.0998731328444227,-7.668340729954179,-35.843356343501725,11.603575064486456,-23.239781279015272,"Gustavo Campero","22707",672569
"Ryan Ward ","LAD","OF",999,32.3634,-0.41863381319812115,-12.614148807610878,-12.033840543658405,-3.3043659234282403,-7.478046303444852,-35.84903539134049,11.603575064486456,-23.24546032685404,"Ryan Ward","27449",669899
"Dominic Fletcher ","PIT","OF",999,39.967,-0.29093387965795814,-12.61978247948554,-12.007181098870905,-3.3040278114202386,-7.674175032151762,-35.8961003015864,11.603575064486456,-23.292525237099948,"Dominic Fletcher","26149",666150
"Dairon Blanco ",,"OF",999,24.7411,-0.2103720326847168,-12.92554706016462,-12.22787476922794,-2.773523198588275,-7.767204316560158,-35.904521377225706,11.603575064486456,-23.300946312739253,"Dairon Blanco","19779",680118
"Garrett Hampson ","CIN","OF",999,49.5429,-0.6450344128796086,-12.626107668071947,-11.877084419580177,-3.043103407227919,-7.78179009587275,-35.9731200036324,11.603575064486456,-23.36954493914595,"Garrett Hampson","19262",641658
"José Azócar ","ATL","OF/DH",999,33.1036,-0.2736327548428962,-12.799592535319139,-12.1266215054859,-3.005335830392763,-7.788623422908659,-35.99380604894935,11.603575064486456,-23.3902309844629,"Jose Azocar","18821",640492
"Nolan Jones ","CHW","OF",999,31.5507,-0.3054037053894562,-12.77006145985649,-12.103068565415365,-3.2332938603555363,-7.650997646375163,-36.06282523739201,11.603575064486456,-23.459250172905556,"Nolan Jones","20529",666134
"Steward Berroa ","PHI","OF",999,36.8016,-0.6749616172850366,-12.828066042625048,-12.053439766775648,-2.764191250738171,-7.773118554083241,-36.09377723150714,11.603575064486456,-23.490202167020687,"Steward Berroa","22766",672642
"Brett Harris ","ATH","3B",999,99.7627,-0.8268410900691865,-11.375572454204011,-10.679912482236148,-2.9991482818951334,-7.0143784467383075,-32.89585275514278,8.401389694984731,-23.494463060158054,"Brett Harris","29788",695391
"Michael Siani ","BAL","OF",999,42.5196,-0.8254807286533707,-12.698593030708444,-11.945201558194988,-2.9357852814327194,-7.723566869701317,-36.128627468690844,11.603575064486456,-23.525052404204384,"Michael Siani","22557",672279
"Héctor Rodríguez ","CIN","OF",999,24.9302,-0.0638186905027934,-12.847977127065977,-12.235047973477345,-3.320663135838964,-7.690159453383598,-36.15766638026868,11.603575064486456,-23.554091315782223,"Hector Rodriguez","sa3015828",699302
"J.D. Martinez ",,"DH/OF",999,31.1161,-0.3061073100716563,-12.705955470117447,-12.124927036125435,-3.419088806995867,-7.612115541550084,-36.16819416486049,11.603575064486456,-23.56461910037403,"J.D. Martinez","6184",502110
"Rhylan Thomas ","TOR","OF",999,25.4033,0.042110215156769694,-12.938990589209965,-12.256755845636345,-3.2141226656468387,-7.853560108855695,-36.221318994192075,11.603575064486456,-23.617743929705615,"Rhylan Thomas","31793",689041
"Jared Young ","NYM","1B/OF/DH",999,25.1546,-0.21622940351317216,-12.83394376495972,-12.203606362598382,-3.348490114841679,-7.6436847550235205,-36.24595440093647,11.603575064486456,-23.642379336450013,"Jared Young","20404",676724
"Andrew Pinckney ","WSN","OF",999,29.6892,-0.3390536248035657,-12.847855126081,-12.199464341346504,-3.1597197442396516,-7.704545406291756,-36.25063824276248,11.603575064486456,-23.647063178276024,"Andrew Pinckney","sa3022670",687605
"Kahlil Watson ","CLE","OF",999,30.7987,-0.5008837403514327,-12.783220303773533,-12.147124454572953,-3.2059064451011983,-7.622785144925557,-36.25992008872468,11.603575064486456,-23.656345024238217,"Kahlil Watson","29905",696135
"Ryan Clifford ","NYM","1B/OF",999,30.9783,-0.5232240175522554,-12.743215036434092,-12.091753339914082,-3.364111083083094,-7.55712916014218,-36.2794326371257,11.603575064486456,-23.67585757263925,"Ryan Clifford","sa3020126",691775
"Andrew Pintar ","MIA","OF",999,37.1502,-0.5011939800878413,-12.793816496635301,-12.104555922491288,-3.0949028440048556,-7.786305691476588,-36.28077493469588,11.603575064486456,-23.677199870209414,"Andrew Pintar","sa3020715",801464
"Kristian Robinson ","ARI","OF",999,29.9374,-0.43965531541796976,-12.82898124397261,-12.14228581963581,-3.1744616252909235,-7.695993755581182,-36.2813777598985,11.603575064486456,-23.67780269541204,"Kristian Robinson","sa3006884",677565
"Matt Koperniak ","STL","OF",999,30.175,-0.24152982255415234,-12.825340707426452,-12.187471355033711,-3.343553613018945,-7.721768610701154,-36.319664108734415,11.603575064486456,-23.71608904424796,"Matt Koperniak","sa3014834",689288
"Kemp Alderman ","MIA","OF",999,24.6147,-0.1917802044317211,-12.884382541017606,-12.267317988606687,-3.281543070665191,-7.704785188449623,-36.32980899317082,11.603575064486456,-23.726233928684366,"Kemp Alderman","sa3022562",694580
"Jase Bowen ","SDP","OF",999,29.9374,-0.44359175214777546,-12.828371093577548,-12.183931817761705,-3.185010852952395,-7.6919576885651315,-36.332863205004564,11.603575064486456,-23.729288140518108,"Jase Bowen","26047",687749
"Justin Dean ","CHC","OF",999,34.731,-0.6103827579121617,-12.855420932791672,-12.142135221084738,-2.9376787248001737,-7.8170756826975,-36.362693319286244,11.603575064486456,-23.75911825479979,"Justin Dean","25005",681909
"Curtis Mead ","WSN","1B/3B",999,87.3638,-0.28961452844326596,-11.61712936149322,-11.031437061541098,-3.0287672726782326,-7.223894127333682,-33.1908423514895,8.401389694984731,-23.78945265650477,"Curtis Mead","23986",678554
"Rowdy Tellez ","ATL","1B",999,72.8507,-0.6152211712972021,-11.485276748488864,-11.164565103380532,-3.358396915580634,-6.69185293733077,-33.315312876078,8.485428816948463,-23.829884059129537,"Rowdy Tellez","15679",642133
"Jake Cave ",,"OF",999,23.1075,-0.11987963746443348,-12.932136616545185,-12.292847787153873,-3.332395775681748,-7.764526935709917,-36.44178675255515,11.603575064486456,-23.8382116880687,"Jake Cave","14477",595909
"Juan Yepez ",,"1B/DH/OF",999,22.1881,-0.13974157058590142,-12.89904637085307,-12.286371196589734,-3.4139832491691315,-7.7065035121242875,-36.44564589932213,11.603575064486456,-23.842070834835674,"Juan Yepez","18400",660766
"RJ Schreck ","TOR","OF",999,26.0276,-0.34295736324954607,-12.878972553778759,-12.195115252697878,-3.361980949218055,-7.6919576885651315,-36.47098380750937,11.603575064486456,-23.867408743022914,"RJ Schreck","sa3022602",702302
"Seth Brown ",,"OF",999,19.0281,-0.1701325326387678,-12.923045458091893,-12.332516926803118,-3.403772133515662,-7.649519081039735,-36.478986132089176,11.603575064486456,-23.87541106760272,"Seth Brown","18171",664913
"Victor Mesa Jr. ","TBR","OF",999,21.9751,-0.15252036831952187,-12.9447666278938,-12.314649833906062,-3.3637053466581612,-7.7466243763083,-36.52226655308585,11.603575064486456,-23.918691488599393,"Victor Mesa Jr.","25999",683748
"Brennen Davis ","SEA","OF",999,25.6546,-0.5042442996209632,-12.855664983251684,-12.233711214952491,-3.37337547201451,-7.614992736895441,-36.58198870673509,11.603575064486456,-23.978413642248636,"Brennen Davis","sa3007876",680695
"Trey Mancini ","LAA","1B/DH/OF",999,21.962,-0.1963527883340814,-12.949322414277576,-12.317417435773367,-3.4067813696858233,-7.717213059343881,-36.587087067414735,11.603575064486456,-23.983512002928276,"Trey Mancini","15149",641820
"Edward Olivares ",,"OF",999,18.2958,-0.11850860730356566,-13.006004964115126,-12.385158078010504,-3.336622226165034,-7.768962607897572,-36.615256483491805,11.603575064486456,-24.011681419005345,"Edward Olivares","19698",658668
"Christian Koss ","SFG","2B",999,82.7385,-0.44956280779567886,-11.782906006730505,-11.2184864769354,-2.940552707098147,-7.396166139090402,-33.787674137650136,8.746241511376516,-24.04143262627362,"Christian Koss","27653",683766
"Estevan Florial ",,"OF",999,17.1118,-0.20043651012568364,-13.058152141883156,-12.393197324926103,-3.2614927686130444,-7.783148770129244,-36.696427515677236,11.603575064486456,-24.09285245119078,"Estevan Florial","19151",664314
"Maximo Acosta ","MIA","2B/3B/SS",999,68.4143,-0.7207104180072603,-12.069573020665384,-11.448160713705867,-2.5873901701699005,-7.381340613347892,-34.20717493589631,9.112007661449356,-24.095167274446954,"Maximo Acosta","27963",691185
"Dustin Harris ","CHW","OF/DH",999,17.2824,-0.1579678014284255,-13.082374938002822,-12.406244658203672,-3.2376893769194757,-7.819313502622703,-36.7035902771771,11.603575064486456,-24.100015212690643,"Dustin Harris","25705",687957
"Harold Ramírez ",,"DH/OF",999,17.9613,-0.003325032728257619,-13.0590266843174,-12.420478106567229,-3.3727668673771114,-7.8543593191989025,-36.709956010188904,11.603575064486456,-24.10638094570244,"Harold Ramirez","14387",623912
"Willie Calhoun ",,"DH/OF",999,19.9798,-0.14183315928932336,-12.99123945062883,-12.35849861077911,-3.413476076118803,-7.80580667156462,-36.71085396838069,11.603575064486456,-24.107278903894233,"Willie Calhoun","17838",641432
"Drew Avans ","COL","OF",999,17.8893,-0.11080996259486722,-13.103567347971387,-12.401631965980929,-3.220107330817023,-7.880453879892926,-36.71657048725714,11.603575064486456,-24.112995422770677,"Drew Avans","25183",682183
"Jordyn Adams ",,"OF",999,25.5914,-0.5041841641036957,-12.959532189870156,-12.302525012140366,-3.184740355284671,-7.775196515266759,-36.726178236665646,11.603575064486456,-24.12260317217919,"Jordyn Adams","23788",677941
"Oscar Colás ",,"OF",999,22.8697,-0.32565752383794827,-12.96451502819141,-12.330408277761363,-3.3622176296389865,-7.759012303358438,-36.74181076278815,11.603575064486456,-24.138235698301692,"Oscar Colas","30162",693049
"Hunter Renfroe ",,"OF",999,16.2555,-0.14383046581355496,-13.03618687313118,-12.416787948300255,-3.4299085298058984,-7.753217945004971,-36.77993176205586,11.603575064486456,-24.176356697569407,"Hunter Renfroe","15464",592669
"Joshua Palacios ",,"OF",999,16.1874,-0.11263660302652918,-13.07564299056805,-12.41891542777187,-3.380983092961078,-7.803568851639419,-36.79174696596695,11.603575064486456,-24.188171901480487,"Joshua Palacios","19818",641943
"Albert Almora Jr. ",,"OF",999,20.11,-0.16483636017116918,-13.049915160039907,-12.381204338613312,-3.3321590851841636,-7.864109821152235,-36.79222476516079,11.603575064486456,-24.188649700674333,"Albert Almora Jr.","14109",546991
"Nick Gordon ",,"OF",999,18.1888,-0.18595073005312215,-13.052599812080159,-12.421438301382713,-3.3316857243422997,-7.817355408699486,-36.809029976557774,11.603575064486456,-24.20545491207132,"Nick Gordon","16337",624503
"Cristian Pache ","NYM","OF",999,29.9485,-0.598300917952994,-12.910984913979995,-12.224561152226439,-3.3104858273556332,-7.782109777628167,-36.82644258914323,11.603575064486456,-24.22286752465677,"Cristian Pache","19948",665506
"Nick Senzel ",,"OF",999,20.1396,-0.3003578650026475,-13.006594797176042,-12.356559413162177,-3.3859195897454852,-7.779871969612282,-36.82930363469863,11.603575064486456,-24.225728570212176,"Nick Senzel","19293",669222
"Connor Joe ","SEA","OF",999,19.9565,-0.26481358734309235,-13.03567843063198,-12.35846094991939,-3.35457620152228,-7.8191137000369,-36.83264286945364,11.603575064486456,-24.229067804967187,"Connor Joe","16572",656582
"Daz Cameron ","MIL","OF",999,14.7145,-0.17538449197503272,-13.098584485405107,-12.44706225207919,-3.318296321552994,-7.802330056552541,-36.84165760756486,11.603575064486456,-24.23808254307841,"Daz Cameron","18353",663662
"Corey Julks ","DET","OF",999,16.3257,-0.14519744676298144,-13.101858946261244,-12.422624416468704,-3.3418292155788385,-7.834378810523082,-36.84588883559485,11.603575064486456,-24.242313771108396,"Corey Julks","20311",667452
"Jud Fabian ","BAL","OF",999,23.2258,-0.5319925630322258,-12.965104861252325,-12.299644472581704,-3.3445003347026714,-7.711059063481561,-36.85230129505049,11.603575064486456,-24.24872623056403,"Jud Fabian","sa3019942",682983
"Ji Hwan Bae ","NYM","OF/DH",999,15.7919,-0.12445947568436243,-13.152155331264925,-12.438364029894146,-3.22315037919565,-7.916059160382413,-36.8541883764215,11.603575064486456,-24.25061331193504,"Ji Hwan Bae","23818",678225
"Alex Ramírez ","CHC","OF",999,18.6449,-0.29891584853028075,-13.099723419878536,-12.410593769296195,-3.191942239806307,-7.864948999158193,-36.86612427666951,11.603575064486456,-24.262549212183053,"Alex Ramirez","sa3014695",691267
"Tucker Flint ","LAA","OF",999,22.1615,-0.47369601713878196,-13.007164264412758,-12.339106499946409,-3.330975683079504,-7.746224771136696,-36.89716723571415,11.603575064486456,-24.293592171227694,"Tucker Flint","sa3019856",687272
"Tirso Ornelas ","SDP","OF/DH",999,14.4042,-0.08753387896549097,-13.11829220254437,-12.46050495705209,-3.403975006766455,-7.84029303613685,-36.91059908146525,11.603575064486456,-24.307024016978794,"Tirso Ornelas","22566",672359
"Zach DeLoach ",,"OF",999,17.7239,-0.23897928859593157,-13.087764559417467,-12.406357618338923,-3.356030101294663,-7.8281049235818285,-36.91723649122881,11.603575064486456,-24.31366142674236,"Zach DeLoach","27471",676113
"Eddie Rosario ",,"OF/DH",999,14.3812,-0.17695075968704885,-13.109363728234397,-12.472347322369915,-3.360729922696465,-7.81507763302085,-36.93446936600868,11.603575064486456,-24.33089430152222,"Eddie Rosario","12155",592696
"DaShawn Keirsey Jr. ","ATL","OF",999,12.8455,-0.15004834719021506,-13.173225691758457,-12.496050905879319,-3.267849363038022,-7.8788154796344445,-36.96598978750045,11.603575064486456,-24.362414723013995,"DaShawn Keirsey Jr.","24496",680577
"Justice Bigbie ","DET","OF",999,15.4286,-0.08920882353867611,-13.129884987315416,-12.459074068821842,-3.417127731653992,-7.871462644438682,-36.96675825576861,11.603575064486456,-24.363183191282154,"Justice Bigbie","sa3016971",694425
"Mitch Haniger ",,"OF",999,15.4774,-0.22509995888648257,-13.082273254351987,-12.449566295260176,-3.430381893166926,-7.784147794967568,-36.97146919663314,11.603575064486456,-24.367894132146684,"Mitch Haniger","14274",571745
"Trey Cabbage ",,"OF",999,12.9542,-0.15818698244109985,-13.137938919191143,-12.487973998104003,-3.366849826623858,-7.822430456307297,-36.9733801826674,11.603575064486456,-24.369805118180942,"Trey Cabbage","21078",663550
"DJ Stewart ",,"OF",999,16.6255,-0.3188542625945822,-13.072124479251897,-12.416317254885493,-3.404820296863112,-7.765965533382597,-36.97808182697768,11.603575064486456,-24.374506762491226,"DJ Stewart","17766",621466
"Tyler Gentry ","DET","OF",999,15.6333,-0.2056287733336536,-13.107879059650122,-12.441545856330539,-3.3983960830595294,-7.828264770414196,-36.98171454278804,11.603575064486456,-24.378139478301584,"Tyler Gentry","27784",694355
"Kevin Pillar ",,"OF/DH",999,12.4233,-0.14088006578952517,-13.148026669553714,-12.507366108936703,-3.3522093872363095,-7.844888555156872,-36.99337078667312,11.603575064486456,-24.389795722186665,"Kevin Pillar","12434",607680
"Ryan Noda ","BAL","1B/OF/DH",999,18.5006,-0.42127141383336403,-13.06640944106055,-12.362188746602184,-3.3975169807544074,-7.754856357172768,-37.002242939423276,11.603575064486456,-24.398667874936816,"Ryan Noda","23312",676116
"Sandro Fabian ",,"OF",999,12.2274,-0.09127738183262091,-13.149023237217962,-12.509531249268036,-3.422503782110124,-7.844528905738702,-37.01686455616745,11.603575064486456,-24.413289491680988,"Sandro Fabian","19910",660758
"Forrest Wall ",,"OF",999,12.3035,-0.10963216819618923,-13.207922679754912,-12.513372028529979,-3.2769446909271114,-7.913901263873394,-37.02177283128158,11.603575064486456,-24.41819776679512,"Forrest Wall","16496",657088
"Daniel Johnson ",,"OF",999,11.0483,-0.1059481264061089,-13.185448968503735,-12.526795903073019,-3.3674584362995836,-7.8526010397708035,-37.03825247405325,11.603575064486456,-24.434677409566792,"Daniel Johnson","19643",669288
"Sam Hilliard ",,"OF/DH",999,10.6812,-0.1295780663165944,-13.17975427189156,-12.519660337239433,-3.375201301041687,-7.8375756876238585,-37.04176966411314,11.603575064486456,-24.43819459962668,"Sam Hilliard","17954",656541
"Adam Duvall ",,"OF",999,12.4233,-0.20473419766853185,-13.131430680637209,-12.50442905564457,-3.426087815747546,-7.79014194399752,-37.05682369369538,11.603575064486456,-24.45324862920892,"Adam Duvall","10950",594807
"Jacob Hurtubise ","MIL","OF",999,15.7499,-0.22305304496515976,-13.180466105937453,-12.445612555862983,-3.29865175592578,-7.90926578314528,-37.05704924583666,11.603575064486456,-24.453474181350202,"Jacob Hurtubise","27599",674441
"Joey Gallo ",,"OF",999,13.9212,-0.342399254759992,-13.104096156294787,-12.457718502311026,-3.409520113226588,-7.74446647979928,-37.05820050639167,11.603575064486456,-24.454625441905215,"Joey Gallo","14128",608336
"Oscar Gonzalez ",,"OF/DH",999,10.1069,-0.03249726328964478,-13.189414921826595,-12.549614591042472,-3.421590867596536,-7.865228725160179,-37.05834636891543,11.603575064486456,-24.45477130442897,"Oscar Gonzalez","20970",660757
"Brewer Hicklen ","ATL","OF",999,11.7551,-0.21700550913019856,-13.180710156397465,-12.5084580943173,-3.3163014365218166,-7.845847624241763,-37.068322820608536,11.603575064486456,-24.464747756122083,"Brewer Hicklen","20450",676551
"Kevin Kiermaier ",,"OF",999,12.0693,-0.13755518179810042,-13.186140460970458,-12.519622698823614,-3.3694871385775524,-7.880653682478727,-37.09345916264845,11.603575064486456,-24.489884098161998,"Kevin Kiermaier","11038",595281
"Yanquiel Fernández ","NYY","OF/DH",999,9.53398,-0.06525758857185401,-13.190818248339209,-12.55159144951912,-3.443230314476182,-7.843929497981296,-37.09482709888767,11.603575064486456,-24.491252034401214,"Yanquiel Fernandez","28552",692585
"Michael A. Taylor ",,"OF",999,12.31,-0.2317910449988756,-13.177476378699671,-12.518474222153442,-3.343418364185083,-7.845168293068173,-37.11632830310525,11.603575064486456,-24.51275323861879,"Michael A. Taylor","11489",572191
"Travis Blankenhorn ",,"DH/OF",999,13.3706,-0.24186958727421207,-13.138996511592909,-12.494168177108063,-3.430145210226831,-7.8162764604449775,-37.12145594664699,11.603575064486456,-24.517880882160537,"Travis Blankenhorn","18395",663905
"Wilfred Veras ",,"OF",999,11.1383,-0.15227546347155,-13.203143208735325,-12.545717342934854,-3.3728344867557163,-7.872501636939756,-37.1464721388372,11.603575064486456,-24.54289707435074,"Wilfred Veras","sa3015178",691442
"David Dahl ",,"OF",999,10.3409,-0.10618427757466957,-13.20310252557698,-12.550198244592485,-3.416282441557335,-7.8730211212809795,-37.14878861058245,11.603575064486456,-24.545213546095994,"David Dahl","13744",621311
"Ryan McKenna ",,"OF",999,9.45545,-0.12202756034147236,-13.22195604186117,-12.562078270770025,-3.381794570849269,-7.875298908868931,-37.16315535269087,11.603575064486456,-24.559580288204412,"Ryan McKenna","19928",663630
"Jason Heyward ",,"OF",999,9.3849,-0.10498052958586189,-13.21685115406488,-12.561343996225043,-3.4189873703704703,-7.869504550515466,-37.17166760076172,11.603575064486456,-24.568092536275266,"Jason Heyward","4940",518792
"Bligh Madris ","STL","1B/OF",999,14.2171,-0.27591806974803296,-13.157585611592888,-12.498667909195555,-3.382065063478666,-7.858155627875717,-37.17239228189086,11.603575064486456,-24.568817217404405,"Bligh Madris","20054",676632
"Brice Matthews ","HOU","2B/3B",740.969970703125,58.8602,-0.8044083111747253,-12.157576462482476,-11.483405442987056,-2.610855470008773,-7.270648527877116,-34.32689421453014,8.746241511376516,-24.580652703153625,"Brice Matthews","33280",694728
"Elijah Dunham ","LAA","OF",999,11.6979,-0.22082321837765143,-13.202370349951913,-12.53014715849034,-3.367289380295583,-7.865028922574377,-37.185659029689866,11.603575064486456,-24.582083965203406,"Elijah Dunham","sa3014827",685313
"Sean Bouchard ",,"1B/OF/DH",999,11.4419,-0.20363700755717457,-13.206499011663125,-12.522352639831205,-3.3857167215330195,-7.870983115850894,-37.18918849643541,11.603575064486456,-24.58561343194896,"Sean Bouchard","21270",656248
"Terrell Tatum ",,"OF",999,12.9192,-0.24423936513547279,-13.216363028899828,-12.516365573111687,-3.303655882165445,-7.910944145111853,-37.19156799442428,11.603575064486456,-24.587992929937826,"Terrell Tatum","sa3017338",695299
"Jose Ramos ","NYM","OF",999,10.8379,-0.20101037360453897,-13.19706207060893,-12.539786745061013,-3.4128674664430774,-7.849244315837659,-37.19997097155521,11.603575064486456,-24.596395907068757,"Jose Ramos","sa3008845",682947
"Travis Jankowski ","NYM","OF",999,9.17204,-0.08030337984485852,-13.261290121945517,-12.57431601900513,-3.358430732827425,-7.932163454829209,-37.206503708452146,11.603575064486456,-24.602928643965686,"Travis Jankowski","13768",608671
"Alexander Canario ",,"OF",999,7.79667,-0.1164699676276257,-13.241155304378719,-12.59073342690793,-3.4224023480038914,-7.864669273156207,-37.23543032007437,11.603575064486456,-24.63185525558792,"Alexander Canario","22842",672744
"Cade Marlowe ","ATH","OF",999,7.95328,-0.12433517284734108,-13.270849076107206,-12.586365485385546,-3.354981948023865,-7.903911003580825,-37.24044268594479,11.603575064486456,-24.636867621458336,"Cade Marlowe","25505",687799
"Carlos Rodríguez ","SDP","OF",999,8.96183,-0.06430565227412514,-13.267900044150286,-12.585348810502435,-3.389841740429236,-7.936758970871902,-37.24415521822799,11.603575064486456,-24.640580153741535,"Carlos Rodriguez","sa3005478",677578
"Chris Meyers ","DET","1B/OF",999,8.82666,-0.09748030167731105,-13.242701009823028,-12.579116981860608,-3.437685206756468,-7.892921718449932,-37.24990521856734,11.603575064486456,-24.646330154080886,"Chris Meyers","sa3016956",680273
"Robbie Grossman ",,"OF",999,9.3849,-0.11956436641617653,-13.245609370744118,-12.56217240047542,-3.42483678418763,-7.897757007718506,-37.24993992954185,11.603575064486456,-24.646364865055393,"Robbie Grossman","5254",543257
"Kyle Garlick ",,"OF",999,9.66546,-0.18211709448628347,-13.221874687666993,-12.564017479608905,-3.434473101114258,-7.861312549223061,-37.263794912099506,11.603575064486456,-24.660219847613046,"Kyle Garlick","18063",664247
"Elier Hernandez ",,"DH/OF",999,8.26067,-0.08043287764066773,-13.260802008902978,-12.594593025377781,-3.4219966065406324,-7.912662468786518,-37.27048698724858,11.603575064486456,-24.666911922762125,"Elier Hernandez","13750",609274
"Mike Antico ","COL","OF",999,7.8597,-0.09930272996018318,-13.27693020211109,-12.602632283515328,-3.373747401269304,-7.92053479427816,-37.27314741113407,11.603575064486456,-24.669572346647612,"Mike Antico","sa3016922",690443
"Trenton Brooks ","HOU","OF/DH",999,7.76636,-0.083508886012347,-13.267716994182761,-12.590187434217631,-3.4320724758794037,-7.907347650930156,-37.2808334412223,11.603575064486456,-24.677258376735846,"Trenton Brooks","19384",670092
"Billy McKinney ",,"OF/DH",999,8.68272,-0.1225995438444523,-13.253175177454791,-12.583673182793776,-3.42483678418763,-7.897876886888124,-37.28216157516878,11.603575064486456,-24.678586510682322,"Billy McKinney","15654",641856
"David Hensley ",,"DH/OF",999,13.1664,-0.26846932606429663,-13.211217457945194,-12.521430105875433,-3.379867310235024,-7.902872017034409,-37.28385621715436,11.603575064486456,-24.680281152667902,"David Hensley","25111",682073
"Carson McCusker ",,"OF/DH",999,8.37242,-0.14091624055278315,-13.247297442997606,-12.596042721593989,-3.4277445862515576,-7.882491891277668,-37.2944928826736,11.603575064486456,-24.690917818187145,"Carson McCusker","33098",676812
"Cal Stevenson ","DET","OF",999,7.76598,-0.10531243809796682,-13.292448257046653,-12.595553220193265,-3.3684389752301027,-7.934800882903343,-37.29655377347133,11.603575064486456,-24.692978708984878,"Cal Stevenson","22411",670276
"Matt Lloyd ","BOS","1B/OF",999,7.09708,-0.07197327613129603,-13.28175035628902,-12.607677997071168,-3.4206441408744825,-7.9181770951833395,-37.30022286554931,11.603575064486456,-24.69664780106285,"Matt Lloyd","sa1169978",651016
"J.P. Martínez ",,"OF",999,7.21223,-0.11998792562736156,-13.293302457901722,-12.607056693883385,-3.3560977257115936,-7.926848636972847,-37.30329344009691,11.603575064486456,-24.699718375610455,"J.P. Martinez","24451",679881
"David Peralta ",,"OF",999,6.51426,-0.04493392863020525,-13.289560225582221,-12.62678771878769,-3.4352169571046822,-7.924490937878026,-37.32098976798282,11.603575064486456,-24.71741470349637,"David Peralta","2136",444482
"Levi Jordan ","WSN","OF",999,7.21223,-0.08167505328314179,-13.291797435615761,-12.616903381516652,-3.4110416374159014,-7.929765794026296,-37.33118330185775,11.603575064486456,-24.727608237371296,"Levi Jordan","25138",682119
"Nick Martini ",,"OF/DH",999,6.51804,-0.06733988629599551,-13.289966996553098,-12.620988900257009,-3.4453266361327555,-7.91637884809249,-37.340001267331346,11.603575064486456,-24.736426202844893,"Nick Martini","12005",605361
"Greg Jones ","MIL","OF",999,6.5747,-0.145039443457841,-13.299383583905607,-12.627183090483015,-3.357247320646114,-7.913621537871409,-37.34247497636399,11.603575064486456,-24.73889991187753,"Greg Jones","25448",675659
"Hunter Bishop ",,"OF",999,8.37242,-0.1465244410846509,-13.273248994529101,-12.602933514283313,-3.4051246017009746,-7.92053479427816,-37.3483663458762,11.603575064486456,-24.744791281389748,"Hunter Bishop","sa3011413",666183
"Matt Rudick ","NYM","OF",999,8.13197,-0.13692663499791563,-13.281058863822299,-12.593990552619855,-3.4125631616052146,-7.925370077592076,-37.34990929063736,11.603575064486456,-24.74633422615091,"Matt Rudick","sa3017334",689822
"Cooper Hummel ",,"OF",999,6.27121,-0.08747172971147292,-13.300217443181506,-12.620574709353768,-3.422503782110124,-7.920974367112514,-37.351742031469385,11.603575064486456,-24.74816696698293,"Cooper Hummel","19458",669450
"Bubba Thompson ",,"OF",999,5.48595,-0.06736150004842408,-13.321694586768428,-12.646594042967523,-3.376350895976207,-7.941794062726278,-37.35379508848687,11.603575064486456,-24.750220024000406,"Bubba Thompson","22261",669352
"Gio Urshela ",,"3B",999,70.3916,-0.02801856251952788,-11.948845481581285,-11.41959968727336,-3.32603918125677,-7.440722699280699,-34.163225611911635,8.401389694984731,-24.76183591692691,"Gio Urshela","10681",570482
"Stone Garrett ",,"OF",999,6.8275,-0.112288310228186,-13.287831482292903,-12.62275866889301,-3.436062247201339,-7.9106644191098665,-37.36960512772531,11.603575064486456,-24.76603006323885,"Stone Garrett","19273",656448
"Aaron Zavala ","TEX","OF",999,8.45914,-0.16695611622928017,-13.277804744545334,-12.594931917005484,-3.4184125729032107,-7.917377872930815,-37.375483223614125,11.603575064486456,-24.77190815912767,"Aaron Zavala","sa3017665",701648
"Conner Capel ","COL","OF",999,4.98528,-0.054347301195642,-13.325680881670461,-12.650510121505,-3.4093848643927265,-7.935879828180523,-37.37580299694436,11.603575064486456,-24.772227932457902,"Conner Capel","19983",668843
"Quincy Hamilton ",,"OF",999,7.39858,-0.15581668427956297,-13.286143410039417,-12.61180117667124,-3.415775265987843,-7.91234278107644,-37.38187931805451,11.603575064486456,-24.778304253568052,"Quincy Hamilton","sa3017215",680810
"Aaron Hicks ",,"OF",999,5.91023,-0.07956993919833445,-13.311789886373383,-12.633377269487077,-3.4301114005375286,-7.927248248099109,-37.38209674369543,11.603575064486456,-24.77852167920897,"Aaron Hicks","5297",543305
"Robert Perez Jr. ",,"1B/OF",999,6.33878,-0.1085222983393624,-13.301010643544089,-12.630703797325165,-3.423788623359343,-7.9186965854792195,-37.382721948047184,11.603575064486456,-24.779146883560728,"Robert Perez Jr.","sa3002851",672596
"Avisaíl García ",,"OF",999,5.77307,-0.09410986634907859,-13.301437743971626,-12.643656978453443,-3.4330530122907588,-7.911064030236129,-37.38332163130104,11.603575064486456,-24.779746566814573,"Avisail Garcia","5760",541645
"Vidal Bruján ","NYM","2B/3B/SS/OF/DH",999,61.5534,-0.6124307493575148,-12.26010131883579,-11.546062699586688,-2.909581268283041,-7.56400245484084,-34.89217849090387,9.112007661449356,-24.78017082945452,"Vidal Brujan","20536",660644
"Austin Hendrick ","CIN","OF",999,6.47714,-0.13585091843731115,-13.29177709403659,-12.631871081981295,-3.425513018280286,-7.9017930687799,-37.38680518151538,11.603575064486456,-24.78323011702892,"Austin Hendrick","sa3014521",690988
"Kole Calhoun ",,"OF",999,4.98009,-0.05432559268762834,-13.319498059893233,-12.651865688015816,-3.435690319206127,-7.929206336067667,-37.39058599587047,11.603575064486456,-24.787010931384014,"Kole Calhoun","11200",594777
"Rafael Ortega ",,"OF",999,5.20567,-0.07521010129889784,-13.326291026004265,-12.646612862175434,-3.409249620597191,-7.936599127016864,-37.39396273709265,11.603575064486456,-24.790387672606194,"Rafael Ortega","10323",542364
"Duke Ellis ","NYY","OF",999,3.56198,-0.0566243762112989,-13.359950751055608,-12.67639766455365,-3.347644814668369,-7.953982178258628,-37.394599784747555,11.603575064486456,-24.7910247202611,"Duke Ellis","27543",668752
"Joey Meneses ","ATH","1B/DH",999,68.6121,-0.29878951626575634,-11.87585165220056,-11.399059122214386,-3.3772638104897945,-7.331948775798337,-34.28291287696883,8.485428816948463,-24.797484060020366,"Joey Meneses","14366",608841
"Alexfri Planez ",,"OF",999,4.45269,-0.05842705887331095,-13.322548793684758,-12.662785524988847,-3.439544846732528,-7.922253117952825,-37.405559342232266,11.603575064486456,-24.801984277745813,"Alexfri Planez","sa3005515",678413
"Bladimir Restituyo ",,"OF",999,4.98908,-0.06437694012465774,-13.330765427887577,-12.662540768677509,-3.403197336048402,-7.945470477346832,-37.40635095008498,11.603575064486456,-24.80277588559852,"Bladimir Restituyo","sa3006621",678837
"Gavin Cross ","KCR","OF",999,4.05426,-0.050370364392175036,-13.338819359763301,-12.668960879174024,-3.419156428893635,-7.938796985233974,-37.41610401745711,11.603575064486456,-24.812528952970652,"Gavin Cross","sa3019985",688457
"Marcus Lee Sang ","TEX","OF",999,4.05426,-0.04522812658793975,-13.33951085829128,-12.669149149806758,-3.429739471282735,-7.93927651679909,-37.422904122767804,11.603575064486456,-24.819329058281347,"Marcus Lee Sang","sa3011445",686984
"Yoyner Fajardo ",,"OF",999,3.9159,-0.0285016681566526,-13.35358489749463,-12.675136233359199,-3.409689169230589,-7.959257032918235,-37.42616900115931,11.603575064486456,-24.822593936672853,"Yoyner Fajardo","sa3005938",679938
"Alberto Rodriguez ","KCR","OF",999,4.05426,-0.02831028143329409,-13.343253090610785,-12.670184655119728,-3.434202607225279,-7.950505566223879,-37.42645620061296,11.603575064486456,-24.822881136126508,"Alberto Rodriguez","sa3005603",679754
"Gabriel Martinez ",,"OF",999,4.91556,-0.0624060272239411,-13.332209443619794,-12.661053411601584,-3.4406944416670475,-7.945989970620039,-37.4423532947324,11.603575064486456,-24.838778230245946,"Gabriel Martinez","sa3008865",683447
"Matt Gorski ","LAD","1B/OF",999,3.08263,-0.04699241021782322,-13.34591739501061,-12.683759139435786,-3.434236419433745,-7.9315240764317245,-37.442429440529686,11.603575064486456,-24.83885437604323,"Matt Gorski","25855",685301
"Yohendrick Piñango ","TOR","OF",999,4.39787,-0.05603681285480949,-13.339307478867099,-12.663821024690842,-3.4408635001902113,-7.945670282909962,-37.44569909951292,11.603575064486456,-24.84212403502647,"Yohendrick Pinango","26664",682818
"Jairo Pomares ",,"OF",999,3.50614,-0.0479977706408337,-13.348378313924991,-12.681481038969205,-3.433255881762807,-7.940635191055586,-37.45174819635342,11.603575064486456,-24.848173131866965,"Jairo Pomares","sa3010023",682646
"Ismael Munguia ","TOR","OF",999,3.00196,-0.01780369752316,-13.366194585447845,-12.688616587969866,-3.4179730217506497,-7.961255084083549,-37.451842976775076,11.603575064486456,-24.848267912288613,"Ismael Munguia","sa917132",665998
"Ben Malgeri ","DET","OF",999,3.77515,-0.04188169283050835,-13.349496918941762,-12.676793036248975,-3.4351831448962167,-7.949226815383567,-37.45258160830103,11.603575064486456,-24.849006543814575,"Ben Malgeri","sa3016975",701162
"Canaan Smith-Njigba ",,"OF",999,4.01289,-0.05484309449744029,-13.350269771663914,-12.67123898525158,-3.428961803083845,-7.950945139058232,-37.456258793555016,11.603575064486456,-24.85268372906856,"Canaan Smith-Njigba","23264",675986
"Orlando Martinez ","TEX","OF",999,3.86865,-0.03880531420374592,-13.34990368385138,-12.675870502293208,-3.4413368635512387,-7.9525036188778575,-37.458419982777436,11.603575064486456,-24.854844918290976,"Orlando Martinez","sa3006664",678636
"Ethan Wilson ",,"OF",999,3.85763,-0.06064897155589954,-13.346486862247321,-12.678186258008534,-3.4327487074528964,-7.943152736982774,-37.46122353624742,11.603575064486456,-24.857648471760964,"Ethan Wilson","sa3017329",681159
"Diego Hernandez ",,"OF",999,4.13342,-0.054908092371173715,-13.348459668119165,-12.677979156945938,-3.428995615292311,-7.952983150442975,-37.46332568317157,11.603575064486456,-24.859750618685105,"Diego Hernandez","sa3005759",678746
"Sammy Siani ","SEA","OF",999,4.23381,-0.07365825166638189,-13.348256288694985,-12.672613376581278,-3.422300911378495,-7.950345722368838,-37.467174550689975,11.603575064486456,-24.86359948620352,"Sammy Siani","sa3010704",686445
"Zach Kokoska ","COL","1B/OF",999,2.96115,-0.04834401374547726,-13.358445728769645,-12.689030784484078,-3.4328163306102457,-7.940595232324823,-37.469232089934266,11.603575064486456,-24.86565702544781,"Zach Kokoska","sa3017165",694808
"Will Robertson ","BAL","OF",999,3.515,-0.061280255600012615,-13.347524113069918,-12.679579479768089,-3.446442420118392,-7.936159557159839,-37.47098582571625,11.603575064486456,-24.86741076122979,"Will Robertson","25467",683770
"Phillip Sikes ",,"OF",999,3.95844,-0.07777246263748966,-13.349313875035497,-12.67585167186335,-3.4234843185214805,-7.944990945781714,-37.47141327383953,11.603575064486456,-24.867838209353074,"Phillip Sikes","sa3017113",689651
"Tres Gonzalez ",,"OF",999,4.01592,-0.0387643832247013,-13.356879687807425,-12.677508474753125,-3.436028436252456,-7.963133253101916,-37.47231423513962,11.603575064486456,-24.86873917065316,"Tres Gonzalez","sa3020121",687206
"Chris Roller ",,"OF",999,6.4107,-0.16427163188331817,-13.316711736324661,-12.638968986955165,-3.4205088945597835,-7.932003610974171,-37.472464860697094,11.603575064486456,-24.868889796210638,"Chris Roller","23557",676896
"Joe Lampe ","CLE","OF",999,4.05426,-0.06416087165509994,-13.352608659287036,-12.676849521927577,-3.425276335340191,-7.954261904260615,-37.47315729247052,11.603575064486456,-24.869582227984065,"Joe Lampe","sa3020642",802407
"Matt Fraizer ","BOS","OF",999,3.10675,-0.02944511180255141,-13.365604776631956,-12.690480491922237,-3.427676961834627,-7.96117516215603,-37.4743825043474,11.603575064486456,-24.870807439860947,"Matt Fraizer","sa918983",670208
"Kenedy Corona ","NYY","OF",999,3.95844,-0.07594009933679806,-13.353889966630902,-12.676002292858318,-3.419359299625264,-7.950625451348154,-37.475817109799436,11.603575064486456,-24.87224204531298,"Kenedy Corona","26244",685744
"Dru Baker ","CHW","OF",999,2.96115,-0.027625631639670505,-13.371421498474138,-12.696091028598232,-3.419359299625264,-7.96229407211863,-37.476791530455934,11.603575064486456,-24.873216465969477,"Dru Baker","sa3017331",681333
"John Rhodes ",,"1B/OF",999,4.43685,-0.09312530957931668,-13.33920578309375,-12.665741408710838,-3.438530496853125,-7.940795037887953,-37.47739803612498,11.603575064486456,-24.87382297163853,"John Rhodes","sa3017162",687981
"Óscar Mercado ",,"OF",999,2.6344,-0.03381394298146293,-13.372723147397176,-12.695846272286897,-3.4203736482450853,-7.959936370046482,-37.4826933809571,11.603575064486456,-24.87911831647065,"Oscar Mercado","16375",640458
"Trevor Hauver ","TEX","OF",999,3.34374,-0.0478098038076228,-13.35915756281554,-12.682215302292237,-3.4475920156827025,-7.94982622909563,-37.48660091369373,11.603575064486456,-24.88302584920727,"Trevor Hauver","sa3014448",669386
"Lamar Sparks ",,"OF",999,3.04031,-0.0419671262822922,-13.365543757955695,-12.692174950060757,-3.434675970586306,-7.954301865968707,-37.48866367085376,11.603575064486456,-24.885088606367304,"Lamar Sparks","sa3004932",676473
"Josh Hatcher ",,"1B/OF",999,2.96115,-0.036067989586957526,-13.36621492096576,-12.69635460972845,-3.43612987161827,-7.955500696370163,-37.4902680882696,11.603575064486456,-24.886693023783145,"Josh Hatcher","sa3020115",677049
"Cam Eden ",,"DH/OF",999,3.04428,-0.05568914340662859,-13.372133338581287,-12.693568166209337,-3.409959666898312,-7.961534811574199,-37.49288512666976,11.603575064486456,-24.889310062183306,"Cam Eden","25476",686490
"Garrett Spain ","MIN","OF",999,4.05426,-0.09096469409270123,-13.347890200882452,-12.677037792560311,-3.434439288905793,-7.942593282001472,-37.492925258442725,11.603575064486456,-24.889350193956272,"Garrett Spain","sa3017174",696521
"Nick Schnell ","SDP","OF",999,2.96115,-0.052245318713110445,-13.362798105422955,-12.693530510960594,-3.4382600042237277,-7.947628373855848,-37.494462313176236,11.603575064486456,-24.89088724868978,"Nick Schnell","sa3007639",678010
"Grant Richardson ",,"OF",999,2.96115,-0.05487216417987725,-13.364445494518096,-12.694283604713487,-3.435825566780408,-7.948627398694174,-37.49805422888604,11.603575064486456,-24.894479164399584,"Grant Richardson","sa3016964",685300
"Max Clark ","DET","OF",999,2.30534,-0.01803965779576241,-13.378987314276692,-12.701400328895264,-3.4416411671295193,-7.96161473350172,-37.50168320159896,11.603575064486456,-24.8981081371125,"Max Clark","sa3022683",703601
"Henry Bolte ","ATH","OF",999,2.0549,-0.019949119228910735,-13.383665098614818,-12.706502528129707,-3.4286913104544476,-7.963652746375126,-37.502460802803,11.603575064486456,-24.898885738316544,"Henry Bolte","31448",703607
"Carlos De La Cruz ",,"OF",999,3.18632,-0.058922751352430046,-13.362086265315803,-12.692005504246904,-3.4420469073331974,-7.950505566223879,-37.50556699447222,11.603575064486456,-24.901991929985755,"Carlos De La Cruz","sa3006903",678926
"Mark Contreras ",,"OF",999,2.67275,-0.046339626582762534,-13.373373968828064,-12.698670365443776,-3.4308890662172544,-7.957298941972346,-37.50657196904421,11.603575064486456,-24.90299690455775,"Mark Contreras","20122",676628
"Jimmy Herron ",,"OF",999,2.41468,-0.03258459700422254,-13.378478856624357,-12.703000648911928,-3.432140097777171,-7.961374967719161,-37.507579168036834,11.603575064486456,-24.904004103550378,"Jimmy Herron","sa3008183",676939
"Cole Roederer ",,"OF",999,3.00196,-0.05725866712803617,-13.367679272215888,-12.693568166209337,-3.440390136829185,-7.953462682008091,-37.51235892439054,11.603575064486456,-24.908783859904077,"Cole Roederer","sa3008184",680711
"Devonte Brown ",,"OF",999,2.96115,-0.05962313978083331,-13.369082604789762,-12.693681131955563,-3.4377866408627002,-7.95290323000412,-37.51307674739297,11.603575064486456,-24.90950168290652,"Devonte Brown","sa3020189",675994
"Trevor Schwecke ",,"OF",999,2.54578,-0.035139503852974874,-13.376485715234598,-12.701871011088079,-3.4404915721949996,-7.961534811574199,-37.51552261394485,11.603575064486456,-24.911947549458397,"Trevor Schwecke","sa3009874",673893
"Darius Hill ",,"OF",999,2.78016,-0.0282000661523478,-13.376200978585608,-12.700647235142375,-3.4457999988639916,-7.968408109250187,-37.51925638799451,11.603575064486456,-24.915681323508053,"Darius Hill","sa3010395",675628
"Brady Allen ",,"OF",999,2.96115,-0.05764917126454344,-13.36887922536558,-12.695526205478078,-3.442587893851573,-7.955141046951993,-37.51978354291177,11.603575064486456,-24.91620847842531,"Brady Allen","sa3018098",680918
"Bo Davidson ","SFG","OF",999,1.69867,-0.012004135422944524,-13.387997136719582,-12.714127586947551,-3.4446842148783556,-7.963412980592568,-37.522226054561,11.603575064486456,-24.91865099007454,"Bo Davidson","sa3022706",815589
"Mason Auer ",,"OF",999,2.14834,-0.041725044092067634,-13.383400703545007,-12.7093831041597,-3.42777839594086,-7.961215123864122,-37.52350237160176,11.603575064486456,-24.919927307115305,"Mason Auer","sa3017791",687020
"Neyfy Castillo ",,"OF",999,2.0076,-0.03231085085928019,-13.381793985485695,-12.710286816102071,-3.44285838648097,-7.957338903680439,-37.52458894260845,11.603575064486456,-24.921013878121993,"Neyfy Castillo","sa3005544",678689
"David Calabrese ","LAA","OF",999,2.4692,-0.047738631987361,-13.377889050839096,-12.704506833612225,-3.4380571347516793,-7.956899332334749,-37.525090983525104,11.603575064486456,-24.92151591903865,"David Calabrese","sa3014507",683341
"Símon Muzziotti ",,"OF",999,1.77538,-0.011989842605079074,-13.389624193327439,-12.714861850270587,-3.4425540816431077,-7.968208304431388,-37.5272382722776,11.603575064486456,-24.923663207791147,"Simon Muzziotti","19553",665922
"Matthew Etzel ","MIA","OF",999,1.59203,-0.016452279233491563,-13.393874877238026,-12.717554155667845,-3.432444402615034,-7.968088421540109,-37.5284141362945,11.603575064486456,-24.924839071808048,"Matthew Etzel","sa3022815",803033
"Kala'i Rosario ","MIN","OF",999,1.59203,-0.020056451041518725,-13.389624193327439,-12.715614944023477,-3.4424188353284086,-7.96229407211863,-37.530008495839475,11.603575064486456,-24.92643343135302,"Kala'i Rosario","sa3015199",693850
"Kellen Strahm ",,"OF",999,2.0333,-0.028343647499257347,-13.389522503615346,-12.710550397232293,-3.4327825196613615,-7.969087447122768,-37.530286515131024,11.603575064486456,-24.92671145064457,"Kellen Strahm","sa3010278",687005
"Allan Castro ","BOS","OF",999,1.694,-0.015329328480824574,-13.390315691855415,-12.714786542578592,-3.443737489415884,-7.96708939521312,-37.531258447543834,11.603575064486456,-24.927683383057374,"Allan Castro","sa3016084",691369
"Spencer Packard ","SEA","OF",999,2.07334,-0.020456322977709957,-13.385881964038562,-12.70910069540511,-3.4514465422644163,-7.96672974579495,-37.533615270480745,11.603575064486456,-24.930040205994292,"Spencer Packard","sa3016803",689070
"Corey Rosier ",,"OF",999,1.5759,-0.01690990657081378,-13.395359567036701,-12.718250766547623,-3.435690319206127,-7.971325264814972,-37.53753582417624,11.603575064486456,-24.933960759689782,"Corey Rosier","sa3016961",681468
"Enrique Bradfield Jr. ","BAL","OF",999,1.23113,-0.01192290211966967,-13.401562719785904,-12.72329648290895,-3.427676961834627,-7.973083550197731,-37.537542616846885,11.603575064486456,-24.93396755236043,"Enrique Bradfield Jr.","sa3022917",690961
"Luis Mieses ",,"OF",999,1.85546,-0.022859734885068712,-13.385922641135648,-12.715050123708808,-3.450499816487049,-7.963373018884475,-37.53770533510105,11.603575064486456,-24.93413027061459,"Luis Mieses","sa3003274",672635
"Jared Wegner ",,"OF",999,2.72677,-0.06277900073486915,-13.37695349275922,-12.702417000972888,-3.4406606307181633,-7.959976331754573,-37.542786456939716,11.603575064486456,-24.939211392453256,"Jared Wegner","sa3022695",808767
"Wilderd Patiño ",,"OF",999,1.59203,-0.023516317002821828,-13.394627391411634,-12.719606333058438,-3.4383614395895417,-7.968208304431388,-37.544319785493826,11.603575064486456,-24.940744721007366,"Wilderd Patino","sa3007874",679741
"Lazaro Armenteros ",,"OF",999,1.49262,-0.02633325578677713,-13.394362996341822,-12.719210958557625,-3.44157354397217,-7.964531889066504,-37.54601264372489,11.603575064486456,-24.94243757923844,"Lazaro Armenteros","sa969091",670860
"Vaun Brown ",,"OF",999,1.5752,-0.030171889089739546,-13.394505363151001,-12.720227633440734,-3.435656508257243,-7.966849629430562,-37.54741102336928,11.603575064486456,-24.943835958882826,"Vaun Brown","sa3017282",673901
"Kevin Graham ",,"OF",999,2.72677,-0.05871412116163094,-13.37780769664492,-12.703659604542969,-3.4450561428735678,-7.962573798120617,-37.5478113633437,11.603575064486456,-24.944236298857245,"Kevin Graham","sa3020087",681184
"Connor Kokx ",,"OF",999,1.49262,-0.02204859794522294,-13.397535755363355,-12.720943069139397,-3.440762064824397,-7.970645926942393,-37.55193541421476,11.603575064486456,-24.948360349728308,"Connor Kokx","sa3017735",701634
"Daniel Mateo ",,"OF",999,1.23113,-0.015347446702599986,-13.398918753934627,-12.72598878830621,-3.443669865628743,-7.968967563487157,-37.552892418059336,11.603575064486456,-24.949317353572884,"Daniel Mateo","sa3010886",686863
"Chris Newell ","LAD","OF",999,1.23113,-0.024021415554549216,-13.396742564092659,-12.723014074154362,-3.4461043037018544,-7.964212201356426,-37.554094558859845,11.603575064486456,-24.950519494373392,"Chris Newell","sa3019971",683006
"Juan Guerrero ",,"OF",999,1.23113,-0.007174603541741923,-13.401257646103687,-12.726497125747768,-3.4461043037018544,-7.973962692889108,-37.55499637198415,11.603575064486456,-24.951421307497696,"Juan Guerrero","sa3008759",682648
"Ethan Workinger ","ATL","OF",999,1.23113,-0.01509418036548013,-13.398796724158677,-12.724953285798726,-3.4484711179878254,-7.969167369050286,-37.556482677361004,11.603575064486456,-24.952907612874547,"Ethan Workinger","sa3015166",689688
"Tanner Allen ",,"OF",999,1.5752,-0.024575556941060433,-13.39540024413379,-12.72084893382303,-3.4464762316970665,-7.969527018468456,-37.55682798506341,11.603575064486456,-24.953252920576944,"Tanner Allen","sa3016854",669327
"Ezequiel Pagan ",,"OF",999,1.1936,-0.012356137300369083,-13.400322089539127,-12.726628916312876,-3.447558204104028,-7.971005576360563,-37.55787092361696,11.603575064486456,-24.954295859130504,"Ezequiel Pagan","sa3007975",681868
"Brett Bateman ","CHC","OF",999,1.23113,-0.010806687455841563,-13.403942289052054,-12.72576286102199,-3.443838924151908,-7.975800900199383,-37.56015166188117,11.603575064486456,-24.95657659739472,"Brett Bateman","sa3022603",703520
"Trevor Boone ",,"OF",999,1.53766,-0.038294651658903035,-13.392430867567066,-12.721338443640212,-3.4467129133775796,-7.961654695209811,-37.56043157145357,11.603575064486456,-24.95685650696711,"Trevor Boone","sa3010336",685392
"DJ Gladney ","NYY","OF",999,1.16406,-0.018941170012713282,-13.399183150519756,-12.726948980316209,-3.4487754228256877,-7.967209278848731,-37.5610580025231,11.603575064486456,-24.957482938036637,"DJ Gladney","sa3010043",687554
"Dasan Brown ","MIL","OF",999,1.23113,-0.025438950614620447,-13.402660983223505,-12.726798362126727,-3.4369413507660433,-7.971804797124422,-37.56364444385532,11.603575064486456,-24.96006937936886,"Dasan Brown","sa3011717",672018
"Stanley Consuegra ",,"OF",999,1.1936,-0.021030913749077333,-13.39958991391406,-12.726534779593763,-3.4490121045062008,-7.967888615976978,-37.56405632774008,11.603575064486456,-24.96048126325362,"Stanley Consuegra","sa3005628",681679
"Trey Harris ",,"OF",999,1.76277,-0.03134988298549096,-13.39454604024809,-12.72002053237814,-3.446915782849628,-7.971245342887453,-37.5640775813488,11.603575064486456,-24.960502516862345,"Trey Harris","sa3006876",674677
"Jeremy De La Rosa ",,"OF",999,1.23113,-0.022532192321842774,-13.400444119315075,-12.726440644277396,-3.445428070868779,-7.969726823287254,-37.56457185007035,11.603575064486456,-24.96099678558389,"Jeremy De La Rosa","sa3011329",682707
"Jacob Burke ","CHW","OF",999,1.1936,-0.01893616382761029,-13.403820260791417,-12.728172756261914,-3.4429260096383194,-7.973523121543419,-37.56737831206268,11.603575064486456,-24.963803247576223,"Jacob Burke","sa3019934",804240
"Brayan Buelvas ","ATH","OF",999,1.23113,-0.022712363261371615,-13.401257646103687,-12.726365333779913,-3.4467467249562547,-7.970925654433043,-37.568007722534276,11.603575064486456,-24.96443265804782,"Brayan Buelvas","sa3008868",683454
"Kevin Kilpatrick Jr. ","ATL","OF",999,1.23046,-0.021188956096647216,-13.404166010055409,-12.727382008663024,-3.440356325880301,-7.9754412507812145,-37.568534551476596,11.603575064486456,-24.96495948699014,"Kevin Kilpatrick Jr.","sa3019891",687201
"Justice Thompson ",,"OF",999,1.01405,-0.014458081724616476,-13.40418634860395,-12.729678939559465,-3.4497559604966255,-7.971485108670012,-37.569564439054666,11.603575064486456,-24.965989374568206,"Justice Thompson","sa3017395",681142
"Joe Suozzi ",,"1B/OF",999,1.04487,-0.015367643444311265,-13.404166010055409,-12.729490667523987,-3.4494516556587618,-7.971764836160661,-37.57024081284313,11.603575064486456,-24.966665748356675,"Joe Suozzi","sa3015106",679545
"Rolando Espinosa ",,"OF",999,1.01405,-0.019171192770851466,-13.40424736273427,-12.729923695870802,-3.446949594428302,-7.970566005014874,-37.570857850819095,11.603575064486456,-24.96728278633264,"Rolando Espinosa","sa3005774",678849
"Cade Fergus ","PHI","OF",999,1.23113,-0.03517467970464442,-13.399772957820327,-12.726327679933915,-3.4445151569849823,-7.9652911481222715,-37.57108162256613,11.603575064486456,-24.96750655807968,"Cade Fergus","sa3019919",681495
"Donta' Williams ",,"OF",999,1.49262,-0.033100671781605036,-13.39993566317805,-12.722844628340509,-3.443669865628743,-7.9719646409794604,-37.57151546990836,11.603575064486456,-24.967940405421906,"Donta' Williams","sa3017152",676024
"Dalvy Rosario ",,"OF",999,1.23113,-0.02637227442189428,-13.402559291996099,-12.728492820265247,-3.4457323757066423,-7.971804797124422,-37.57496155951431,11.603575064486456,-24.971386495027847,"Dalvy Rosario","sa3005712",672537
"Colin Barber ",,"OF",999,1.09321,-0.020039234447973616,-13.403840599339963,-12.72926473883702,-3.4503307582787803,-7.971884719051941,-37.575360049955684,11.603575064486456,-24.971784985469224,"Colin Barber","sa3010696",683145
"Niko Decolati ",,"OF",999,1.04487,-0.020770568186012514,-13.40674896177637,-12.72998017734117,-3.44793013209924,-7.974042614816627,-37.57947245421942,11.603575064486456,-24.975897389732964,"Niko Decolati","sa3006670",680719
"Caeden Trenkle ",,"OF",999,1.01405,-0.019833247296065417,-13.406504903739783,-12.73173111695006,-3.449958830283568,-7.9738827709615885,-37.581910869231066,11.603575064486456,-24.97833580474461,"Caeden Trenkle","sa3019991",689959
"Tyler Fitzgerald ",,"2B",999,56.112,-0.6238857546686319,-12.258250550316466,-11.635699495837509,-2.931153084447848,-7.387574520717079,-34.83656340598753,8.746241511376516,-25.090321894611016,"Tyler Fitzgerald","26208",666149
"Aidan Miller ","PHI","SS",999,47.1326,-0.5785629754900846,-12.534321322899519,-11.775492297876282,-2.696601739332554,-7.618589231077139,-35.20356756667558,9.112007661449356,-25.091559905226223,"Aidan Miller","sa3022609",805795
"Brett Wisely ","ATL","2B",999,63.5096,-0.6205411041300413,-12.197785097123582,-11.48314186185684,-3.063356592607511,-7.489515117163534,-34.85433977288151,8.746241511376516,-25.108098261504992,"Brett Wisely","27735",689172
"Luis Urías ","ARI","2B",999,57.5142,-0.4020618254456919,-12.207791505414495,-11.563139093980885,-3.286209074820201,-7.427335723573605,-34.88653722323487,8.746241511376516,-25.140295711858354,"Luis Urias","16622",649966
"Josh Rojas ","KCR","2B/3B",999,56.5684,-0.3046746053727811,-12.357338334405405,-11.597160002428573,-3.0344476430872063,-7.61251517054032,-34.906135755834285,8.746241511376516,-25.159894244457767,"Josh Rojas","19734",668942
"Max Schuemann ","NYY","2B/3B/SS",999,57.5088,-0.7060213584620487,-12.407024544768998,-11.610075567584929,-2.9646604137062313,-7.613114566388409,-35.30089645091062,9.112007661449356,-25.188888789461263,"Max Schuemann","24488",680474
"Jose Miranda ",,"3B",999,61.107,-0.3617754201845052,-12.045614665074964,-11.547870151526304,-3.352682758154826,-7.327233353790065,-34.63517634873067,8.401389694984731,-25.23378665374593,"Jose Miranda","20538",669304
"Will Wagner ","SDP","3B",999,60.7451,-0.025430223076862102,-12.229777091500615,-11.5295700260742,-3.2772151885948344,-7.5749517842183,-34.63694431346481,8.401389694984731,-25.23555461848008,"Will Wagner","29634",695238
"Christian Encarnacion-Strand ","BAL","1B",999,44.3062,-0.23370843666509442,-12.220665518733064,-11.786920461068917,-3.3598846325998073,-7.221496448666797,-34.82267549773368,8.485428816948463,-25.337246680785206,"Christian Encarnacion-Strand","30011",687952
"Kyle Farmer ","ATL","2B/DH",999,59.6271,-0.6352331903409586,-12.20581863893008,-11.614048137411979,-3.275220293487005,-7.430852306248434,-35.16117256641846,8.746241511376516,-25.41493105504194,"Kyle Farmer","14813",571657
"Nicky Lopez ","TEX","2B/3B/SS/OF",999,50.4762,-0.07134350932058785,-12.662757132483586,-11.787108720479704,-3.1393989445197823,-7.895199500083226,-35.55580780688689,9.112007661449356,-25.44380014543753,"Nicky Lopez","19339",670032
"Enmanuel Valdez ","PIT","1B",999,47.9146,-0.3880681904696384,-12.260081049991703,-11.720497657151189,-3.310181522517771,-7.309370762051196,-34.98819918218149,8.485428816948463,-25.502770365233022,"Enmanuel Valdez","21716",665839
"Nick Madrigal ","LAA","2B/3B",999,48.1618,0.08614239224397388,-12.538856791949154,-11.886121499727082,-3.207766071221861,-7.8188339621256,-35.36543593277972,8.746241511376516,-25.619194421403208,"Nick Madrigal","20521",663611
"Leo De Vries ","ATH","SS",999,43.3214,-0.4694627543722511,-12.552686738263686,-11.867689583709867,-3.2475623805649443,-7.596570716971232,-35.73397217388198,9.112007661449356,-25.62196451243263,"Leo De Vries","sa3023363",815888
"César Prieto ","STL","2B/DH",999,46.76,-0.09013848642744354,-12.510912068721613,-11.885349609210175,-3.19241560064817,-7.701828057778767,-35.38064382278617,8.746241511376516,-25.63440231140965,"Cesar Prieto","30163",693409
"A.J. Vukovich ","ARI","3B/OF",999,48.1996,-0.28709236162485124,-12.29681178373992,-11.741621943091866,-3.335134509145859,-7.3893727797172435,-35.05003337731974,8.401389694984731,-25.648643682335013,"A.J. Vukovich","sa3014525",691021
"Paul DeJong ",,"3B",999,59.876,-1.080432668037726,-12.0365640927999,-11.606027676038446,-3.253107481986751,-7.098056822455658,-35.07418874131848,8.401389694984731,-25.672799046333747,"Paul DeJong","18015",657557
"Wander Franco ","TBR","SS",999,23.2248,0.0876315566897735,-12.847366976670918,-12.204754816824654,-3.157724869285128,-7.685364119868459,-35.80757922595938,9.112007661449356,-25.695571564510026,"Wander Franco","23667",677551
"Trey Sweeney ","DET","SS",999,43.7775,-0.5701275734825697,-12.57383848931894,-11.921516872447135,-3.197081594726527,-7.594213005967097,-35.85677753594228,9.112007661449356,-25.74476987449292,"Trey Sweeney","29575",700242
"Nick Sogard ","BOS","1B/2B/3B/SS/OF",999,41.3421,-0.24107750731629118,-12.692877992517094,-11.969225236568086,-3.181054879983528,-7.791260859914781,-35.87549647629977,9.112007661449356,-25.763488814850422,"Nick Sogard","25483",686765
"Luis Vázquez ","BAL","1B/2B/3B/SS/DH",999,38.0332,-0.35763174520568736,-12.641198598334945,-12.002926095039879,-3.263724344141806,-7.630657464462541,-35.89613824718485,9.112007661449356,-25.784130585735497,"Luis Vazquez","23442",676679
"Jace Jung ","DET","3B",999,63.4077,-0.8610612681581838,-12.184443251729075,-11.493647491093705,-3.299497046022437,-7.370111557968446,-35.208760614971844,8.401389694984731,-25.80737091998711,"Jace Jung","31437",690291
"Trey Lipscomb ","WSN","1B/3B/SS",999,43.1074,-0.3968240068314445,-12.641320647809978,-12.008386021942856,-3.1557637914240897,-7.721448940855049,-35.923743408863416,9.112007661449356,-25.811735747414062,"Trey Lipscomb","31567",702358
"Jonah Bride ","TEX","3B",999,61.9431,-0.7441095635985271,-12.194225926894116,-11.518217094825406,-3.3531899261668285,-7.416506297184395,-35.226248808669276,8.401389694984731,-25.824859113684543,"Jonah Bride","24703",681146
"Cameron Cauley ","TEX","2B/SS",999,38.089,-0.5292759303209067,-12.668431487516592,-12.02045432997508,-3.077489863983056,-7.648639935371027,-35.944291547166664,9.112007661449356,-25.832283885717306,"Cameron Cauley","sa3017167",695508
"Mason McCoy ","SDP","2B/SS/DH",999,52.6388,-1.0052487781856965,-12.52014564247414,-11.825591745042962,-2.9672301213963004,-7.644683803680477,-35.96290009077958,9.112007661449356,-25.85089242933022,"Mason McCoy","22232",669200
"Shay Whitcomb ","HOU","2B/3B/OF/DH",999,39.1527,-0.5471069626000815,-12.525209847112086,-11.943318874311531,-3.20063182119381,-7.437725600947093,-35.6539931061646,8.746241511376516,-25.90775159478809,"Shay Whitcomb","27789",694376
"Yohandy Morales ","WSN","1B/3B",999,56.943,-0.5709598715091788,-12.306330091110805,-11.689846834550677,-3.288406833102171,-7.481602806145169,-35.337146436418,8.401389694984731,-25.935756741433273,"Yohandy Morales","sa3022672",691002
"Tyler Callihan ","PIT","2B/OF",999,43.7371,-0.44658243089611693,-12.591553071129699,-11.919332901685946,-3.071606630399942,-7.673215974976187,-35.702291009087894,8.746241511376516,-25.95604949771137,"Tyler Callihan","27497",682997
"Liover Peguero ","PHI","1B/2B/SS",999,33.2908,-0.3641048960158166,-12.748502974197903,-12.087554849816526,-3.2169966479448115,-7.656072682073657,-36.073232050048716,9.112007661449356,-25.961224388599362,"Liover Peguero","24273",678894
"Denzer Guzman ","LAA","SS",999,43.7611,-0.6632968328114928,-12.594786873072522,-11.971616319613819,-3.264434385404601,-7.591335810621738,-36.085470221524176,9.112007661449356,-25.973462560074818,"Denzer Guzman","28816",694203
"Alika Williams ","ATH","SS",999,42.8538,-0.4081397307599688,-12.66582820179303,-11.97647371764913,-3.2883392086852403,-7.756614648510183,-36.09539550739755,9.112007661449356,-25.983387845948194,"Alika Williams","27604",675961
"Josh Kasevich ","TOR","SS",999,43.1285,-0.33158381562826433,-12.691556008076143,-11.986301630962279,-3.29415480777477,-7.817355408699486,-36.12095167114095,9.112007661449356,-26.008944009691596,"Josh Kasevich","sa3020203",688460
"Kris Bryant ","COL","DH",999,44.0704,-0.29282528992366463,-12.432955766843836,-11.857409829855708,-3.3788529590960388,-7.483201274468846,-35.44524512018809,8.401389694984731,-26.04385542520336,"Kris Bryant","15429",592178
"Bryan Ramos ","BAL","3B",999,49.9789,-0.7459224395056029,-12.356301035092752,-11.775981754389209,-3.1821368706544217,-7.398284091755304,-35.45862619139729,8.401389694984731,-26.05723649641256,"Bryan Ramos","25621",682868
"James Triantos ","CHC","2B/3B",999,35.4172,-0.21012858806491902,-12.776630698902911,-12.084203571955305,-2.953705439543174,-7.804607844140494,-35.82927614260681,8.746241511376516,-26.083034631230287,"James Triantos","sa3017295",701649
"Michael Toglia ","CIN","1B",999,42.2777,-0.7605102074054992,-12.37871372160641,-11.868310920563495,-3.31907398723272,-7.244953608082643,-35.57156244489076,8.485428816948463,-26.0861336279423,"Michael Toglia","25845",669911
"Jared Serna ","MIA","2B/SS",999,40.2831,-0.5158346634970719,-12.737723731368613,-12.046680787095328,-3.156473832686885,-7.771879747087049,-36.228592761734944,9.112007661449356,-26.11658510028559,"Jared Serna","sa3015579",691858
"Trei Cruz ","DET","SS",999,40.9217,-0.6255686374492424,-12.722388750645603,-11.979636780987356,-3.2401238156223773,-7.725485007871099,-36.29320299257567,9.112007661449356,-26.18119533112632,"Trei Cruz","sa3014420",669360
"Edwin Arroyo ","CIN","2B",999,37.9094,-0.15027987558222808,-12.719378681828648,-12.042105733288404,-3.2496925043533293,-7.7801516956142684,-35.94160849066687,8.746241511376516,-26.195366979290355,"Edwin Arroyo","29957",695490
"Scott Kingery ","CHC","2B/SS/OF",999,36.4776,-0.595690065475026,-12.729181674327833,-12.090077723427367,-3.235491618637506,-7.668580488293416,-36.31902157016115,9.112007661449356,-26.207013908711794,"Scott Kingery","17975",664068
"Brock Wilken ","MIL","3B",999,54.2101,-1.0762063809124631,-12.288818876601713,-11.656466026054781,-3.3563682233793175,-7.273805449224459,-35.65166495617273,8.401389694984731,-26.250275261188005,"Brock Wilken","sa3022499",694385
"Tim Elko ","CHW","1B",999,35.1777,-0.3116885333689043,-12.592081806718012,-12.05392926817637,-3.392952413224793,-7.450433221661966,-35.80108524315005,8.485428816948463,-26.315656426201585,"Tim Elko","31522",671284
"Michael Stefanic ","ATH","2B/SS",999,23.1823,0.04586141615762112,-13.018451973986274,-12.262347563104433,-3.3584983572443563,-7.884449979246226,-36.477886457423665,9.112007661449356,-26.36587879597431,"Michael Stefanic","25353",683021
"Tre' Morgan ","TBR","1B",999,37.2012,-0.24507858485352427,-12.694871127845596,-12.000064363467176,-3.2652796755012585,-7.674694516492985,-35.87998826816054,8.485428816948463,-26.394559451212075,"Tre' Morgan","sa3022919",691003
"Ronny Simon ","PIT","2B/SS/OF/DH",999,20.5634,-0.10317016825798907,-13.03224126138749,-12.331443749408487,-3.2278163732740075,-7.835257956191788,-36.52992950851976,9.112007661449356,-26.417921847070403,"Ronny Simon","25346",682927
"Miles Mastrobuoni ","SEA","3B/OF",999,38.5161,-0.22693844831252746,-12.745411587554319,-12.01137958896846,-3.0433062704020584,-7.803648775055602,-35.83068467029297,8.401389694984731,-26.42929497530824,"Miles Mastrobuoni","20017",670156
"Justin Foscue ","TEX","1B/DH",999,35.391,-0.3969596560564303,-12.645774702052863,-12.008611942213358,-3.3295555904772605,-7.5631632768348815,-35.9440651676348,8.485428816948463,-26.45863635068633,"Justin Foscue","27501",679822
"Brendan Rodgers ","BOS","2B",999,31.474,-0.2196210435732256,-12.771322443804953,-12.13784260128179,-3.3990046927352555,-7.699430402930512,-36.227221184325735,8.746241511376516,-26.48097967294922,"Brendan Rodgers","17907",663898
"Hao-Yu  Lee ","DET","2B/3B",999,30.7987,-0.32504915730606093,-12.816127499498124,-12.144695710667506,-3.232888134007256,-7.718252051844956,-36.23701255332391,8.746241511376516,-26.490771041947397,"Hao-Yu  Lee","30080",701678
"Abraham Toro ","KCR","1B",999,33.2531,-0.16740655639785526,-12.73351372758574,-12.06351236345747,-3.346698092984642,-7.67437484664688,-35.98550558707259,8.485428816948463,-26.500076770124117,"Abraham Toro","19844",647351
"Ben Cowles ","CHC","2B/SS",999,28.8443,-0.4326016783423587,-12.918265987072308,-12.240733820650826,-3.2481709902406695,-7.8126400105098455,-36.652412486816004,9.112007661449356,-26.540404825366647,"Ben Cowles","sa3016976",701496
"Ethan Murray ","MIL","2B/SS",999,38.4609,-0.8035298347144523,-12.78151190206339,-12.088590366351442,-3.2514507190402284,-7.730080526891123,-36.65516334906063,9.112007661449356,-26.54315568761127,"Ethan Murray","sa3017051",696140
"Elehuris Montero ",,"1B",999,32.425,-0.29444944570849874,-12.67209234139689,-12.107154072933769,-3.4266288010063404,-7.569557054855068,-36.069881715900564,8.485428816948463,-26.584452898952097,"Elehuris Montero","20543",660707
"Matt Mervis ",,"1B",999,35.2373,-0.5824693346493393,-12.601742480898077,-12.059520985644456,-3.374389823153495,-7.4569068873703905,-36.075029511715755,8.485428816948463,-26.58960069476729,"Matt Mervis","27845",670223
"Kevin Newman ","KCR","3B",999,34.8542,-0.10663565553833972,-12.774637563574409,-12.099585496989034,-3.273901642548484,-7.816476263030778,-36.071236621681045,8.401389694984731,-26.669846926696312,"Kevin Newman","17696",621028
"Jesús Bastidas ","MIA","2B/SS",999,22.3488,-0.33628287441776955,-12.995429137077558,-12.338466355106823,-3.35437333834814,-7.782469427046339,-36.807021131996635,9.112007661449356,-26.69501347054728,"Jesus Bastidas","sa916969",665846
"Max Anderson ","DET","2B",999,24.6147,-0.0942446834541754,-12.922252257729308,-12.284582597523872,-3.4068489941027544,-7.7857462394726165,-36.49367477228273,8.746241511376516,-26.74743326090622,"Max Anderson","sa3022567",801194
"Cavan Biggio ","HOU","1B/2B/3B/OF/DH",999,32.8664,-0.5022287166758341,-12.829245660256824,-12.124192806468246,-3.333612995033199,-7.734436263753278,-36.52371644218738,8.746241511376516,-26.77747493081086,"Cavan Biggio","19252",624415
"Jonathon Long ","CHC","1B",999,26.0276,-0.11420562062569223,-12.855197199665804,-12.198259418274553,-3.421049882337742,-7.691757897888644,-36.280470018792435,8.485428816948463,-26.795041201843972,"Jonathon Long","sa3022864",675085
"Sergio Alcántara ",,"3B/SS",999,25.486,-0.346776529972554,-13.015808005104368,-12.303127496120235,-3.380847844127216,-7.864509426323838,-36.91106930164821,9.112007661449356,-26.799061640198858,"Sergio Alcantara","16417",642727
"Nacho Alvarez Jr. ","ATL","3B",999,33.3376,-0.20267769263598961,-12.8089277927225,-12.10634452155715,-3.3161323704411627,-7.793099062759063,-36.227181440115864,8.401389694984731,-26.825791745131134,"Nacho Alvarez Jr.","31765",805373
"Patrick Wisdom ","SEA","3B",999,28.0656,-0.5880482122617248,-12.704836852978161,-12.136355244205864,-3.3761142155552744,-7.4271359328971185,-36.232490457898145,8.401389694984731,-26.831100762913422,"Patrick Wisdom","13602",621550
"Gage Workman ","DET","3B/SS/DH",999,15.7172,-0.2860108960629321,-13.121953080669698,-12.447834165039993,-3.334356843466133,-7.833499664854374,-37.023654650093135,9.112007661449356,-26.911646988643778,"Gage Workman","27573",669398
"Diego Castillo ","TEX","2B/SS",999,14.9939,-0.16335235792184308,-13.147091102381951,-12.462368855393485,-3.3922423669236714,-7.875019182866945,-37.0400738654879,9.112007661449356,-26.928066204038544,"Diego Castillo","19906",660636
"Tyler Nevin ",,"1B/3B",999,24.2546,-0.10434969279633045,-12.877020101608604,-12.239284124434617,-3.4133070175956393,-7.699030797758907,-36.332991734194096,8.401389694984731,-26.93160203920937,"Tyler Nevin","17893",663527
"Marco Luciano ","NYY","SS",999,17.5048,-0.36047530598557537,-13.089656011095135,-12.412099956801978,-3.388556896660853,-7.797694581779085,-37.04848275232263,9.112007661449356,-26.936475090873273,"Marco Luciano","25616",682617
"Bobby Dalbec ",,"1B/3B/SS",999,15.5282,-0.3131553911347912,-13.095187999318961,-12.45493207001386,-3.40583464296377,-7.7801516956142684,-37.049261799045645,9.112007661449356,-26.93725413759629,"Bobby Dalbec","19966",666915
"Luke Williams ","ATL","SS",999,13.9388,-0.2341938013573656,-13.173734158502683,-12.49241723890192,-3.2665983264397793,-7.888965580804723,-37.055909106006474,9.112007661449356,-26.943901444557117,"Luke Williams","19931",663897
"Alan Trejo ",,"SS",999,15.1176,-0.20784425874230564,-13.126732575934312,-12.474926664826434,-3.411143074041298,-7.855518190869596,-37.076164764413946,9.112007661449356,-26.964157102964588,"Alan Trejo","20056",676701
"Aaron Schunk ","ATL","2B/3B/SS/DH",999,13.4689,-0.13750042071717064,-13.163544724489277,-12.495994414589745,-3.397652229588269,-7.889085459974342,-37.0837772493588,9.112007661449356,-26.971769587909446,"Aaron Schunk","25524",668845
"Tim Anderson ",,"2B/SS",999,13.2948,-0.07550771074830137,-13.198262029819878,-12.530335417901124,-3.3698590627940197,-7.93036520773836,-37.10432942900168,9.112007661449356,-26.992321767552326,"Tim Anderson","15172",641313
"Tsung-Che Cheng ","BOS","2B/SS",999,14.8453,-0.22679436157969418,-13.178940729949804,-12.484735702821935,-3.3261068056737013,-7.917457796347,-37.13403539637213,9.112007661449356,-27.022027734922773,"Tsung-Che Cheng","28344",691907
"Jordan Diaz ",,"2B/3B",999,15.2734,-0.0578584234277207,-13.070233027574231,-12.430117670694006,-3.428894181186078,-7.797095162112363,-36.7841984649944,8.746241511376516,-27.037956953617883,"Jordan Diaz","22650",672478
"Braden Shewmake ","HOU","3B/SS",999,12.1262,-0.20899712200568504,-13.19614684501634,-12.531107353305824,-3.3522093872363095,-7.888006511719832,-37.17646721928399,9.112007661449356,-27.064459557834635,"Braden Shewmake","25817",669699
"Tucupita Marcano ","SDP","2B/SS/OF",999,9.04319,-0.061059450036871604,-13.247439809806785,-12.574391318280663,-3.3951839786769016,-7.915579625839967,-37.19365418264119,9.112007661449356,-27.081646521191832,"Tucupita Marcano","22871",672779
"Jacob Amaya ","ARI","SS",999,11.7436,-0.1821577399164875,-13.210098865050938,-12.528452689129873,-3.387542550560195,-7.896278448337735,-37.20453029299523,9.112007661449356,-27.092522631545876,"Jacob Amaya","23296",676070
"Jonathan Ornelas ","NYY","2B/3B/SS",999,16.9086,-0.33175706164867685,-13.158195761987946,-12.458151534866072,-3.3716172674042655,-7.891123471359084,-37.210845097266045,9.112007661449356,-27.098837435816687,"Jonathan Ornelas","24597",680716
"Frederick Bencosme ","BAL","2B/SS",999,10.7019,-0.13615693804510606,-13.230498086779434,-12.552513983474888,-3.3812197733820093,-7.912302819368348,-37.21269160104979,9.112007661449356,-27.100683939600433,"Frederick Bencosme","sa3016779",695930
"Clay Dungan ","SDP","2B/SS",999,13.2292,-0.23754777221863413,-13.208715855872468,-12.512901335115217,-3.3462585393129176,-7.914180989875381,-37.219604492394616,9.112007661449356,-27.10759683094526,"Clay Dungan","sa1169803",687867
"Zack Short ","NYM","SS",999,14.0267,-0.3286921255887,-13.18005934708909,-12.482777652331247,-3.4000190438742393,-7.86143242839268,-37.252980597275965,9.112007661449356,-27.140972935826607,"Zack Short","19562",670097
"Cole Tucker ",,"SS/OF",999,13.2039,-0.22913058038678857,-13.209468373076705,-12.5257603865381,-3.3916675694564113,-7.921453895700301,-37.277480805158305,9.112007661449356,-27.16547314370895,"Cole Tucker","17326",657061
"Danny Mendick ",,"2B/SS",999,7.58552,-0.0721136810282486,-13.27453029581171,-12.60688725368051,-3.4080324012457393,-7.919375922607467,-37.280939554373674,9.112007661449356,-27.16893189292432,"Danny Mendick","18889",664901
"Yunior Severino ",,"2B/3B",999,17.5543,-0.24854222405925652,-13.064395964152874,-12.40690361102922,-3.4141523076922966,-7.79054156107844,-36.92453566801209,8.746241511376516,-27.178294156635577,"Yunior Severino","sa3003185",670870
"Brandon Drury ","KCR","2B/3B",999,16.0177,-0.17284527423807683,-13.078286959449956,-12.440679791220447,-3.4314638662036785,-7.815876855273373,-36.93915274638554,8.746241511376516,-27.192911235009017,"Brandon Drury","11615",592273
"Andrew Navigato ","DET","2B/SS",999,8.48736,-0.16006280004285617,-13.262001968113927,-12.595590869831032,-3.3950487348813665,-7.905309639545413,-37.318014012414594,9.112007661449356,-27.20600635096524,"Andrew Navigato","sa3010703",685382
"Emmanuel Rivera ",,"3B",999,23.6025,-0.14398982696773024,-12.950441031416862,-12.309095777297692,-3.405902267380701,-7.798973332619396,-36.60840223568238,8.401389694984731,-27.207012540697647,"Emmanuel Rivera","19890",656896
"Nick Ahmed ",,"SS",999,9.3849,-0.1476123831217934,-13.264564570679145,-12.589773232092442,-3.3976184173798036,-7.932802830249365,-37.33237143352255,9.112007661449356,-27.220363772073195,"Nick Ahmed","12147",605113
"Wyatt Young ","NYM","2B/SS",999,9.874,-0.13831108599010242,-13.275282813015945,-12.575953985854074,-3.4003233487121025,-7.950705371787009,-37.34057660535923,9.112007661449356,-27.22856894390988,"Wyatt Young","sa3017081",696281
"Matthew Batten ",,"2B/3B",999,22.8103,-0.43026227416313095,-13.044688247013612,-12.359929499009356,-3.2941210006046315,-7.847246266161008,-36.97624728695174,8.746241511376516,-27.230005775575226,"Matthew Batten","20157",676946
"Jack Winkler ","HOU","1B/2B/3B/SS",999,8.21548,-0.15314462711087812,-13.28626543526942,-12.605381066174727,-3.368337543643033,-7.937318425853204,-37.350447098051255,9.112007661449356,-27.238439436601904,"Jack Winkler","29830",676466
"Pablo Reyes ","SDP","2B/3B/OF/DH",999,13.3324,-0.12084491404265821,-13.158988962350529,-12.487446835843564,-3.368337543643033,-7.86414977690567,-36.999768032785454,8.746241511376516,-27.253526521408933,"Pablo Reyes","16357",622569
"Jancarlos Cintron ",,"2B/SS",999,7.09708,-0.07641779284651032,-13.305952822952028,-12.630308425629837,-3.423078579577384,-7.95506112353581,-37.39081874454156,9.112007661449356,-27.278811083092208,"Jancarlos Cintron","sa3004065",676857
"Livan Soto ",,"SS",999,8.94596,-0.1435476126850351,-13.284455337785928,-12.59615569295119,-3.4315314881014456,-7.941594257163148,-37.39728438868675,9.112007661449356,-27.2852767272374,"Livan Soto","22471",670869
"Cal Conley ","ATL","2B/SS",999,9.04324,-0.17384353242176048,-13.28903144150385,-12.605870578797397,-3.3737135890608387,-7.955340852515122,-37.397799994298964,9.112007661449356,-27.285792332849606,"Cal Conley","sa3017080",695462
"Rodolfo Castro ",,"2B/SS",999,4.58236,-0.06947381308861492,-13.326474069910532,-12.657890421206025,-3.423078579577384,-7.925929535550705,-37.402846419333265,9.112007661449356,-27.290838757883908,"Rodolfo Castro","21987",666801
"Robert Moore ","PHI","2B/SS",999,6.69647,-0.11704341675849539,-13.307071427968797,-12.630026014069758,-3.4139156272713644,-7.9397960100723,-37.40785249614071,9.112007661449356,-27.295844834691355,"Robert Moore","sa3019928",691001
"Aledmys Díaz ",,"SS",999,5.88062,-0.08470157047285153,-13.312400036768441,-12.641962520314923,-3.4336278097580193,-7.935200491052276,-37.407892428366516,9.112007661449356,-27.295884766917162,"Aledmys Diaz","15937",649557
"José Barrero ","BAL","2B/3B/SS/OF",999,5.29254,-0.1021381204003419,-13.319254009433221,-12.64971937811434,-3.412225044558887,-7.926249223260783,-37.409585775767574,9.112007661449356,-27.297578114318217,"Jose Barrero","23378",676480
"Anthony Seigler ","BOS","3B",999,19.6901,-0.23417664422562448,-13.054653972146179,-12.336602434321525,-3.2466832732214943,-7.831062042343371,-36.70317836625819,8.401389694984731,-27.30178867127346,"Anthony Seigler","23802",678011
"Jamie Westbrook ",,"2B",999,15.1878,-0.15833560773252153,-13.140155787645512,-12.461540451143112,-3.4267302351125735,-7.868905142758059,-37.055667224391776,8.746241511376516,-27.30942571301526,"Jamie Westbrook","15504",642197
"Brandon Crawford ",,"SS",999,5.91023,-0.09190201238161382,-13.31606091489377,-12.645069025031882,-3.433255881762807,-7.9371186202900725,-37.42340645436015,9.112007661449356,-27.31139879291079,"Brandon Crawford","5343",543063
"Brennan Milone ","ATH","1B",999,18.9873,-0.20421411726281408,-13.039685042868157,-12.365219974487506,-3.401270075434156,-7.79833395719924,-36.80872316725188,8.485428816948463,-27.32329435030341,"Brennan Milone","sa3019974",686810
"Taylor Young ","LAD","2B/3B",999,15.7386,-0.24924619134770643,-13.179184804654845,-12.454310778048029,-3.258923081076281,-7.932802830249365,-37.07446768537623,8.746241511376516,-27.328226173999706,"Taylor Young","sa3019907",805891
"Tommy Sacco Jr. ","HOU","SS",999,7.91157,-0.1704211189542898,-13.300359809990685,-12.617524684704433,-3.40975679364752,-7.942833049272696,-37.44089545656963,9.112007661449356,-27.328887795120274,"Tommy Sacco Jr.","sa3020125",690474
"Milan Tolentino ","CLE","SS",999,4.45269,-0.0879208173220769,-13.341524341260213,-12.668301926348473,-3.4174996583896227,-7.940115697782376,-37.455362441102764,9.112007661449356,-27.34335477965341,"Milan Tolentino","sa3014544",675455
"Joey Wendle ",,"2B/3B/SS",999,4.58283,-0.05564403632801355,-13.342866661219082,-12.671295465319206,-3.42997615422283,-7.958377890226855,-37.458160207315984,9.112007661449356,-27.346152545866627,"Joey Wendle","13853",621563
"Andrew Velazquez ",,"SS",999,4.38773,-0.08594609036915708,-13.348073244788718,-12.673272335017803,-3.4018786851098812,-7.951025059497087,-37.46019541478264,9.112007661449356,-27.348187753333292,"Andrew Velazquez","14196",623205
"Darren Baker ","CHW","2B/DH",999,13.5403,-0.10747480029036138,-13.221366233045284,-12.522427961550637,-3.2969949929792572,-7.955380814223216,-37.10364480208875,8.746241511376516,-27.357403290712238,"Darren Baker","29912",671117
"José Devers ",,"2B/SS",999,3.86579,-0.0380329131612224,-13.354317073119695,-12.680332573520982,-3.44099874650491,-7.9614548896466815,-37.47513619595349,9.112007661449356,-27.363128534504135,"Jose Devers","20540",672701
"Christian Cairo ","PHI","2B/3B/SS",999,4.05426,-0.06872444398166354,-13.361862544312448,-12.676303529237279,-3.4021491777392785,-7.966849629430562,-37.47588932470123,9.112007661449356,-27.363881663251878,"Christian Cairo","sa3010028",686551
"Pascanel Ferreras ","HOU","2B/SS",999,4.39787,-0.07207031515594335,-13.34823594711581,-12.671577876879283,-3.4302466468522272,-7.955980227935279,-37.47811101393854,9.112007661449356,-27.366103352489187,"Pascanel Ferreras","sa3022702",814299
"Jeremy Rivas ","STL","SS",999,4.91556,-0.09148741521623821,-13.34782918220619,-12.669149149806758,-3.4125293493967495,-7.958977305427584,-37.47997240205352,9.112007661449356,-27.367964740604165,"Jeremy Rivas","sa3015193",692405
"Alex De Jesus ",,"3B/SS",999,4.45269,-0.06961651924034858,-13.346608893538585,-12.671408431065434,-3.4382938151726115,-7.954341824699469,-37.48026948371645,9.112007661449356,-27.368261822267094,"Alex De Jesus","sa3008842",682942
"Ben Ross ","MIN","SS",999,4.05426,-0.07649103588830485,-13.350717207609366,-12.676642420864981,-3.4278122081493256,-7.949226815383567,-37.48088968789555,9.112007661449356,-27.36888202644619,"Ben Ross","sa3020353",805346
"Kervin Pichardo ","WSN","3B/SS",999,4.45269,-0.07770040346030543,-13.345083523612193,-12.673479430469422,-3.437549959182187,-7.947268724437679,-37.481082041161784,9.112007661449356,-27.369074379712426,"Kervin Pichardo","sa3011260",682775
"Keyber Rodriguez ","TEX","3B/SS",999,4.05426,-0.05270921120697726,-13.356716979419073,-12.680596154651202,-3.431632922207679,-7.964132279428907,-37.48578754691383,9.112007661449356,-27.37377988546448,"Keyber Rodriguez","sa3005488",677601
"Kaelen Culpepper ","MIN","SS",999,2.30534,-0.011546255985433952,-13.375651846866813,-12.702115764593927,-3.43913910652885,-7.959217072698807,-37.48767004667383,9.112007661449356,-27.375662385224473,"Kaelen Culpepper","sa3025360",701785
"Vimael Machín ","COL","3B",999,15.9813,-0.050911360911486986,-13.097954017675901,-12.427952530362674,-3.3605608666924636,-7.846407076245735,-36.783785851888254,8.401389694984731,-27.38239615690352,"Vimael Machin","17684",605353
"Bryson Brigman ",,"2B/SS",999,2.67275,-0.015523509571407084,-13.37605861177643,-12.701004951588963,-3.440390136829185,-7.966849629430562,-37.499826839196544,9.112007661449356,-27.387819177747193,"Bryson Brigman","sa829857",624417
"Owen Miller ","CHC","2B/3B/DH",999,11.3297,-0.08797503331260143,-13.209956498241755,-12.54110465071211,-3.3859872141624168,-7.90978527344116,-37.13480866987004,8.746241511376516,-27.38856715849353,"Owen Miller","24655",680911
"Ryan Fitzgerald ","LAD","1B/2B/3B/SS",999,2.54391,-0.036108015388700974,-13.369265648696029,-12.696900602418749,-3.4433317498419975,-7.9549812030969544,-37.50058721944243,9.112007661449356,-27.388579557993076,"Ryan Fitzgerald","24622",680837
"Julio Carreras ","CIN","3B/SS",999,3.22703,-0.05309631212891982,-13.371462175571224,-12.693963543515641,-3.421218938341742,-7.967528966558808,-37.50726993611634,9.112007661449356,-27.39526227466698,"Julio Carreras","sa3005598",679734
"Eric Brown Jr. ","MIL","SS",999,4.05426,-0.08453085627540115,-13.360418534641491,-12.682573018738822,-3.4195283581484284,-7.962094266555501,-37.50914503435964,9.112007661449356,-27.397137372910287,"Eric Brown Jr.","sa3019923",687521
"Luke Waddell ","ATL","2B/SS",999,3.18632,-0.03393588875421246,-13.373129909276168,-12.69147833637549,-3.4400182088339726,-7.9712853038512135,-37.50984764709106,9.112007661449356,-27.397839985641703,"Luke Waddell","sa3017075",680672
"Nic Kent ","COL","2B/3B/SS",999,2.92281,-0.026788846599257208,-13.374024790258957,-12.698143203183339,-3.4438051125732336,-7.96744904463129,-37.51021099724608,9.112007661449356,-27.398203335796723,"Nic Kent","sa3017160",684715
"Yordys Valdes ",,"2B/SS",999,4.45269,-0.10051009835986006,-13.35395098530716,-12.67999368189328,-3.4244310452435336,-7.959217072698807,-37.51810288350264,9.112007661449356,-27.40609522205329,"Yordys Valdes","sa3010037",686798
"Buddy Kennedy ","SFG","1B/2B/3B",999,11.3588,-0.08257549915571442,-13.214735969261342,-12.52794435729929,-3.422740462531056,-7.907187810052445,-37.15518409829985,8.746241511376516,-27.40894258692333,"Buddy Kennedy","22505",671083
"C.J. Hinojosa ",,"2B/SS",999,2.67275,-0.034347077700181396,-13.376017934679341,-12.703358368164002,-3.4449547081375433,-7.964132279428907,-37.52281036810998,9.112007661449356,-27.41080270666063,"C.J. Hinojosa","sa658616",546994
"Payton Eeles ","BAL","2B/SS",999,1.81781,-0.015124920405734007,-13.391759704557005,-12.71237664593592,-3.4336278097580193,-7.970566005014874,-37.52345508567155,9.112007661449356,-27.4114474242222,"Payton Eeles","sa3023622",823356
"Jadher Areinamo ","TBR","2B/SS",999,1.69867,-0.006570682433836423,-13.390722456765035,-12.716857544788068,-3.4419792841758476,-7.969287251941565,-37.52541722010435,9.112007661449356,-27.413409558654994,"Jadher Areinamo","sa3015802",699130
"Ray-Patrick Didder ",,"SS/OF",999,3.40759,-0.08223342981372751,-13.370018165900264,-12.690198080362158,-3.4241605526141363,-7.960296019464651,-37.52690624815493,9.112007661449356,-27.414898586705576,"Ray-Patrick Didder","sa736824",642720
"Luke Ritter ","PHI","2B/3B",999,16.681,-0.35360188795256275,-13.117356659617636,-12.447137573798623,-3.4235519429384116,-7.823749174810358,-37.165397239117596,8.746241511376516,-27.419155727741074,"Luke Ritter","sa3009878",682239
"Niko Kavadas ","LAA","1B",999,19.3665,-0.40833229141799104,-13.010215016388052,-12.35838562819996,-3.4302804590606923,-7.699750096595248,-36.90696349166195,8.485428816948463,-27.421534674713484,"Niko Kavadas","29782",694359
"Kevin Smith ",,"3B/SS",999,1.92451,-0.031837037252545664,-13.385109111316407,-12.71392048588496,-3.4423512121710598,-7.9614548896466815,-37.53467273627165,9.112007661449356,-27.422665074822298,"Kevin Smith","20242",675656
"Brainer Bonaci ",,"2B/SS",999,1.51912,-0.010324145665927124,-13.3939562314322,-12.718985029870659,-3.4458338104426667,-7.969007524450916,-37.53810674186237,9.112007661449356,-27.426099080413014,"Brainer Bonaci","sa3008836",682900
"J.T. Arruda ","SEA","2B/SS",999,3.08263,-0.06547733480440386,-13.376017934679341,-12.697823136374518,-3.4322415318834043,-7.966609862159339,-37.538169799901,9.112007661449356,-27.42616213845165,"J.T. Arruda","sa3010036",686793
"Alexander Vargas ",,"SS",999,1.59203,-0.021997212619312555,-13.394993479224167,-12.720585352692808,-3.4380909457005635,-7.970366200196076,-37.54603319043292,9.112007661449356,-27.434025528983568,"Alexander Vargas","sa3008851",683061
"Ehire Adrianza ",,"3B/SS",999,1.89218,-0.025497779722044485,-13.390722456765035,-12.714861850270587,-3.445461882447454,-7.969966589814145,-37.54651055901927,9.112007661449356,-27.43450289756991,"Ehire Adrianza","8418",501303
"Andrés Alvarez ",,"2B/3B/SS",999,1.7926,-0.027836479449978475,-13.391454632390102,-12.716537480784734,-3.4454956940261288,-7.967968537904498,-37.549292824555444,9.112007661449356,-27.43728516310609,"Andres Alvarez","sa3010710",687019
"Diego Velasquez ","SFG","2B/SS",999,1.694,-0.014060115462951812,-13.397251021744998,-12.718985029870659,-3.443500807735371,-7.976240471545073,-37.55003744635905,9.112007661449356,-27.438029784909695,"Diego Velasquez","sa3016144",694196
"Euribiel Angeles ","ATH","2B/SS",999,1.23113,-0.0034283402915254654,-13.401583058334449,-12.725800514867986,-3.446442420118392,-7.9754412507812145,-37.55269558439357,9.112007661449356,-27.440687922944214,"Euribiel Angeles","sa3008877",683494
"Freddy Zamora ","MIL","SS",999,2.04402,-0.03506969090823888,-13.392227485112256,-12.714297032761404,-3.440762064824397,-7.97224436847011,-37.55460064207641,9.112007661449356,-27.442592980627055,"Freddy Zamora","sa3014500",668965
"Cortland Lawson ","WSN","SS",999,2.96115,-0.053679059328493615,-13.38146857477025,-12.704751587118075,-3.4421483426990114,-7.972843783670838,-37.55489134758667,9.112007661449356,-27.442883686137314,"Cortland Lawson","sa3020202",687751
"Eddinson Paulino ","NYM","2B/3B/SS",999,1.59203,-0.028138637269888005,-13.394179952435556,-12.719945221880657,-3.4451913898180577,-7.968328187322668,-37.55578338872682,9.112007661449356,-27.44377572727747,"Eddinson Paulino","sa3009538",682796
"Carlos Mendoza ","TOR","2B/OF",999,10.1636,-0.07203207182698054,-13.252544697603074,-12.549332179482393,-3.3761818399722054,-7.940395426761692,-37.190486215646345,8.746241511376516,-27.444244704269828,"Carlos Mendoza","sa3008944",685332
"Jeron Williams ","HOU","2B/SS",999,1.23113,-0.015118706565542494,-13.401725425143626,-12.72621471559043,-3.440288702722951,-7.973762887325977,-37.55711043734853,9.112007661449356,-27.44510277589917,"Jeron Williams","sa3022566",700784
"Noah Miller ","LAD","SS",999,1.694,-0.022211807001711832,-13.393834203171567,-12.718909722178658,-3.4502293232278607,-7.972204407506351,-37.55738946308615,9.112007661449356,-27.445381801636795,"Noah Miller","sa3017512",695653
"Jeremy Eierman ","ATH","SS",999,1.59851,-0.03317940913285726,-13.392471541633526,-12.720133495318878,-3.4486739880896633,-7.964012395793295,-37.558470829968215,9.112007661449356,-27.44646316851886,"Jeremy Eierman","sa3007005",663369
"Erik González ",,"3B/SS",999,1.79326,-0.021534256418107266,-13.394627391411634,-12.719945221880657,-3.4483358716731263,-7.974082575780387,-37.558525317163905,9.112007661449356,-27.44651765571456,"Erik Gonzalez","13369",570481
"Josh Rivera ","TOR","SS",999,4.01592,-0.10410398588651734,-13.364059071187647,-12.685999590264604,-3.444548968563657,-7.96161473350172,-37.56032634940415,9.112007661449356,-27.448318687954792,"Josh Rivera","sa3022590",687069
"Jon Singleton ",,"1B/DH",999,19.5058,-0.367329124162073,-13.024634771518476,-12.373127430837995,-3.429638037176501,-7.748262788476096,-36.94299215217114,8.485428816948463,-27.457563335222677,"Jon Singleton","10441",572138
"Cade Doughty ","TOR","2B/3B/SS",999,1.23113,-0.01865435003303981,-13.401644072464764,-12.727664418820359,-3.449891206811324,-7.972564056924521,-37.57041810505401,9.112007661449356,-27.45841044360466,"Cade Doughty","sa3020196",683103
"Eguy Rosario ",,"3B",999,16.3325,-0.2401516754602539,-13.073019363265315,-12.423867022844266,-3.3310433074964356,-7.791740388502568,-36.859821757568845,8.401389694984731,-27.458432062584112,"Eguy Rosario","19964",666703
"Dominic Pitelli ","CIN","2B/SS",999,1.59203,-0.03506752519933112,-13.400932235388243,-12.723409448655177,-3.437516148233303,-7.975321367889935,-37.57224672536599,9.112007661449356,-27.460239063916635,"Dominic Pitelli","sa3022809",694689
"Erick Brito ","PHI","SS",999,1.23113,-0.018874561950303737,-13.405081229586738,-12.728304546827024,-3.444041793623956,-7.977359380391176,-37.573661512379196,9.112007661449356,-27.46165385092985,"Erick Brito","sa3011753",684081
"Harrison Spohn ",,"SS",999,3.10236,-0.08663810851492704,-13.378682239079165,-12.702191075091413,-3.4404239490376503,-7.965850603103571,-37.57378597482673,9.112007661449356,-27.461778313377373,"Harrison Spohn","sa3020093",695461
"Arol Vera ","LAA","2B/SS",999,2.0549,-0.043509626482428905,-13.392918983640232,-12.71774242910607,-3.4484711179878254,-7.971485108670012,-37.574127265886574,9.112007661449356,-27.462119604437216,"Arol Vera","sa3014687",691186
"Fabian Pertuz ",,"2B/SS",999,1.23113,-0.023573832916761343,-13.402518614899009,-12.728304546827024,-3.4482344369371023,-7.97272390077956,-37.57535533235946,9.112007661449356,-27.4633476709101,"Fabian Pertuz","sa3005500",678285
"Casey Martin ","MIL","SS",999,2.72677,-0.08205727251993011,-13.381204176669808,-12.708460567398445,-3.441201615976958,-7.963572824447606,-37.57649645701275,9.112007661449356,-27.464488795563398,"Casey Martin","sa3014524",676045
"David Bote ","LAD","2B/3B",999,9.13305,-0.10081257339451845,-13.22885068556178,-12.563829208976172,-3.4259187572243817,-7.891762852733897,-37.21117407789075,8.746241511376516,-27.46493256651424,"David Bote","14593",623520
"Jason Matthews ","CHW","3B/SS",999,2.54602,-0.06457880414634669,-13.388586945535469,-12.710682187797401,-3.4435346193140446,-7.971205381179362,-37.57858793797262,9.112007661449356,-27.466580276523267,"Jason Matthews","sa3018152",667240
"Nick Maton ",,"1B/2B/OF/DH",999,10.7381,-0.16135986067661431,-13.218762947321721,-12.530617829461203,-3.423991494090972,-7.878575709385893,-37.21330784093641,8.746241511376516,-27.46706632955989,"Nick Maton","21635",665155
"Andre Lipcius ",,"3B",999,18.482,-0.22449698044526656,-13.050952410862504,-12.389770770233245,-3.4029944678359363,-7.800292051122457,-36.868506680499415,8.401389694984731,-27.46711698551468,"Andre Lipcius","25822",686531
"David Mershon ","LAA","2B/SS",999,1.51445,-0.035208822458048135,-13.403576202754834,-12.724915630549985,-3.4392743528435483,-7.9764003157722785,-37.579375324378695,9.112007661449356,-27.46736766292934,"David Mershon","sa3025335",702574
"Aeverson Arteaga ","SFG","SS",999,1.23046,-0.02357195044706332,-13.403372820300023,-12.72926473883702,-3.4504321930148043,-7.973962692889108,-37.58060439548802,9.112007661449356,-27.46859673403866,"Aeverson Arteaga","sa3014707",692348
"Luken Baker ",,"1B/DH",999,14.3256,-0.2140690903691656,-13.08794760938499,-12.441639986035932,-3.441201615976958,-7.774437272586302,-36.95929557435335,8.485428816948463,-27.47386675740488,"Luken Baker","21497",663609
"Anthony Servideo ",,"2B/3B/SS",999,3.04031,-0.09477076321766274,-13.383482054708551,-12.70426207730089,-3.4382600042237277,-7.969966589814145,-37.59074148926497,9.112007661449356,-27.478733827815617,"Anthony Servideo","sa3014472",676545
"Luis Guillorme ",,"2B/3B",999,13.352,-0.15550181847822622,-13.223664443571312,-12.508288642892474,-3.4005938413414993,-7.944151761821098,-37.23220050810461,8.746241511376516,-27.485958996728094,"Luis Guillorme","16451",641645
"Javi Vaz ","KCR","2B/OF",999,9.00468,-0.054793186929566244,-13.270788063492205,-12.574372499072755,-3.3876439871855917,-7.946709269456379,-37.2343070061365,8.746241511376516,-27.48806549475998,"Javi Vaz","sa3019906",805834
"Zach Remillard ",,"2B",999,13.1463,-0.21006676815364922,-13.210078523471765,-12.529958876635654,-3.3749646206207546,-7.912262857660255,-37.237331646542074,8.746241511376516,-27.491090135165564,"Zach Remillard","19788",621545
"Nick Pratto ","SDP","1B",999,16.9616,-0.3212293209310329,-13.070863519548462,-12.417898764110708,-3.3906870305258927,-7.776874895097305,-36.9775535302134,8.485428816948463,-27.49212471326494,"Nick Pratto","22117",668472
"DJ LeMahieu ",,"2B",999,8.10629,-0.028834823574248176,-13.267696664726103,-12.592220783983853,-3.4353183912109153,-7.922013353658931,-37.246084017154054,8.746241511376516,-27.499842505777536,"DJ LeMahieu","9874",518934
"Jake Rucker ","MIN","2B/3B",999,9.7448,-0.09701086827866309,-13.249514299329462,-12.57314872312705,-3.4114811860492993,-7.92744805068491,-37.258603127469385,8.746241511376516,-27.51236161609287,"Jake Rucker","sa3017757",696160
"David Villar ",,"1B/3B/DH",999,17.4934,-0.268050731378441,-13.05320996247522,-12.404098348302199,-3.424600103766698,-7.76900255174169,-36.918961697664244,8.401389694984731,-27.51757200267951,"David Villar","24782",681584
"Jack López ",,"2B",999,11.7792,-0.20132493973819895,-13.218254480577496,-12.551986821214447,-3.3883202162399213,-7.904949990127242,-37.26483644789731,8.746241511376516,-27.518594936520792,"Jack Lopez","13663",605346
"Austin Shenton ",,"1B/DH",999,14.6768,-0.21427938486628983,-13.10586555849742,-12.449472143110887,-3.438868613899453,-7.79833395719924,-37.00681965757329,8.485428816948463,-27.521390840624818,"Austin Shenton","25425",668853
"Charles Leblanc ",,"2B/3B",999,8.47317,-0.09099522983527075,-13.258971569840316,-12.581112670767114,-3.4307876321110222,-7.906948039803894,-37.26881514235762,8.746241511376516,-27.522573630981107,"Charles Leblanc","19813",641779
"Cooper Bowman ","TBR","2B",999,8.82666,-0.14399235025896578,-13.267798348376937,-12.587024449433045,-3.3491663388576822,-7.920934405404421,-37.26891589233105,8.746241511376516,-27.522674380954534,"Cooper Bowman","sa3016966",688682
"Tanner Schobel ","MIN","2B/3B",999,9.84062,-0.13060746240062826,-13.247480480842615,-12.568667821469418,-3.41154881046623,-7.916618612386384,-37.27492318756528,8.746241511376516,-27.528681676188754,"Tanner Schobel","sa3020009",802355
"Austin Gauthier ","LAD","2B",999,9.56151,-0.10444458208529271,-13.261940943376409,-12.556674835156626,-3.4232138258920832,-7.9387170618177905,-37.284991248328204,8.746241511376516,-27.538749736951683,"Austin Gauthier","sa3017121",702789
"Jake Slaughter ",,"2B/3B",999,7.56853,-0.0997800911063179,-13.275913292867665,-12.605418727034442,-3.401946304488486,-7.912142978490637,-37.295201393987554,8.746241511376516,-27.54895988261104,"Jake Slaughter","sa3007871",670237
"Warming Bernabel ",,"1B",999,10.3182,-0.026779513621033257,-13.192648675279361,-12.550104092443195,-3.4179730217506497,-7.878615677048643,-37.066120980142884,8.485428816948463,-27.580692163194414,"Warming Bernabel","26536",682653
"Nate Furman ","SFG","2B",999,5.67904,-0.013158390895818701,-13.315145689301183,-12.634638706292499,-3.4244986671413016,-7.9427531258565125,-37.33019457948732,8.746241511376516,-27.5839530681108,"Nate Furman","sa3020763",801501
"Jason Vosler ",,"1B/3B",999,13.1887,-0.12427749465219352,-13.125166516788319,-12.486750222158298,-3.4337630560727175,-7.818394401200561,-36.988351690872086,8.401389694984731,-27.58696199588736,"Jason Vosler","16686",613564
"Rylan Bannon ",,"2B/3B/DH",999,9.49786,-0.21650931577176175,-13.253358227422314,-12.571134203790685,-3.406510877056426,-7.893920749242916,-37.3414333732841,8.746241511376516,-27.595191861907583,"Rylan Bannon","19768",676625
"Rafael Lantigua ","TOR","2B",999,7.13012,-0.07959562226220816,-13.304020688116012,-12.612290689293909,-3.4056317747513036,-7.947188801021496,-37.348727575444926,8.746241511376516,-27.60248606406841,"Rafael Lantigua","sa3003219",672463
"Donovan Walton ","LAA","2B",999,6.9523,-0.06491572909100018,-13.296109135171982,-12.621986755932207,-3.4354198265767297,-7.931564038139816,-37.34999548491174,8.746241511376516,-27.603753973535227,"Donovan Walton","19314",622268
"Donovan Solano ",,"1B",999,12.1078,-0.025620770974879335,-13.192587674786871,-12.52935641509968,-3.4369751617149276,-7.910104967105895,-37.094644989682244,8.485428816948463,-27.60921617273378,"Donovan Solano","8623",456781
"Daniel Vogelbach ",,"1B/DH",999,9.82011,-0.09259799286207501,-13.196594287023046,-12.53681203090916,-3.427135976575832,-7.847525992162994,-37.10066627953311,8.485428816948463,-27.615237462584645,"Daniel Vogelbach","14130",596129
"Peyton Wilson ","KCR","2B/OF",999,6.13441,-0.06708837081657208,-13.313864388018574,-12.632040533406121,-3.4079647768288095,-7.94634962003821,-37.36730768910828,8.746241511376516,-27.62106617773177,"Peyton Wilson","sa3017110",686523
"Orelvis Martinez ",,"2B",999,5.66322,-0.10925562017435901,-13.301478415007455,-12.637575759584633,-3.4447180264570303,-7.906868122342368,-37.39989594356585,8.746241511376516,-27.653654432189334,"Orelvis Martinez","25967",682619
"Noah Mendlinger ","STL","2B/3B/OF",999,5.04781,-0.017972036422401555,-13.342968350931173,-12.656083002932256,-3.4300775883290635,-7.969207330014047,-37.41630830862894,8.746241511376516,-27.670066797252417,"Noah Mendlinger","sa3017001",702331
"Bob Seymour ",,"1B",999,8.74751,-0.09141732870734018,-13.213291959590386,-12.566935713693132,-3.4369751617149276,-7.848604940417503,-37.157225104123285,8.485428816948463,-27.671796287174818,"Bob Seymour","30028",676044
"Ripken Reyes ",,"2B",999,7.81965,-0.1242560434192742,-13.306705340156263,-12.611274014410798,-3.4233490722067814,-7.958777501353118,-37.42436197154624,8.746241511376516,-27.678120460169726,"Ripken Reyes","sa3010159",685341
"Justin Turner ",,"1B",999,9.41187,-0.04103417941806694,-13.226369425068222,-12.562021779480453,-3.4347774059521208,-7.8993954079769875,-37.16359819789585,8.485428816948463,-27.678169380947384,"Justin Turner","5235",457759
"Tony Kemp ",,"2B/OF",999,4.1677,-0.03662675482597689,-13.348703724640435,-12.668584332297577,-3.425952569432847,-7.955580616809018,-37.43544799800585,8.746241511376516,-27.689206486629327,"Tony Kemp","14894",643393
"Mike Ford ",,"1B/DH",999,11.0119,-0.18141887864913808,-13.18662858613551,-12.533686695762343,-3.4315314881014456,-7.841651722302661,-37.1749173709511,8.485428816948463,-27.68948855400263,"Mike Ford","15585",645801
"Hogan Windish ","SEA","1B/2B",999,8.74751,-0.21813451868002587,-13.278475907555396,-12.602707594012813,-3.4193931118337293,-7.91925603748319,-37.437967169565155,8.746241511376516,-27.691725658188645,"Hogan Windish","sa3019805",702112
"Keston Hiura ",,"1B",999,7.72764,-0.0787949078886367,-13.226491462420745,-12.579041671363125,-3.442824575532086,-7.8568768651260905,-37.184029482330686,8.485428816948463,-27.698600665382216,"Keston Hiura","20003",669374
"Christian Arroyo ","NYM","2B",999,4.9416,-0.06274268870163668,-13.333958528488285,-12.66212656655232,-3.440964935556026,-7.950345722368838,-37.45013844166711,8.746241511376516,-27.703896930290593,"Christian Arroyo","16434",624414
"Geraldo Quintero ",,"2B/OF",999,3.90457,-0.06004054722563872,-13.357184756943697,-12.675493955416764,-3.399579490202515,-7.959177110990715,-37.451475860779325,8.746241511376516,-27.70523434940281,"Geraldo Quintero","sa3008942",684852
"Keshawn Ogans ","ATL","2B/3B",999,4.45269,-0.05701397911309497,-13.348317301309988,-12.668904399106397,-3.425377771965587,-7.959816487899534,-37.4594299393946,8.746241511376516,-27.713188428018086,"Keshawn Ogans","sa3019893",687248
"Connor Hollis ",,"2B/3B",999,4.0453,-0.038002786650615177,-13.357123744328694,-12.67639766455365,-3.423923869674042,-7.965610837321013,-37.46105890252801,8.746241511376516,-27.7148173911515,"Connor Hollis","sa3007870",667442
"Nick Solak ","SDP","1B/2B/OF",999,3.17322,-0.012901898889729995,-13.362554042840426,-12.687110400464082,-3.441844037861149,-7.9569792542622695,-37.46138963431766,8.746241511376516,-27.715148122941144,"Nick Solak","19294",669256
"Grae Kessinger ","NYM","2B/3B",999,5.4068,-0.10958868731298019,-13.334344951818732,-12.650208879515066,-3.429232298232406,-7.94543051563874,-37.46880533251792,8.746241511376516,-27.722563821141406,"Grae Kessinger","25813",666197
"J.D. Davis ",,"1B/3B",999,10.9267,-0.11744803161027521,-13.186872636595522,-12.536699048330012,-3.429164673815475,-7.856477259954487,-37.12666165030576,8.401389694984731,-27.725271955321038,"J.D. Davis","16219",605204
"Jorel Ortega ","MIN","2B/3B",999,4.05426,-0.06768157557798575,-13.35128668090734,-12.67562574598187,-3.4316667344161447,-7.951624476186479,-37.47788521306981,8.746241511376516,-27.731643701693304,"Jorel Ortega","sa3020090",687567
"Vinny Capra ","BOS","3B",999,11.3879,-0.09452416231301954,-13.211136115873533,-12.528528010849305,-3.3968069394916114,-7.90343146903838,-37.13442669756585,8.401389694984731,-27.73303700258112,"Vinny Capra","25040",681962
"Armando Alvarez ",,"1B/3B",999,10.8104,-0.12555271638330964,-13.191896182320152,-12.533950276892563,-3.422841899156452,-7.860313524384736,-37.13455459913722,8.401389694984731,-27.73316490415248,"Armando Alvarez","19292",669137
"Aaron Bracho ",,"1B/2B",999,3.76589,-0.06273767024623193,-13.352181558859499,-12.680671465148684,-3.4404239490376503,-7.94798802327402,-37.484002666566084,8.746241511376516,-27.737761155189567,"Aaron Bracho","sa3010018",677570
"Hoy Park ","ATH","2B",999,3.40759,-0.0490471435566907,-13.364018394090559,-12.682761294982535,-3.4328839537675955,-7.9574587873160505,-37.48616957371343,8.746241511376516,-27.739928062336915,"Hoy Park","18027",660829
"Francisco Urbaez ","CIN","2B",999,2.78016,-0.008475943324956686,-13.372682470300088,-12.695450900591567,-3.4429260096383194,-7.966809667722469,-37.4863449915774,8.746241511376516,-27.740103480200872,"Francisco Urbaez","sa3014944",688005
"Ivan Johnson ","CIN","2B/OF",999,3.04031,-0.04990290318224849,-13.364282792191004,-12.69046166149238,-3.4325796489297327,-7.950945139058232,-37.48817214485359,8.746241511376516,-27.74193063347708,"Ivan Johnson","sa1169627",671155
"José Rodríguez ",,"2B",999,2.04888,-0.010992518027444225,-13.380655044951007,-12.708535875090439,-3.4364003642476675,-7.962533837901189,-37.49911764021775,8.746241511376516,-27.75287612884123,"Jose Rodriguez","24388",679563
"Tyler McDonough ","BOS","2B/OF",999,3.04031,-0.03954629273242716,-13.369367344469374,-12.694132989329495,-3.4347435937436552,-7.9626137598287094,-37.50040398010366,8.746241511376516,-27.754162468727152,"Tyler McDonough","sa3016869",694812
"Will Wilson ","SEA","2B/3B/DH",999,3.95844,-0.08059160282987309,-13.350717207609366,-12.681970545980901,-3.4397477162045758,-7.947668332586612,-37.500695405211324,8.746241511376516,-27.754453893834814,"Will Wilson","25434",669717
"Marcos Castañon ","SDP","2B/3B",999,2.96115,-0.03879995704945944,-13.366011541541578,-12.694038848402151,-3.4474567693680043,-7.9547014741176385,-37.501008590478826,8.746241511376516,-27.754767079102315,"Marcos Castanon","sa3016818",676203
"Grant Lavigne ",,"1B",999,9.70226,-0.15163680536299196,-13.233874231286407,-12.559461267453791,-3.4120221738272574,-7.884449979246226,-37.241444457176684,8.485428816948463,-27.756015640228217,"Grant Lavigne","sa3007743",680693
"Anthony Prato ",,"2B/OF",999,3.08263,-0.0422283266664417,-13.37390276199832,-12.690009809729421,-3.4300099639121324,-7.96708939521312,-37.50324025751944,8.746241511376516,-27.75699874614292,"Anthony Prato","sa1052903",668791
"Raynel Delgado ","HOU","2B/3B",999,2.4384,-0.028280317827116853,-13.383014277183928,-12.705090478745777,-3.4227066503225902,-7.968847680595877,-37.50793940467529,8.746241511376516,-27.76169789329877,"Raynel Delgado","22272",669384
"Miguel Sanó ",,"1B/3B",999,9.63915,-0.1528586458329148,-13.193563900871949,-12.552909377614116,-3.42997615422283,-7.834059116858346,-37.163367195400156,8.401389694984731,-27.761977500415426,"Miguel Sano","12164",593934
"Oliver Dunn ","TBR","1B/3B",999,13.1555,-0.2570046829072243,-13.186445536167989,-12.510642065078489,-3.3417615911619074,-7.868585449093324,-37.16443932440894,8.401389694984731,-27.763049629424206,"Oliver Dunn","26295",686554
"Yolbert Sanchez ",,"2B/3B",999,2.80821,-0.01483750090575958,-13.377563640123652,-12.702115764593927,-3.44285838648097,-7.9722843294338706,-37.50965962153818,8.746241511376516,-27.763418110161656,"Yolbert Sanchez","sa3011471",691503
"Michael Chavis ","CIN","1B/2B",999,1.96486,-0.019232921431918126,-13.379394076155686,-12.709232485970219,-3.448302060094452,-7.955780423860812,-37.511941967513096,8.746241511376516,-27.76570045613657,"Michael Chavis","17321",656308
"Harold Castro ",,"2B",999,1.99404,-0.006957336794959249,-13.383156643993107,-12.711604727364147,-3.44657766643309,-7.964771654849063,-37.513068029434365,8.746241511376516,-27.76682651805785,"Harold Castro","14691",605612
"Jimmy Glowenke ",,"2B",999,3.04031,-0.04942642390419247,-13.368675845941398,-12.693944713085784,-3.4431965035272984,-7.958417851934948,-37.513661338393625,8.746241511376516,-27.767419827017104,"Jimmy Glowenke","sa3014548",694368
"Chad Stevens ","COL","2B/3B",999,1.81792,-0.010605642677991503,-13.386654816760712,-12.711962446616223,-3.4418778488100323,-7.964771654849063,-37.51587240971403,8.746241511376516,-27.769630898337503,"Chad Stevens","29614",677060
"Nate Mondou ","SDP","2B",999,2.42299,-0.021450999932293924,-13.38277021763203,-12.703810222732448,-3.4446842148783556,-7.970006550777905,-37.52272220595304,8.746241511376516,-27.776480694576517,"Nate Mondou","19563",670148
"Jeremy Arocho ",,"2B",999,2.96115,-0.0456229271079733,-13.382200750395313,-12.696825291921265,-3.423721001461575,-7.974482186162316,-37.52285215704844,8.746241511376516,-27.77661064567193,"Jeremy Arocho","sa3004046",671080
"Frainyer Chavez ","TEX","2B/3B",999,2.96115,-0.04399525715950085,-13.376770448852954,-12.698274993748447,-3.4381247579090286,-7.967888615976978,-37.52505407364691,8.746241511376516,-27.778812562270392,"Frainyer Chavez","sa3007019",669413
"Cody Milligan ",,"2B/OF",999,3.04031,-0.05640564628822345,-13.37971948990176,-12.6975595552443,-3.4196974166715925,-7.972604017888281,-37.52598612599415,8.746241511376516,-27.779744614617638,"Cody Milligan","sa1169818",687862
"David Fletcher ",,"2B",999,3.00603,-0.036328431164619104,-13.376750110304409,-12.700779025707483,-3.440187267357137,-7.972164446542592,-37.52620928107624,8.746241511376516,-27.77996776969972,"David Fletcher","17992",664058
"Nick Dunn ",,"2B",999,1.99495,-0.011568602669782777,-13.387529359194957,-12.710945771733112,-3.4490121045062008,-7.969726823287254,-37.528782661391304,8.746241511376516,-27.782541150014794,"Nick Dunn","sa915613",680709
"Charles McAdoo ","TOR","1B/2B",999,1.59203,-0.020099108554107237,-13.389990281139973,-12.716688098974213,-3.439003860214151,-7.963133253101916,-37.52891460198436,8.746241511376516,-27.78267309060785,"Charles McAdoo","33323",807727
"Dylan O'Rae ","MIL","2B",999,2.0549,-0.030591884062939934,-13.392715601185424,-12.711849480869995,-3.427102164367367,-7.9738827709615885,-37.53614190144732,8.746241511376516,-27.789900390070798,"Dylan O'Rae","sa3020220",802506
"Jace Peterson ",,"2B/3B",999,1.80798,-0.0229680949365686,-13.391352942678012,-12.714805367397473,-3.4416749793379853,-7.968288226358908,-37.539089610708956,8.746241511376516,-27.79284809933244,"Jace Peterson","12325",607054
"Jax Biggers ","HOU","2B",999,3.04258,-0.057278351037003516,-13.378722916176253,-12.69622281916334,-3.437719017705351,-7.970526044051114,-37.54046914813306,8.746241511376516,-27.794227636756546,"Jax Biggers","sa3008251",680890
"Hunter Stovall ",,"2B/3B",999,1.78217,-0.019900421836894434,-13.393000334803782,-12.71804366548503,-3.4436022424713943,-7.971764836160661,-37.54631150075777,8.746241511376516,-27.800069989381246,"Hunter Stovall","sa3008181",667663
"Cody Morissette ","MIN","2B",999,2.08237,-0.04221468969982206,-13.387549697743502,-12.713543939008511,-3.4380233225432146,-7.965570875612921,-37.54690252460797,8.746241511376516,-27.80066101323146,"Cody Morissette","sa3017158",681357
"Devin Mann ",,"2B/3B",999,2.0333,-0.031991759661374256,-13.387732741649769,-12.711623554988515,-3.449654525445706,-7.966489980012392,-37.54749256175776,8.746241511376516,-27.801251050381243,"Devin Mann","sa3006869",669471
"Sam Brown ","WSN","1B",999,10.2391,-0.1244478081882515,-13.24400265268481,-12.567105153896009,-3.4338983036469983,-7.917897363226696,-37.28735128164276,8.485428816948463,-27.801922464694297,"Sam Brown","sa3023367",694848
"Logan Davidson ","TBR","1B/2B/3B/DH",999,2.08639,-0.04007992317209445,-13.386431095757361,-12.712301338243925,-3.4476258272613776,-7.963532862739514,-37.549971047174274,8.746241511376516,-27.80372953579776,"Logan Davidson","25844",669722
"Alsander Womack ",,"2B",999,1.61344,-0.017574449263295034,-13.395929037304045,-12.719700468374807,-3.446307173803693,-7.9717248751969025,-37.55123600394274,8.746241511376516,-27.804994492566223,"Alsander Womack","sa3018214",703920
"Connor Kaiser ","KCR","2B",999,2.50574,-0.05408469707672476,-13.38270920501703,-12.704638624177337,-3.445428070868779,-7.9659704867391845,-37.55283108387905,8.746241511376516,-27.80658957250254,"Connor Kaiser","21535",663731
"Jared Walsh ",,"1B",999,11.2101,-0.2588322986170251,-13.203570309162862,-12.551855030649342,-3.4248705963960955,-7.853959714027298,-37.29308794885262,8.485428816948463,-27.807659131904153,"Jared Walsh","18607",665120
"Dakota Harris ","STL","2B/3B",999,1.23113,-0.008892408496591796,-13.4009118968397,-12.72696780794058,-3.4452252013967315,-7.97304358923397,-37.55504090390757,8.746241511376516,-27.80879939253105,"Dakota Harris","sa3022431",703766
"Terrin Vavra ",,"2B",999,1.59851,-0.01692540832871883,-13.397596771008985,-12.7203217687571,-3.447051029794117,-7.9743223423072775,-37.5562173201962,8.746241511376516,-27.809975808819683,"Terrin Vavra","24400",679631
"Whit Merrifield ",,"2B/OF",999,1.03918,-0.00699078824564782,-13.405243934944462,-12.72886936573895,-3.4425540816431077,-7.974881796544245,-37.55853996711641,8.746241511376516,-27.812298455739896,"Whit Merrifield","11281",593160
"Anthony Rendon ","LAA","3B",999,9.8784,-0.09617371307781071,-13.256734371929287,-12.551007818413003,-3.39616451760742,-7.914061104751105,-37.21414152577863,8.401389694984731,-27.8127518307939,"Anthony Rendon","12861",543685
"Davis Wendzel ","PIT","3B",999,12.1568,-0.21398408855376289,-13.188967479819889,-12.52161838773012,-3.4312609954720483,-7.859554257885645,-37.215385209461466,8.401389694984731,-27.813995514476737,"Davis Wendzel","26469",673995
"Malcom Nuñez ",,"1B/3B",999,9.91978,-0.09835408651616179,-13.226816867074932,-12.562266541402762,-3.434304042591094,-7.894959735789333,-37.216701273374284,8.401389694984731,-27.815311578389554,"Malcom Nunez","sa3008113",682650
"Miguel Hiraldo ",,"2B",999,1.09321,-0.013925050435392092,-13.40355586420629,-12.729132948271909,-3.4457661872853174,-7.97300362827021,-37.565383678469125,8.746241511376516,-27.819142167092604,"Miguel Hiraldo","sa3005486",677599
"Luis De Los Santos ",,"3B",999,13.0291,-0.21318273227421547,-13.185530310575398,-12.52318104408158,-3.4205088945597835,-7.880294033060558,-37.222697014551535,8.401389694984731,-27.821307319566806,"Luis De Los Santos","21682",665782
"Nathan Martorella ",,"1B",999,9.00468,-0.15650674279537893,-13.251263396320466,-12.583804973358887,-3.4218951724343993,-7.89400066670444,-37.307470951613574,8.485428816948463,-27.822042134665104,"Nathan Martorella","sa3019978",687210
"Jean Walters ","ARI","2B",999,1.23113,-0.01466738883892699,-13.402762674450909,-12.727796209385467,-3.449586902288356,-7.975840861163144,-37.570654036126804,8.746241511376516,-27.824412524750294,"Jean Walters","sa3015236",695078
"Ramon Mendoza ","STL","2B/3B",999,1.01405,-0.011191230723618575,-13.405325287623322,-12.72990486824643,-3.45104080269053,-7.973603043470938,-37.57106523275484,8.746241511376516,-27.824823721378323,"Ramon Mendoza","sa3007513",680636
"Yolmer Sánchez ","LAA","2B/3B",999,1.79326,-0.03529885710624848,-13.397149329002277,-12.718740276364809,-3.4478625089418906,-7.972484134252669,-37.57153510566789,8.746241511376516,-27.82529359429137,"Yolmer Sanchez","11602",570560
"Yonny Hernández ","NYM","2B/3B",999,1.19493,-0.014862261873794682,-13.405915094923897,-12.72790917372895,-3.4462733615952277,-7.977918834814228,-37.572878726936096,8.746241511376516,-27.82663721555958,"Yonny Hernandez","19432",660634
"Sahid Valenzuela ",,"2B",999,1.5752,-0.025794361579222654,-13.399976340275138,-12.724501431230285,-3.4487754228256877,-7.976040666354109,-37.575088222264434,8.746241511376516,-27.828846710887923,"Sahid Valenzuela","sa3014882",684541
"Noelberth Romero ","BAL","2B/3B",999,1.23113,-0.026721405579036135,-13.403433834430343,-12.729057639177173,-3.447693450418727,-7.973523121543419,-37.580429451148696,8.746241511376516,-27.834187939772182,"Noelberth Romero","sa3008808",682801
"Yuli Gurriel ","SDP","1B/DH",999,7.16731,-0.06311525460496313,-13.285899347456887,-12.617976536467388,-3.426764047321039,-7.9275679358091855,-37.32132312165946,8.485428816948463,-27.835894304710994,"Yuli Gurriel","19198",493329
"Darick Hall ",,"1B/DH",999,7.29117,-0.11807237726355833,-13.271459226502266,-12.609861967832359,-3.4420130951247314,-7.895079614958951,-37.33648628168187,8.485428816948463,-27.851057464733405,"Darick Hall","19717",669742
"LuJames Groover ","ARI","1B",999,4.99111,0.003760359066270055,-13.31789134183392,-12.644165321505971,-3.4432979376335315,-7.9397960100723,-37.341390251979455,8.485428816948463,-27.855961435030988,"LuJames Groover","33552",694410
"Jacob Berry ","MIA","3B/OF",999,9.00468,-0.11462073088668474,-13.260252871122923,-12.586647896945625,-3.3759451595512733,-7.920774558572053,-37.258241217078556,8.401389694984731,-27.856851522093823,"Jacob Berry","sa3019825",694351
"Cam Devanney ",,"3B",999,9.26131,-0.15229794532907165,-13.240728203951187,-12.571454264988533,-3.420745577499879,-7.8882063202602914,-37.273432312028966,8.401389694984731,-27.872042617044233,"Cam Devanney","25688",687478
"Tristin English ","ATL","1B",999,5.46546,-0.041134071901764435,-13.305912139793682,-12.644033530940861,-3.4458676220213413,-7.926089376428416,-37.363036741086056,8.485428816948463,-27.877607924137596,"Tristin English","26148",663536
"Jake Scheiner ",,"1B/3B",999,8.58357,-0.16825062734445395,-13.244836511960708,-12.581545703322162,-3.4209146360230434,-7.876417812876874,-37.29196529152724,8.401389694984731,-27.89057559654251,"Jake Scheiner","sa3004160",676595
"Garrett Cooper ",,"1B/DH",999,5.83546,-0.06958011636695796,-13.304285092277713,-12.641642459117078,-3.444109417411096,-7.922772608248703,-37.382389693421544,8.485428816948463,-27.896960876473077,"Garrett Cooper","15279",643265
"Brendon Davis ",,"3B/OF",999,7.93788,-0.13623551257085031,-13.265561150465908,-12.59159948079607,-3.410263971736175,-7.89763712259423,-37.30129723816324,8.401389694984731,-27.899907543178507,"Brendon Davis","18587",663478
"R.J. Yeager ",,"1B",999,5.20493,-0.06408405210670991,-13.320677677525005,-12.652392850276255,-3.434304042591094,-7.9339616989427295,-37.405420321441795,8.485428816948463,-27.91999150449333,"R.J. Yeager","sa3019840",694271
"Kody Hoese ",,"3B",999,8.56651,-0.11258693473618309,-13.26350699039989,-12.593406899069844,-3.4427569511151552,-7.9162589629682145,-37.32851673828929,8.401389694984731,-27.927127043304555,"Kody Hoese","sa3010021",682210
"Edwin Rios ",,"1B/3B/DH",999,6.88929,-0.12061464042477867,-13.277784402966159,-12.61601849719865,-3.445901433600015,-7.895239461791317,-37.355558435980925,8.401389694984731,-27.95416874099619,"Edwin Rios","18316",621458
"Rainer Nunez ",,"1B",999,4.13342,-0.041627489858031864,-13.33981593348881,-12.671728492263279,-3.4458338104426667,-7.941074763889938,-37.44008048994272,8.485428816948463,-27.95465167299426,"Rainer Nunez","sa3005551",678742
"Blaze Jordan ","STL","3B",999,4.91556,-0.018544813254334536,-13.315511777113713,-12.651338525755376,-3.442993632795669,-7.9310845065747,-37.359473255493796,8.401389694984731,-27.958083560509063,"Blaze Jordan","28199",691458
"CJ Alexander ","HOU","1B/3B/OF",999,6.0361,-0.09862250799996235,-13.295844731010282,-12.635128207693223,-3.4362313057245033,-7.914660524417825,-37.38048727684579,8.401389694984731,-27.97909758186106,"CJ Alexander","20557",680769
"Jacob Gonzalez ","CHW","1B",999,4.63224,-0.07086388519008924,-13.346852950059855,-12.670881263194019,-3.4283531959272833,-7.95653968291658,-37.47349097728783,8.485428816948463,-27.988062160339364,"Jacob Gonzalez","33225",694378
"Brian Anderson ",,"3B/OF",999,6.64638,-0.11063053679505594,-13.299586963329789,-12.626505307227609,-3.4358593777292907,-7.9218535068265625,-37.39443569190831,8.401389694984731,-27.993045996923577,"Brian Anderson","18289",605119
"Ernesto Martinez Jr. ","NYY","1B",999,2.96115,-0.03837167341464004,-13.364384481903093,-12.690612282487349,-3.441539733023286,-7.952104007751595,-37.48701217857996,8.485428816948463,-28.001583361631493,"Ernesto Martinez Jr.","sa3003173",667803
"Matt Carpenter ",,"3B",999,5.59476,-0.09600252636242916,-13.312257669959262,-12.639759730345823,-3.4343716657484435,-7.921254093114499,-37.403645685530456,8.401389694984731,-28.002255990545727,"Matt Carpenter","8090",572761
"Jake Holton ","SFG","1B",999,3.08263,-0.039968241574366216,-13.363326895562581,-12.689313196044157,-3.4458338104426667,-7.951744358333426,-37.49018650195719,8.485428816948463,-28.004757685008727,"Jake Holton","sa3010599",687724
"Aaron Sabato ","MIN","1B",999,2.98548,-0.05656920826757984,-13.361272735496563,-12.691930193749418,-3.448268248515777,-7.94399191796606,-37.5020323039954,8.485428816948463,-28.016603487046936,"Aaron Sabato","sa3014494",693306
"JT Schwartz ","NYM","1B",999,3.04031,-0.041241478328387204,-13.367760626410066,-12.69147833637549,-3.4458676220213413,-7.959456838481365,-37.50580490161665,8.485428816948463,-28.02037608466819,"JT Schwartz","sa3017371",681286
"Dérmis Garcia ",,"1B",999,2.58606,-0.052183452488974755,-13.366560673260373,-12.698049067866972,-3.445935245808481,-7.943512386400943,-37.50624082582574,8.485428816948463,-28.020812008877275,"Dermis Garcia","20926",660650
"Willy Vasquez ","BAL","3B",999,4.41435,-0.05406475574369305,-13.336114378266394,-12.66656981296121,-3.4249044086045606,-7.942992893127736,-37.4246462487036,8.401389694984731,-28.02325655371887,"Willy Vasquez","sa3011821",691938
"TT Bowens ",,"1B",999,2.58606,-0.0460083813546814,-13.369936811706092,-12.69991297181934,-3.4491135392422247,-7.951065021205179,-37.51603672532752,8.485428816948463,-28.03060790837905,"TT Bowens","sa3015107",688449
"Damiano Palmegiani ",,"1B/3B",999,6.31396,-0.14042263275580555,-13.304427459086892,-12.633433749554705,-3.4410663696622596,-7.917337911222724,-37.436688122282376,8.401389694984731,-28.035298427297644,"Damiano Palmegiani","sa3017326",671913
"Carter Kieboom ","PHI","1B",999,1.83789,-0.015458315796873255,-13.387203948479515,-12.713958141133702,-3.4471862761088152,-7.965051382339712,-37.52885806385862,8.485428816948463,-28.04342924691015,"Carter Kieboom","19958",666198
"Bryson Horne ",,"1B",999,2.96115,-0.06095481860371651,-13.370546956039895,-12.699630560259264,-3.445394259290105,-7.95681941040723,-37.53334600460021,8.485428816948463,-28.047917187651745,"Bryson Horne","sa3014891",695587
"Xavier Isaac ","TBR","1B",999,1.694,-0.02865194138628992,-13.387325976740149,-12.714391168077773,-3.4473553340021885,-7.958058202516777,-37.535782622723175,8.485428816948463,-28.050353805774712,"Xavier Isaac","sa3020498",800060
"BJ Murray ","CHC","1B/3B",999,3.9159,-0.0619804032799344,-13.348459668119165,-12.671483735951943,-3.429671849384967,-7.9434724246928505,-37.45506808142886,8.401389694984731,-28.053678386444133,"BJ Murray","sa3017287",681230
"Chandler Redmond ",,"1B",999,2.0333,-0.04231197346636475,-13.383299013832916,-12.710851633611254,-3.448065378413938,-7.9569792542622695,-37.541507253586744,8.485428816948463,-28.05607843663828,"Chandler Redmond","sa1170749",687470
"Haydn McGeary ",,"1B",999,1.92835,-0.03558235925608259,-13.387041243121791,-12.71309208444007,-3.448133001571288,-7.961774577356758,-37.545623265745995,8.485428816948463,-28.060194448797525,"Haydn McGeary","sa3020133",702333
"Ivan Melendez ",,"1B/3B",999,2.96115,-0.034180973158416256,-13.354825527741404,-12.688616587969866,-3.4485725533536393,-7.9403554650535995,-37.46655110727692,8.401389694984731,-28.065161412292195,"Ivan Melendez","sa3019859",699471
"Jordan Groshans ","ATL","3B",999,3.9159,-0.030768892766088435,-13.354276396022607,-12.6760211176772,-3.447017217585652,-7.9601361756096125,-37.46821979966116,8.401389694984731,-28.066830104676427,"Jordan Groshans","23794",677954
"Romeo Sanabria ","SDP","1B",999,1.23113,-0.012147607562391152,-13.399894987596277,-12.725744033397618,-3.4513112956348224,-7.970286277524224,-37.55938420171533,8.485428816948463,-28.073955384766865,"Romeo Sanabria","sa3019865",703804
"Robbie Tenerowicz ",,"1B",999,1.23636,-0.018214182516504165,-13.399915324629506,-12.725160386861322,-3.450668874695318,-7.969007524450916,-37.56296629315357,8.485428816948463,-28.0775374762051,"Robbie Tenerowicz","sa738999",642134
"Jim Haley ",,"1B/3B",999,3.40759,-0.05427662762241106,-13.357388142429134,-12.685660698636898,-3.4323767781981025,-7.9493866592386055,-37.47908890612515,8.401389694984731,-28.077699211140423,"Jim Haley","sa918418",670113
"Dayan Frias ","CLE","3B",999,4.45269,-0.08653091707246433,-13.350371461376005,-12.672368620269946,-3.422571404007892,-7.952983150442975,-37.48482555316929,8.401389694984731,-28.083435858184554,"Dayan Frias","sa3008768",682679
"Alex Binelas ","PHI","1B/3B",999,3.00196,-0.05231994533600205,-13.361110033169469,-12.68948264185801,-3.4433655614206717,-7.945230710075608,-37.49150889185976,8.401389694984731,-28.090119196875026,"Alex Binelas","sa3017044",681323
"Nicholas Northcut ",,"1B/3B",999,3.04031,-0.06752397396594474,-13.354215377346346,-12.691158275177644,-3.446983406006977,-7.934281389630136,-37.49416242212705,8.401389694984731,-28.092772727142318,"Nicholas Northcut","sa3007640",678021
"Joe Naranjo ",,"1B",999,1.31029,-0.025215939376114514,-13.402823688581226,-12.726290024685172,-3.45164941205136,-7.9734032379078075,-37.57938230260168,8.485428816948463,-28.093953485653216,"Joe Naranjo","sa3010025",683172
"Riley Tirotta ","PHI","1B/3B",999,3.21986,-0.05629218968921619,-13.362940472232133,-12.687373981594304,-3.438327627381077,-7.951344750184494,-37.49627902108123,8.401389694984731,-28.0948893260965,"Riley Tirotta","sa3017078",694661
"Matt Duffy ",,"3B",999,3.24449,-0.03994711682616364,-13.367740284830893,-12.69275859238882,-3.4420469073331974,-7.962373994046151,-37.50486689542523,8.401389694984731,-28.103477200440498,"Matt Duffy","13836",622110
"Mike Brosseau ",,"3B",999,2.88421,-0.04785310836949332,-13.368065695546337,-12.696505225112446,-3.4458676220213413,-7.953182956006106,-37.511474607055725,8.401389694984731,-28.110084912070995,"Mike Brosseau","19683",670712
"Luis Verdugo ","SDP","3B",999,4.05426,-0.07929613997433406,-13.355720405693564,-12.682083511727125,-3.442993632795669,-7.956299917134022,-37.516393607324716,8.401389694984731,-28.115003912339986,"Luis Verdugo","sa3006888",677605
"Eric Yang ","CHC","PH/PR",999,3.59952,-0.07962316269318764,-13.365747143441132,-12.689444986609269,-3.445292824554081,-7.959257032918235,-37.53936515021591,8.401389694984731,-28.137975455231174,"Eric Yang","27698",687066
"Mike Boeve ","MIL","1B/3B",999,1.59203,-0.01334290288767609,-13.392634246991248,-12.718100148358143,-3.4485725533536393,-7.967608888486328,-37.54025874007703,8.401389694984731,-28.138869045092303,"Mike Boeve","sa3022658",801670
"David Bañuelos ","MIN","DH",999,2.51959,-0.0589793314514619,-13.37731958057175,-12.70401732379504,-3.4467467249562547,-7.955980227935279,-37.54304318870979,8.401389694984731,-28.141653493725055,"David Banuelos","23250",675915
"Zavier Warren ","CIN","1B/3B",999,2.04402,-0.04079530241414026,-13.385109111316407,-12.711661207431774,-3.4467467249562547,-7.9608155127378595,-37.54512785885643,8.401389694984731,-28.143738163871703,"Zavier Warren","sa3014549",680518
"Seth Beer ",,"DH",999,1.78217,-0.026879987900988035,-13.388749650893194,-12.715389015336513,-3.450736497852667,-7.963492902520087,-37.54524805450345,8.401389694984731,-28.14385835951872,"Seth Beer","20493",666179
"Joe Perez ",,"3B",999,1.59583,-0.02246292109053268,-13.391820720202634,-12.718834411681176,-3.448640176510989,-7.964931500192766,-37.5466897296781,8.401389694984731,-28.145300034693367,"Joe Perez","22254",669309
"Paul Witt ",,"3B",999,1.5752,-0.030257032263054758,-13.392939322188779,-12.720585352692808,-3.4498573952326494,-7.9652911481222715,-37.55893025049956,8.401389694984731,-28.157540555514828,"Paul Witt","sa3014949",700685
"Kyle Datres ",,"1B/3B",999,1.58608,-0.03295256487878453,-13.395481595297335,-12.720039360002511,-3.44536044771143,-7.96708939521312,-37.56092336310318,8.401389694984731,-28.159533668118453,"Kyle Datres","sa3008029",663979
"Cayden Wallace ","WSN","3B",999,1.23113,-0.015977682377811536,-13.400749191481976,-12.726591262466878,-3.4476258272613776,-7.970925654433043,-37.561869618021085,8.401389694984731,-28.160479923036355,"Cayden Wallace","sa3019996",691024
"Max Burt ","DET","3B",999,1.7926,-0.04339194779137417,-13.39430198069619,-12.71975695124792,-3.4412354281854234,-7.9688077196321165,-37.567494027553025,8.401389694984731,-28.1661043325683,"Max Burt","sa3007631",661733
"Luis Toribio ",,"1B/3B",999,1.01405,-0.0190683218866301,-13.402579630544642,-12.72907646680154,-3.450736497852667,-7.968128381759538,-37.56958929884502,8.401389694984731,-28.168199603860288,"Luis Toribio","sa3005541",678681
"Brayden Taylor ","TBR","3B",999,1.23113,-0.02779679643336371,-13.401522042688816,-12.726346507558285,-3.44536044771143,-7.969606940395976,-37.570632734787864,8.401389694984731,-28.169243039803135,"Brayden Taylor","sa3022921",694966
"Kevin Padlo ",,"1B/3B",999,1.15489,-0.02609541762863667,-13.402254218313884,-12.727532626852506,-3.4479977552565892,-7.969327212905324,-37.57320723095693,8.401389694984731,-28.171817535972206,"Kevin Padlo","16593",656821
"Jaylen Palmer ","NYM","3B/OF",999,1.1936,-0.02875635705853611,-13.402945718357172,-12.727720900290727,-3.444007982045281,-7.970286277524224,-37.57371723527595,8.401389694984731,-28.172327540291217,"Jaylen Palmer","sa3008297",681941
"Patrick Dorrian ",,"3B",999,1.08752,-0.023583711613385794,-13.402884702711543,-12.72898233008243,-3.450499816487049,-7.969367173869085,-37.575317734763495,8.401389694984731,-28.173928039778765,"Patrick Dorrian","sa3007629",657562
"Austin Callahan ",,"3B",999,1.23113,-0.02508222113265771,-13.402416923671604,-12.72809744716717,-3.4488430462979327,-7.971884719051941,-37.576324357321305,8.401389694984731,-28.174934662336575,"Austin Callahan","sa3017407",702472
"Brenden Dixon ","CHW","1B/3B",999,1.01405,-0.02314314049523017,-13.40510156661997,-12.730432031909613,-3.448268248515777,-7.970885693469282,-37.57783068100988,8.401389694984731,-28.17644098602515,"Brenden Dixon","sa3017397",686981