Name,Team,POS,ADP,IP,mW,mSV,mERA,mWHIP,mSO,PTS,aPOS,Dollars,NameASCII,PlayerId,MLBAMID
"Paul Skenes ","PIT","SP",9.649999618530273,103.496,4.746567727985854,-1.461118177442271,9.40732405240655,8.17687267115164,5.100839837481262,25.970486111583032,8.544502541217481,35.51498865280051,"Paul Skenes","33677",694973
"Tarik Skubal ","DET","SP",7.019999980926514,90.016,3.3580609624695152,-1.461118177442271,9.035510739796024,10.280076199897062,3.8747305263217666,25.087260251042096,8.544502541217481,34.63176279225958,"Tarik Skubal","22267",669373
"Cristopher Sánchez ","PHI","SP",24.75,105.732,5.4669606539596725,-1.461118177442271,8.099459213498509,4.542658231291715,4.2162554426771885,20.86421536398482,8.544502541217481,30.4087179052023,"Cristopher Sanchez","20778",650911
"Jacob Misiorowski ","MIL","SP",114.13999938964844,92.5041,3.609090117514248,-1.461118177442271,7.345883646987546,3.851058349205966,6.249848239882627,19.594762176148116,8.544502541217481,29.1392647173656,"Jacob Misiorowski","31623",694819
"Dylan Cease ","TOR","SP",74.7699966430664,103.156,4.782030732866461,-1.461118177442271,4.763114750836006,2.272950653628109,6.890369273180139,17.247347233068446,8.544502541217481,26.791849774285925,"Dylan Cease","18525",656302
"Jacob deGrom ","TEX","SP",50.0099983215332,90.752,2.462272666077474,-1.461118177442271,3.7638952814412567,7.975109710096719,3.3337562494083177,16.073915729581497,8.544502541217481,25.618418270798973,"Jacob deGrom","10954",594798
"Zack Wheeler ","PHI","SP",110.48999786376953,92.368,3.3506262161111944,-1.461118177442271,3.7397363579635226,4.674581691162352,3.3144523382263746,13.618278426021172,8.544502541217481,23.162780967238653,"Zack Wheeler","10310",554430
"Yoshinobu Yamamoto ","LAD","SP",26.639999389648438,83.846,4.31104723113866,-1.461118177442271,4.348458611785904,3.2622456047225756,1.9715509555938393,12.432184225798709,8.544502541217481,21.97668676701619,"Yoshinobu Yamamoto","33825",808967
"Chris Sale ","ATL","SP",39.36000061035156,97.104,3.4771916167382533,-1.461118177442271,2.913153455694843,2.948803498396769,4.498017884411281,12.376048277798875,8.544502541217481,21.920550819016356,"Chris Sale","10603",519242
"Drew Rasmussen ","TBR","SP",132.36000061035156,95.302,2.195942332759407,-1.461118177442271,3.858431130363668,5.345846063915378,2.3525450455055195,12.291646395101699,8.544502541217481,21.83614893631918,"Drew Rasmussen","25385",656876
"Logan Gilbert ","SEA","SP",37.150001525878906,96.594,3.3328513995214415,-1.461118177442271,1.2426787397539378,5.097546443841177,4.0793471626139555,12.29130556828824,8.544502541217481,21.83580810950572,"Logan Gilbert","22250",669302
"Shohei Ohtani ","LAD","SP",1.2699999809265137,75.465,3.278706528803802,-1.461118177442271,4.566603861258067,3.627254493172244,1.7793440952643385,11.79079080105618,8.544502541217481,21.335293342273665,"Shohei Ohtani","19755",660271
"Joe Ryan ","MIN","SP",78.52999877929688,93.2,2.3665607712669954,-1.461118177442271,0.8428746225997021,6.253032152297806,3.4954724415159486,11.496821810238183,8.544502541217481,21.04132435145566,"Joe Ryan","21390",657746
"Bryan Woo ","SEA","SP",34.77000045776367,82.38,2.139243747146537,-1.461118177442271,2.940922424098602,6.17500589775265,1.1328775770472774,10.926931468602794,8.544502541217481,20.47143400982028,"Bryan Woo","30279",693433
"Jesús Luzardo ","PHI","SP",70.58999633789062,107.28,4.680369148250189,-1.461118177442271,2.3035709472643844,0.24711011746848055,5.150687627769546,10.920619663310328,8.544502541217481,20.465122204527812,"Jesus Luzardo","19959",666200
"Hunter Brown ","HOU","SP",36.189998626708984,88.665,3.00821148541857,-1.461118177442271,3.75955658072351,1.7912184395808068,2.909245633040316,10.007113961320933,8.544502541217481,19.551616502538415,"Hunter Brown","25880",686613
"Nathan Eovaldi ","TEX","SP",132.50999450683594,93.056,2.328610296660903,-1.461118177442271,1.4634708914477128,3.881987169966152,1.6388174750570863,7.851767655689583,8.544502541217481,17.39627019690706,"Nathan Eovaldi","9132",543135
"Logan Webb ","SFG","SP",57.189998626708984,101.235,3.0523540634735893,-1.461118177442271,3.5216574829401277,-0.1888464025325454,1.7468480418339725,6.670895008272874,8.544502541217481,16.215397549490355,"Logan Webb","17995",657277
"Ranger Suarez ","BOS","SP",183.97999572753906,90.083,2.0987148067026715,-1.461118177442271,2.9650689706532343,1.2991818923857015,1.3767854630007743,6.27863295530011,8.544502541217481,15.823135496517589,"Ranger Suarez","17277",624133
"Mason Miller ","SDP","RP",27.860000610351562,25.6398,-4.636601400032803,7.309610874254101,3.8878840105540307,3.125909017491172,-3.3925601544266106,6.294242347839891,7.7150381293801,15.009280477219992,"Mason Miller","31757",695243
"Shota Imanaga ","CHC","SP",157.92999267578125,92.272,2.3981189509771297,-1.461118177442271,-1.7089108302088207,3.90753219862791,1.854165250190921,4.989787392144868,8.544502541217481,14.53428993336235,"Shota Imanaga","33829",684007
"Nolan McLean ","NYM","SP",87.29000091552734,92.72,3.1914303375868056,-1.461118177442271,1.632874218660877,-1.4460893131496246,2.462604277252857,4.3797013429086435,8.544502541217481,13.924203884126126,"Nolan McLean","33703",690997
"George Kirby ","SEA","SP",64.58000183105469,91.072,2.5675631756517627,-1.461118177442271,-0.12778669249240523,1.494354566344247,1.4096897436854399,3.8827026157467732,8.544502541217481,13.427205156964254,"George Kirby","25436",669923
"Garrett Crochet ","BOS","SP",12.239999771118164,61.54,-0.5026805954289025,-1.461118177442271,2.7293289483384706,2.7403883193779994,-0.07744057272542142,3.4284779221198747,8.544502541217481,12.972980463337356,"Garrett Crochet","27463",676979
"Cade Smith ","CLE","RP",39.90999984741211,27.148,-4.667022674316019,7.499237048494394,2.802994371350186,2.221425844995618,-3.8192145874447387,4.037420003079439,7.7150381293801,12.75245813245954,"Cade Smith","27867",671922
"Chase Burns ","CIN","SP",109.72000122070312,75.2884,0.588232484463045,-1.461118177442271,0.6536004040393463,1.5557039351201687,1.7570728458530758,3.0934914920333645,8.544502541217481,12.637994033250846,"Chase Burns","35333",695505
"Max Fried ","NYY","SP",50.04999923706055,70.464,1.0309889921593247,-1.461118177442271,3.3895863016157093,0.8270203237001783,-0.8909464500473735,2.8955309899855677,8.544502541217481,12.44003353120305,"Max Fried","13743",608331
"Matthew Boyd ","CHC","SP",212.75999450683594,77.35,1.1877148722117863,-1.461118177442271,0.40836655266205685,1.7159905503076538,0.2753010317924434,2.126254829531669,8.544502541217481,11.67075737074915,"Matthew Boyd","15440",571510
"Reid Detmers ","LAA","SP",350.4599914550781,81.6743,0.9917085183760408,-1.461118177442271,-0.4494093111992601,0.14886337106620204,2.540244777636325,1.7702891784370367,8.544502541217481,11.314791719654517,"Reid Detmers","27468",672282
"Cam Schlittler ","NYY","SP",116.62999725341797,79.24,1.493199740693731,-1.461118177442271,0.5675065276491968,-0.3593888640971896,1.5075021578037817,1.747701384607249,8.544502541217481,11.29220392582473,"Cam Schlittler","32095",693645
"Braxton Ashcraft ","PIT","SP",239.36000061035156,84.3098,1.8862185013826702,-1.461118177442271,0.20428332338812127,-0.699871721699515,1.511958569378216,1.4414704950072215,8.544502541217481,10.985973036224703,"Braxton Ashcraft","23793",677952
"Kevin Gausman ","TOR","SP",112.94999694824219,102.294,3.397628255998729,-1.461118177442271,-3.3543220942534884,-0.8068368614679847,3.2697834635532312,1.0451345863882158,8.544502541217481,10.589637127605696,"Kevin Gausman","14107",592332
"Gavin Williams ","CLE","SP",144.74000549316406,100.827,1.9692360745446214,-1.461118177442271,-0.8064185253645221,-2.987989338193335,4.149940546485314,0.8636505800298072,8.544502541217481,10.408153121247288,"Gavin Williams","30122",668909
"Hunter Greene ","CIN","SP",444.32000732421875,70.308,-0.4400250403212566,-1.461118177442271,-0.5667845044281832,1.784493608620081,1.4615246279406824,0.7780905143690527,8.544502541217481,10.322593055586532,"Hunter Greene","22182",668881
"Parker Messick ","CLE","SP",294.17999267578125,90.64,1.1870888189592497,-1.461118177442271,-0.0384175889449762,-1.0011456084616568,2.021286504172693,0.7076939482830382,8.544502541217481,10.25219648950052,"Parker Messick","31986",800048
"Tyler Glasnow ","LAD","SP",113.73999786376953,59.82,0.7382093648593819,-1.461118177442271,0.37563263681982884,0.8322122446517584,0.09772383901214832,0.5826599079008463,8.544502541217481,10.127162449118327,"Tyler Glasnow","14374",607192
"Jhoan Duran ","PHI","RP",41.84000015258789,27.0373,-4.210938876014143,6.985748530290501,1.8695725977923952,0.8281407903438815,-4.4282933922504295,1.044229650162206,7.7150381293801,9.759267779542306,"Jhoan Duran","21029",661395
"Freddy Peralta ","NYM","SP",56.36000061035156,99.45,3.294771346451451,-1.461118177442271,-2.316448683094712,-2.536389804740531,2.9608601909770464,-0.05832512784901625,8.544502541217481,9.486177413368463,"Freddy Peralta","18679",642547
"Ben Brown ","CHC","SP",733.6500244140625,67.563,0.18706556789545178,-1.461118177442271,0.8519724679054879,0.44933194654381736,-0.20274056577330982,-0.1754887608708239,8.544502541217481,9.369013780346657,"Ben Brown","23590",676962
"Gerrit Cole ","NYY","SP",232.89999389648438,95.642,2.658570207472539,-1.461118177442271,-3.0394574061462847,-0.45905208613904247,2.1013938279034274,-0.19966363435163223,8.544502541217481,9.34483890686585,"Gerrit Cole","13125",543037
"Emmet Sheehan ","LAD","SP",111.20999908447266,62.2702,1.328573214188037,-1.461118177442271,-0.9262457789353034,0.9673035409173244,-0.12332664638083635,-0.21481384765304937,8.544502541217481,9.329688693564432,"Emmet Sheehan","29839",686218
"Michael Soroka ","ARI","SP",710.3599853515625,87.7912,2.513880565184543,-1.461118177442271,-1.742383595105613,-0.8242280784098344,0.9996782619156764,-0.514171023857499,8.544502541217481,9.030331517359983,"Michael Soroka","18383",647336
"José Soriano ","LAA","SP",321.80999755859375,100.691,2.5008244429935615,-1.461118177442271,1.2985669146494656,-5.8244338442597,2.888050241199448,-0.5981104228594961,8.544502541217481,8.946392118357984,"Jose Soriano","22100",667755
"Josh Hader ","HOU","RP",124.38999938964844,22.2627,-4.765853005894584,6.799115767240277,1.1571152403680585,1.3724062432739543,-4.364484604004122,0.19829964098358338,7.7150381293801,8.913337770363682,"Josh Hader","14212",623352
"Max Meyer ","MIA","SP",281.45001220703125,90.08,0.7127581162370729,-1.461118177442271,-1.2402246101054668,-1.06040868018298,2.1784165831749918,-0.870576768318653,8.544502541217481,8.673925772898828,"Max Meyer","27474",676974
"Aroldis Chapman ","BOS","RP",64.55000305175781,25.3516,-4.556858048983174,6.984750092027105,1.4129075652265624,0.011788386813929038,-4.02300396076742,-0.17041596568299713,7.7150381293801,8.544622163697102,"Aroldis Chapman","10233",547973
"David Bednar ","NYY","RP",64.05999755859375,26.1225,-4.4063635827001475,7.467799092498245,0.6843491906907745,0.5229316321681324,-4.557194473475887,-0.28847814081888307,7.7150381293801,8.426559988561216,"David Bednar","19569",670280
"Brandon Woodruff ","MIL","SP",143.82000732421875,77.168,0.07902770369898467,-1.461118177442271,-2.01685709166807,1.8284701092401745,0.2969204478689383,-1.2735570083022436,8.544502541217481,8.270945532915237,"Brandon Woodruff","16162",605540
"Payton Tolle ","BOS","SP",673,72.954,-0.06491067468596688,-1.461118177442271,-0.8680017086619654,0.37121829192284134,0.3565698493607682,-1.6662424195065941,8.544502541217481,7.878260121710886,"Payton Tolle","35466",801139
"Griffin Jax ","TBR","SP",149.2100067138672,76.5366,0.3514999106119951,-1.461118177442271,-1.0629393121626314,-0.4908236215523047,0.9618378402762688,-1.7015433602689432,8.544502541217481,7.8429591809485375,"Griffin Jax","20253",643377
"Framber Valdez ","DET","SP",81.13999938964844,95.047,2.3206521406647043,-1.461118177442271,-0.22195070047290041,-3.8403756580756245,1.3227730895825756,-1.8800193057435166,8.544502541217481,7.6644832354739645,"Framber Valdez","17295",664285
"Raisel Iglesias ","ATL","RP",100.62000274658203,25.2587,-4.621952117907894,6.584538154415698,0.6405245041009637,0.9379486814783232,-4.779953319257411,-1.2388940971703213,7.7150381293801,7.476144032209779,"Raisel Iglesias","17130",628452
"Kyle Bradish ","BAL","SP",72.95999908447266,91.664,2.71656457772438,-1.461118177442271,-1.1740424897625201,-4.4193270203872315,2.203091468008212,-2.134831641859431,8.544502541217481,7.40967089935805,"Kyle Bradish","24586",680694
"Kyle Harrison ","MIL","SP",446.55999755859375,83.685,0.6566353540227569,-1.461118177442271,-2.1871325485891226,-1.5693213049234755,2.3893470234776752,-2.1715896534544368,8.544502541217481,7.372912887763045,"Kyle Harrison","27758",690986
"Blake Snell ","LAD","SP",178.41000366210938,46.856,-0.7424669988083142,-1.461118177442271,1.4026242857430777,-0.008239298947361884,-1.3991748317994643,-2.208375021254334,8.544502541217481,7.336127519963147,"Blake Snell","13543",605483
"Andrés Muñoz ","SEA","RP",41.189998626708984,24.6363,-4.539742590223056,5.452268236322357,1.5808049855938429,0.5168188717546143,-4.4346753727066535,-1.4245258692588942,7.7150381293801,7.290512260121206,"Andres Munoz","20373",662253
"Jacob Latz ","TEX","SP/RP",730.9299926757812,38.7254,-4.219490144670229,4.345946767376611,1.2041171238055086,-0.2550618198406484,-3.347097273586753,-2.271585346915511,8.544502541217481,7.272917194301971,"Jacob Latz","21306",656641
"Bryce Miller ","SEA","SP",341.6000061035156,71.2053,0.7209907165079296,-1.461118177442271,-1.580278895211459,0.006269255399349824,-0.2162411648676499,-2.5303782656141003,8.544502541217481,7.01412427560338,"Bryce Miller","29837",682243
"Michael King ","SDP","SP",129.55999755859375,93.392,2.2018359689600313,-1.461118177442271,-1.7284566382675894,-3.0037312797060034,1.2965326407578148,-2.694937485698018,8.544502541217481,6.849565055519463,"Michael King","19853",650633
"Devin Williams ","NYM","RP",59.470001220703125,23.8334,-4.597903847344832,5.952283548770769,1.1239500318806734,-0.13977648596609202,-4.3419547829511345,-2.0034015356106156,7.7150381293801,6.711636593769484,"Devin Williams","15816",642207
"Grant Taylor ","CHW","RP",506.67999267578125,32.1716,-4.4925421788107345,1.023489254317575,2.8328606443420457,1.982077516973921,-3.4248841039025155,-2.0789988670797084,7.7150381293801,6.636039262300391,"Grant Taylor","33927",691799
"MacKenzie Gore ","TEX","SP",164.82000732421875,82.502,0.8884861684418177,-1.461118177442271,-1.2929657093118574,-2.928646810301627,1.8773926326825197,-2.916851895931418,8.544502541217481,6.627650645286063,"MacKenzie Gore","22201",669022
"Cole Ragans ","KCR","SP",48.15999984741211,52.182,-1.475826870783074,-1.461118177442271,0.8733049112007456,-0.025197757274292274,-1.0131676945765808,-3.1020055888754725,8.544502541217481,6.442496952342008,"Cole Ragans","21846",666142
"Tanner Bibee ","CLE","SP",188.6300048828125,96.186,1.262638159193557,-1.461118177442271,-2.6915312906951625,-1.4527065051497288,1.2299799584259612,-3.1127378556676453,8.544502541217481,6.431764685549836,"Tanner Bibee","30134",676440
"Casey Mize ","DET","SP",289.6499938964844,79.245,0.5189545962875786,-1.461118177442271,-2.1448274431198002,-0.13296776459542373,0.04965279341314885,-3.1703059954567676,8.544502541217481,6.374196545760713,"Casey Mize","20492",663554
"Bryan Baker ","TBR","RP",999,27.2706,-4.687947230336485,7.007705605884665,-0.11204456202612419,-0.22363398323077696,-4.359446614090823,-2.375366783799546,7.7150381293801,6.339671345580554,"Bryan Baker","19804",641329
"Eury Pérez ","MIA","SP",78.6500015258789,70.551,-1.0514548536288713,-1.461118177442271,-1.91104405579418,0.6599350243943707,0.5421078893099452,-3.221574173161006,8.544502541217481,6.322928368056474,"Eury Perez","27768",691587
"Logan Henderson ","MIL","SP",413.3999938964844,58.3913,-1.2336669248107601,-1.461118177442271,-1.3599420945236695,1.1886390915009328,-0.670831727943013,-3.536919833218781,8.544502541217481,6.0075827079987,"Logan Henderson","31475",701656
"Sonny Gray ","BOS","SP",138.08999633789062,82.24,0.5756742929984993,-1.461118177442271,-2.3792286442517465,-0.7853358245133191,0.5057083186516002,-3.544300034557238,8.544502541217481,6.000202506660243,"Sonny Gray","12768",543243
"Landen Roupp ","SFG","SP",690.0999755859375,81.956,0.7234614429487545,-1.461118177442271,0.19924399027073927,-4.29980484096812,0.8056913312166111,-4.032526253974287,8.544502541217481,5.511976287243194,"Landen Roupp","30076",694738
"Louis Varland ","TOR","RP",999,22.9611,-4.676234210762863,5.432806304586624,0.34048127594011457,-0.013894861743232447,-4.8143790986699155,-3.731220590649272,7.7150381293801,4.983817538730827,"Louis Varland","27691",686973
"Paul Sewald ","ARI","RP",389.9100036621094,23.2267,-4.836082531412352,6.243210755243156,-0.5583372219755426,0.33182243787255844,-4.914012530596262,-3.733399090868441,7.7150381293801,4.981639038511659,"Paul Sewald","13892",623149
"Carlos Rodón ","NYY","SP",202.3000030517578,94.775,2.298039242776861,-1.461118177442271,-4.908291313297288,-3.3257734273046218,2.6921443929791526,-4.704999282288167,8.544502541217481,4.839503258929314,"Carlos Rodon","16137",607074
"Kenley Jansen ","DET","RP",133.02000427246094,23.1326,-4.628922784093552,5.033093586106914,-0.012597396635134404,0.3561226894063086,-4.767362917284547,-4.01966682250001,7.7150381293801,4.695371306880089,"Kenley Jansen","3096",445276
"Ryan Helsley ","BAL","RP",85.58999633789062,22.2673,-4.679280214625568,5.152358892679651,0.43962600217799386,0.01938831330328725,-5.025231801196067,-4.093138807660704,7.7150381293801,4.621899321719395,"Ryan Helsley","18138",664854
"Luis Castillo ","SEA","SP",171.0500030517578,64.9737,-0.23792485883785525,-1.461118177442271,-1.907273529411859,-0.6456913265328251,-0.9326346837700796,-5.184642575994889,8.544502541217481,4.359859965222592,"Luis Castillo","15689",622491
"Shane McClanahan ","TBR","SP",182.99000549316406,71.16,-0.775845828733093,-1.461118177442271,-1.2467929023353117,-1.6422475950351216,-0.2784687999961067,-5.404473303541904,8.544502541217481,4.140029237675577,"Shane McClanahan","21483",663556
"Christian Scott ","NYM","SP",748.5700073242188,68.185,-0.018640243541221603,-1.461118177442271,-2.4944976986493925,-1.0671653944748676,-0.5276162952298431,-5.569037809337597,8.544502541217481,3.9754647318798844,"Christian Scott","30107",681035
"Gregory Soto ","PIT","RP",728.4099731445312,23.5288,-4.870298889554623,5.731218942634299,0.4150368940848666,-1.081138849250749,-4.936795726915539,-4.741977629001745,7.7150381293801,3.9730605003783546,"Gregory Soto","19677",642397
"Pete Fairbanks ","MIA","RP",111.45999908447266,22.4721,-5.136623763105952,4.9816949551433645,0.3306711844538198,-0.04551541488041297,-4.966566801066948,-4.836339839456129,7.7150381293801,3.8786982899239706,"Pete Fairbanks","17998",664126
"Michael Wacha ","KCR","SP",609.2899780273438,91.808,1.7620058962349112,-1.461118177442271,-3.6184244579956553,-2.411685442600589,-0.018063877016504706,-5.747286058820109,8.544502541217481,3.7972164823973724,"Michael Wacha","14078",608379
"Shane Bieber ","TOR","SP",474.0400085449219,68.6311,0.4530741389604706,-1.461118177442271,-2.826698182724181,-1.1870732030475388,-0.9180453400942619,-5.939860764347782,8.544502541217481,3.6046417768696988,"Shane Bieber","19427",669456
"Tanner Scott ","LAD","RP",712.8099975585938,22.7385,-4.409724069126917,2.9197552798207558,0.922004816694653,-0.11908712204627021,-4.814411108342605,-5.501462203000384,7.7150381293801,3.213575926379716,"Tanner Scott","17586",656945
"Edward Cabrera ","CHC","SP",174.72000122070312,85.53,1.3726480911355146,-1.461118177442271,-4.108971440050994,-3.5803284210344493,1.0638522514276687,-6.713917695964533,8.544502541217481,2.8305848452529494,"Edward Cabrera","21690",665795
"Trevor Megill ","MIL","RP",137.6999969482422,26.496,-4.850801880543721,4.095440129970722,-0.4637749887367955,-0.630919728448243,-4.138389269482262,-5.9884457372403,7.7150381293801,2.7265923921398003,"Trevor Megill","17722",656730
"Connelly Early ","BOS","SP",266.4800109863281,78.624,0.2106954383342182,-1.461118177442271,-2.873668270420292,-2.9510559700455494,0.24876459742281343,-6.82638238215108,8.544502541217481,2.7181201590664,"Connelly Early","33666",813349
"Kris Bubic ","KCR","SP",190.69000244140625,59.422,-0.6734122331001762,-1.461118177442271,-0.7548167471993597,-2.3746021370840515,-1.5686153320661027,-6.83256462689196,8.544502541217481,2.71193791432552,"Kris Bubic","21455",663460
"Trey Yesavage ","TOR","SP",194.2899932861328,75.015,0.6044851180864553,-1.461118177442271,-3.0999633817159173,-3.4149778376474513,0.4338303907723117,-6.937743887946874,8.544502541217481,2.606758653270608,"Trey Yesavage","35456",702056
"Will Warren ","NYY","SP",285.04998779296875,71.9627,0.8124687442059044,-1.461118177442271,-2.8620921045446197,-3.438302743781867,-0.16627198724916661,-7.11531626881202,8.544502541217481,2.4291862724054605,"Will Warren","30182",701542
"Jared Jones ","PIT","SP",714.77001953125,71.6015,0.09551474330764706,-1.461118177442271,-2.9165252377948723,-3.047177950243911,0.16948619950172666,-7.15982042267168,8.544502541217481,2.384682118545801,"Jared Jones","27863",683003
"Roki Sasaki ","LAD","SP",289.7200012207031,59.5037,0.6170418536132046,-1.461118177442271,-2.341407027235746,-2.696428412859049,-1.33530264777283,-7.217214411696691,8.544502541217481,2.327288129520789,"Roki Sasaki","35323",808963
"Dean Kremer ","BAL","SP",999,66.4775,0.24444043661484105,-1.461118177442271,-3.0024507850005873,-1.9190171028791903,-1.1257082995224068,-7.263853928229614,8.544502541217481,2.2806486129878665,"Dean Kremer","19350",665152
"Jack Flaherty ","DET","SP",209,72.917,-0.2510654254210399,-1.461118177442271,-3.5709373832941718,-3.0219971981693536,0.9714540448042365,-7.3336641395226,8.544502541217481,2.2108384016948808,"Jack Flaherty","17479",656427
"Ryan Weathers ","NYY","SP",232.55999755859375,57.1845,-0.9601078603325902,-1.461118177442271,-1.939160228855554,-1.5955680979201603,-1.5509780024141886,-7.506932366964765,8.544502541217481,2.037570174252716,"Ryan Weathers","23796",677960
"Riley O'Brien ","STL","RP",264.0400085449219,27.4341,-4.997451761082609,5.931324911440003,-0.6394725186950801,-2.33466406094418,-4.684097860128496,-6.724361289410362,7.7150381293801,1.9906768399697383,"Riley O'Brien","20348",676617
"Jack Leiter ","TEX","SP",230.7100067138672,88.11,0.9553530236261201,-1.461118177442271,-4.478594516764637,-3.9118124331569293,1.265124084778822,-7.631048018958894,8.544502541217481,1.9134545222585873,"Jack Leiter","30146",683004
"Sandy Alcantara ","MIA","SP",144.57000732421875,102.374,1.2854090263323312,-1.461118177442271,-4.624782154092164,-3.205008759695299,0.3611060772619087,-7.644393987635494,8.544502541217481,1.9001085535819864,"Sandy Alcantara","18684",645261
"Taj Bradley ","MIN","SP",492.4599914550781,91.35,1.347839639050403,-1.461118177442271,-4.909117206569944,-5.067775375121228,2.255061873734841,-7.8351092463482,8.544502541217481,1.7093932948692805,"Taj Bradley","22543",671737
"Seranthony Domínguez ","CHW","RP",194.19000244140625,25.5735,-5.0047538351092165,3.3234603236539577,-0.204977448367052,-0.5757681023598005,-4.620325446510244,-7.082364508692354,7.7150381293801,1.6326736206877457,"Seranthony Dominguez","19249",622554
"Ian Seymour ","TBR","SP",521.1400146484375,54.9034,-2.7601205206946045,-1.461118177442271,-1.2995313115953693,-0.48587299809608564,-1.9318361551444467,-7.938479162972778,8.544502541217481,1.6060233782447033,"Ian Seymour","27932",693855
"Alex Vesia ","LAD","RP",743.4199829101562,22.7385,-4.32484362355422,-0.4755588991268049,1.0761280118949093,1.0384479052387967,-4.592037210053425,-7.277863815600744,7.7150381293801,1.4371743137793551,"Alex Vesia","25007",681911
"Abner Uribe ","MIL","RP",167.27999877929688,28.0342,-4.583964334895764,0.36229124165988785,1.8536912044779539,-0.6217985242016945,-4.486219259937446,-7.475999672897065,7.7150381293801,1.2390384564830352,"Abner Uribe","25327",682842
"Noah Cameron ","KCR","SP",298,83.355,0.8524502520382499,-1.461118177442271,-4.001870965598385,-3.7592825525012286,0.03227777679327457,-8.33754366671036,8.544502541217481,1.2069588745071205,"Noah Cameron","30184",702070
"Cade Cavalli ","WSN","SP",305.2200012207031,81.36,-0.8295728453031089,-1.461118177442271,-2.3608136981743573,-4.112863970548613,0.38671630967371784,-8.377652381794631,8.544502541217481,1.166850159422849,"Cade Cavalli","27473",676917
"Aaron Nola ","PHI","SP",205.52999877929688,93.347,1.9343641804094327,-1.461118177442271,-6.523713316818226,-4.049799213394218,1.6149715160335143,-8.485295011211768,8.544502541217481,1.059207530005712,"Aaron Nola","16149",605400
"Emerson Hancock ","SEA","SP",733.4199829101562,71.3105,-0.022569091685338126,-1.461118177442271,-3.7913906729279554,-2.293125019491427,-0.9207283326596907,-8.488931294206683,8.544502541217481,1.0555712470107985,"Emerson Hancock","27470",676106
"Clayton Beeter ","WSN","RP",307.1400146484375,22.2003,-5.223575280194307,4.995667380030541,-0.519647796967616,-1.9755571111961099,-4.991925321052608,-7.7150381293801,7.7150381293801,1,"Clayton Beeter","27494",690925
"Dustin May ","STL","SP",414.6700134277344,85.7816,0.2042834882780058,-1.461118177442271,-3.7630946496195308,-4.074953721438709,0.5503805190050237,-8.544502541217481,8.544502541217481,1,"Dustin May","19716",669160
"Garrett Whitlock ","BOS","RP",624.97998046875,26.7985,-4.493239936999753,-0.8707806679963628,1.109108662008225,1.026509557962077,-4.541032290882916,-7.76943467590873,7.7150381293801,0.945603453471369,"Garrett Whitlock","20191",676477
"Caleb Kilian ","SFG","RP",999,23.036,-4.9505265219138455,3.940744542048344,-0.18704468210398595,-1.4427800746317228,-5.303887641839138,-7.943494378440347,7.7150381293801,0.7715437509397525,"Caleb Kilian","26213",668873
"Dylan Lee ","ATL","RP",999,24.5474,-4.65831252644788,-1.17717730238848,1.01547350445586,1.3455692480020232,-4.601447638114102,-8.07589471449258,7.7150381293801,0.6391434148875197,"Dylan Lee","19996",669276
"Adrian Morejon ","SDP","RP",735.8499755859375,25.6398,-4.776380164132878,-0.8762698179198957,1.5760397571272784,0.8413434634937147,-5.001514296573288,-8.236781058005068,7.7150381293801,0.47825707137503093,"Adrian Morejon","20039",670970
"Davis Martin ","CHW","SP",999,85.635,-0.23793505040243143,-1.461118177442271,-4.1881306911136305,-3.935472890473614,0.5514239511926944,-9.271232858239252,8.544502541217481,0.27326968297822896,"Davis Martin","21448",663436
"Joey Cantillo ","CLE","SP",270.80999755859375,59.643,-1.4624864767373063,-1.461118177442271,-1.6794794396303128,-3.4169454630336213,-1.2754449755535011,-9.295474532397012,8.544502541217481,0.24902800882046805,"Joey Cantillo","23335",676282
"Erik Sabrowski ","CLE","RP",999,22.0558,-5.046423320824491,-1.1557195649010235,1.7704099729448275,0.0017366184183262967,-4.0729777111962875,-8.502974005558647,7.7150381293801,0.21206412382145212,"Erik Sabrowski","24978",681870
"Didier Fuentes ","ATL","SP/RP",600.4400024414062,39.4188,-4.284087374821862,-1.461118177442271,-0.5220616563000205,-0.031747177578670495,-3.0805697732127233,-9.379584159355547,8.544502541217481,0.16491838186193442,"Didier Fuentes","30661",800311
"Kumar Rocker ","TEX","SP",720.72998046875,71.9158,0.21598122050476296,-1.461118177442271,-3.3854540212126953,-3.4028544404660392,-1.4611675907581867,-9.49461300937443,8.544502541217481,0.04988953184305234,"Kumar Rocker","31843",677958
"José A. Ferrer ","SEA","RP",999,26.093,-4.454537652513943,-0.04041583980994927,1.083899516948752,-0.037255185692627715,-5.2991822199537815,-8.747491381021549,7.7150381293801,-0.0324532516414493,"Jose A. Ferrer","24017",678606
"Spencer Miles ","TOR","RP",999,35.4772,-4.011368750436777,-1.461118177442271,0.818020165348933,0.03507327031996471,-4.210951871789078,-8.830345363999228,7.7150381293801,-0.1153072346191284,"Spencer Miles","31621",693686
"Nick Pivetta ","SDP","SP",96.01000213623047,23.228,-4.451039033988721,-1.461118177442271,0.11858445625807151,0.8046684521012893,-4.94517394695949,-9.93407825003112,8.544502541217481,-0.3895757088136411,"Nick Pivetta","15454",601713
"Sean Manaea ","NYM","SP",423.3599853515625,67.1752,0.12154472720410335,-1.461118177442271,-4.598518296778506,-3.336093928107354,-0.7278222480514397,-10.00200792317547,8.544502541217481,-0.45750538195798773,"Sean Manaea","15873",640455
"Joe Musgrove ","SDP","SP",385.6199951171875,37.051,-3.282420733970155,-1.461118177442271,-1.2175223970415656,0.03348355749269859,-4.12161744812307,-10.049195199084362,8.544502541217481,-0.5046926578668818,"Joe Musgrove","12970",605397
"Tyler Rogers ","TOR","RP",743.280029296875,24.9933,-4.400852312163354,-0.894234449185558,1.1284353537198453,0.9174594685012764,-5.981912683430292,-9.231104622558082,7.7150381293801,-0.5160664931779824,"Tyler Rogers","15541",643511
"Elvis Alvarado ","ATH","RP",748.52001953125,24.6739,-4.710134812395498,2.9766429417328304,-1.0418464083672114,-1.8434763362380164,-4.735346177524454,-9.35416079279235,7.7150381293801,-0.6391226634122493,"Elvis Alvarado","21662",665660
"Gabe Speier ","SEA","RP",999,24.6363,-4.6085977104608356,-1.17717730238848,0.4334460525039265,0.5433083894433562,-4.616482830802381,-9.425503401704415,7.7150381293801,-0.7104652723243146,"Gabe Speier","17170",642100
"Bubba Chandler ","PIT","SP",150.00999450683594,67.2122,-0.40534241809962546,-1.461118177442271,-3.2313067091068715,-4.535455863405127,-0.7064343824643999,-10.339657550518295,8.544502541217481,-0.7951550093008142,"Bubba Chandler","29868",696149
"Nick Lodolo ","CIN","SP",127.94999694824219,82.575,-0.06602082725587195,-1.461118177442271,-5.691416567761177,-3.521522450662433,0.39303094510428277,-10.34704707801747,8.544502541217481,-0.8025445367999884,"Nick Lodolo","26378",666157
"Justin Steele ","CHC","SP",605.5,22.528,-4.381047918285146,-1.461118177442271,0.609221286962501,0.4290324163410633,-5.591094430045672,-10.395006822469524,8.544502541217481,-0.8505042812520436,"Justin Steele","17312",657006
"Jeff Hoffman ","TOR","RP",99.63999938964844,20.9289,-4.827091023565019,-0.3278498210855349,0.1090819106037962,0.24902483410915538,-4.788903348454405,-9.585737448392008,7.7150381293801,-0.8706993190119081,"Jeff Hoffman","17432",656546
"Jameson Taillon ","CHC","SP",504.4700012207031,74.074,-0.0633921315641164,-1.461118177442271,-6.093476029881429,-1.3384497792971315,-1.5024737869587934,-10.458909905143742,8.544502541217481,-0.9144073639262609,"Jameson Taillon","11674",592791
"Ryne Nelson ","ARI","SP",251.42999267578125,78.078,0.3051821614888604,-1.461118177442271,-5.380090899123543,-2.826138315801822,-1.115581187361512,-10.477746418240288,8.544502541217481,-0.9332438770228075,"Ryne Nelson","26253",669194
"Shane Baz ","BAL","SP",186.92999267578125,95.472,2.3805152070784774,-1.461118177442271,-6.4018888791457105,-6.397462305959745,1.3622189833768772,-10.517735172092372,8.544502541217481,-0.973232630874892,"Shane Baz","22264",669358
"Drew Anderson ","DET","RP",999,40.839,-4.076327963123088,-1.461118177442271,0.0029035592193285362,-2.026147283699403,-2.1478158095313726,-9.708505674576807,7.7150381293801,-0.9934675451967072,"Drew Anderson","15130",623454
"Robert Gasser ","MIL","SP",748.5800170898438,46.2057,-2.88567404455303,-1.461118177442271,-1.743607272869757,-1.610451520137754,-2.8412259677327074,-10.54207698273552,8.544502541217481,-0.9975744415180388,"Robert Gasser","29812",688107
"Yoendrys Gómez ","MIN","RP",999,23.0834,-5.00507104755665,3.554505029324113,-1.393077158019043,-1.803409936921608,-5.142093504099958,-9.789146617273145,7.7150381293801,-1.0741084878930458,"Yoendrys Gomez","22872",672782
"Connor Prielipp ","MIN","SP",999,54.1876,-1.6443058086985631,-1.461118177442271,-2.2192420157580193,-3.420382347563021,-1.8980173123829382,-10.643065661844812,8.544502541217481,-1.0985631206273312,"Connor Prielipp","31857",687570
"Slade Cecconi ","CLE","SP",584.5599975585938,79.605,-0.5099777556654458,-1.461118177442271,-5.413071041225042,-2.5060427929579414,-0.8339758840206233,-10.724185651311325,8.544502541217481,-1.1796831100938436,"Slade Cecconi","27500",677944
"Aaron Ashby ","MIL","RP",999,28.0342,-4.655211924917802,-0.6796570148234898,1.39988420007113,-1.7229213549998912,-4.249832815645912,-9.907738910315965,7.7150381293801,-1.1927007809358652,"Aaron Ashby","23550",676879
"Grayson Rodriguez ","LAA","SP",397.1099853515625,63.118,-1.5656727922110638,-1.461118177442271,-3.209049416522456,-3.344722756309057,-1.166437490194533,-10.747000632679383,8.544502541217481,-1.2024980914619023,"Grayson Rodriguez","24492",680570
"Shane Drohan ","MIL","SP",999,52.897,-2.560447751502579,-1.461118177442271,-1.9233673513899339,-2.8642902243695283,-2.0232948570889406,-10.832518361793253,8.544502541217481,-1.2880158205757728,"Shane Drohan","27814",675660
"Brad Lord ","WSN","SP/RP",999,44.1166,-4.362586809016523,-0.8258690898322077,-0.08764624198199426,-1.7423393026745897,-3.8279831592114877,-10.846424602716802,8.544502541217481,-1.301922061499321,"Brad Lord","31972",695418
"Caleb Thielbar ","CHC","RP",999,22.7407,-4.6919954653799225,-0.556898721003967,0.18650081639730431,0.05166540765812359,-5.038061444294033,-10.048789406622493,7.7150381293801,-1.3337512772423934,"Caleb Thielbar","10078",573204
"Robert Suarez ","ATL","RP",214.39999389648438,25.97,-4.589245021284021,-0.32535467722710604,-0.03410912203318727,-0.12398836142647958,-4.991578826738495,-10.064276008709289,7.7150381293801,-1.349237879329189,"Robert Suarez","30115",663158
"Ryan Walker ","SFG","RP",144.55999755859375,23.7427,-4.934697566189244,1.822415948045328,-0.43532287038375644,-1.3019191116097117,-5.271193086867093,-10.120716687004478,7.7150381293801,-1.4056785576243782,"Ryan Walker","20423",676254
"Tyler Holton ","DET","RP",999,23.1326,-4.633563221835756,-1.2046232602124076,0.5867694052053143,0.7417960080819749,-5.621882123087499,-10.131503191848372,7.7150381293801,-1.416465062468272,"Tyler Holton","26231",663947
"Robbie Ray ","SFG","SP",166.44000244140625,99.892,1.2831399472763352,-1.461118177442271,-7.265374659027192,-6.694139377830689,3.123642263614234,-11.013850003409582,8.544502541217481,-1.4693474621921014,"Robbie Ray","11486",592662
"Orion Kerkering ","PHI","RP",999,24.8289,-4.440026502487487,-1.179672386759405,0.508144140196337,-0.07331071530170988,-5.017212962477312,-10.202078426829576,7.7150381293801,-1.487040297449476,"Orion Kerkering","31776",689147
"Tyler Alexander ","TEX","SP",999,46.1319,-3.568145978661137,-0.9411420710514518,-2.0890471218160678,-0.6543600160485633,-3.882589582269599,-11.135284769846818,8.544502541217481,-1.590782228629338,"Tyler Alexander","17735",641302
"Tyler Mahle ","SFG","SP",322.7200012207031,60.214,-1.6397221525304273,-1.461118177442271,-2.3742485459536398,-3.471475834670292,-2.23858401710785,-11.18514872770448,8.544502541217481,-1.6406461864870003,"Tyler Mahle","16358",641816
"Trevor Rogers ","BAL","SP",146.07000732421875,88.384,1.7032471586398563,-1.461118177442271,-5.759459440120696,-5.801711880264567,-0.040336789267907326,-11.359379128455586,8.544502541217481,-1.8148765872381039,"Trevor Rogers","22286",669432
"Kevin Kelly ","TBR","RP",999,25.758,-4.822246390546843,-0.817884796050246,0.11488225988521533,0.27999180683987446,-5.43060291970094,-10.67586003957294,7.7150381293801,-1.96082191019284,"Kevin Kelly","25679",687330
"A.J. Minter ","NYM","RP",999,21.7385,-4.785744392056139,-1.461118177442271,0.5685549427315758,0.311745181816374,-5.3341937348055,-10.70075617975596,7.7150381293801,-1.9857180503758602,"A.J. Minter","18655",621345
"Luke Weaver ","NYM","RP",733.510009765625,24.5317,-4.631190043227302,0.3667824292200552,-0.9685138926038184,-0.5902745906834213,-4.941760967572725,-10.764957064867213,7.7150381293801,-2.049918935487113,"Luke Weaver","16918",596133
"Edgardo Henriquez ","LAD","RP",999,20.0715,-4.664918844199938,-1.132764764893511,0.6585589766833974,-0.23050984087898863,-5.403072938347831,-10.77270741163687,7.7150381293801,-2.057669282256772,"Edgardo Henriquez","26944",683618
"J.T. Ginn ","ATH","SP",748.3499755859375,72.2786,0.05417557347997522,-1.461118177442271,-4.4606608783112165,-5.104403298455201,-0.6398289049581105,-11.611835685686824,8.544502541217481,-2.067333144469343,"J.T. Ginn","27889",669372
"Janson Junk ","MIA","SP",999,58.3017,-1.9340498056926019,-1.461118177442271,-3.1585325391045687,-1.7553797081263576,-3.4129474059595775,-11.722027636325377,8.544502541217481,-2.177525095107897,"Janson Junk","23301",676083
"JoJo Romero ","STL","RP",479.0799865722656,27.4341,-4.9663081596600565,0.1227629041010652,0.1482669865487164,-1.2903485896904106,-4.93033226729247,-10.915959125993155,7.7150381293801,-2.200920996613055,"JoJo Romero","19574",668941
"Garrett Cleavinger ","TBR","RP",505.4800109863281,26.5143,-4.767860016147194,-0.817884796050246,-0.28542112699824024,-0.8136391671561142,-4.2491209122110964,-10.93392601856289,7.7150381293801,-2.2188878891827897,"Garrett Cleavinger","17897",664076
"Chad Patrick ","MIL","SP",288.6499938964844,60.2252,-2.7420843632703624,-1.2006311133214267,-3.3460217470236553,-3.0544609087143733,-1.4481280140925823,-11.791326146422401,8.544502541217481,-2.2468236052049204,"Chad Patrick","30113",694477
"Spencer Strider ","ATL","SP",124.86000061035156,31.854,-3.7966337587622836,-1.461118177442271,-1.5286716182558462,-1.1833700528903992,-3.843636720576723,-11.813430327927524,8.544502541217481,-2.268927786710042,"Spencer Strider","27498",675911
"Cody Bradford ","TEX","RP",999,24.2029,-4.637955240191414,-1.461118177442271,-0.10277770359302917,0.696890021397234,-5.503792828450464,-11.008753928279944,7.7150381293801,-2.293715798899843,"Cody Bradford","27597",674003
"Will Vest ","DET","RP",485.7300109863281,23.8653,-4.669901245332117,-0.6921324366781152,0.19445627868334686,-0.7068123818026701,-5.146808903026153,-11.021198688155708,7.7150381293801,-2.3061605587756087,"Will Vest","19769",676684
"Juan Morillo ","ARI","RP",999,22.538,-4.881299773553484,-1.1572165976773274,0.827141360103122,-0.6713982552864456,-5.1624368982242395,-11.045210164638373,7.7150381293801,-2.3301720352582738,"Juan Morillo","21924",666661
"Brandon Sproat ","MIL","SP",528.2000122070312,59.4296,-1.366162360083359,-1.461118177442271,-3.3633691212471106,-3.9221391728664745,-1.7864220320565398,-11.899210863695755,8.544502541217481,-2.354708322478275,"Brandon Sproat","33850",687075
"Clay Holmes ","NYM","SP",330.6300048828125,32.4377,-3.3563714545037997,-1.461118177442271,-0.20638406156303027,-2.010840282383891,-4.890377752270433,-11.925091728163427,8.544502541217481,-2.3805891869459455,"Clay Holmes","13649",605280
"Drew Rom ","MIL","RP",999,21.1122,-5.1628180859812,-1.461118177442271,0.9164996758340339,-0.19686687501111422,-5.2370323226018565,-11.141335785202408,7.7150381293801,-2.4262976558223075,"Drew Rom","24602",680723
"Mason Fluharty ","TOR","RP",999,19.5742,-4.91580240546501,-1.1776763133139145,0.4228933679187533,-0.12231178807624186,-5.388533064166169,-11.181430203102583,7.7150381293801,-2.4663920737224836,"Mason Fluharty","31553",689254
"Shawn Armstrong ","CLE","RP",748.469970703125,24.2381,-4.97973754790364,-1.1557195649010235,-0.02917589276195577,-0.07182403999014653,-4.971540979489887,-11.207998025046653,7.7150381293801,-2.492959895666552,"Shawn Armstrong","12857",542888
"Jason Adam ","SDP","RP",999,24.225,-4.877621346710382,-1.1686939976810835,0.10274144243695717,0.23461411453049794,-5.518132330395289,-11.2270921178193,7.7150381293801,-2.5120539884392,"Jason Adam","11861",592094
"Justin Wrobleski ","LAD","SP",650.3499755859375,62.404,0.5330720971322797,-1.461118177442271,-4.736006823507859,-4.068052901777139,-2.3727519366208347,-12.104857742215827,8.544502541217481,-2.560355200998345,"Justin Wrobleski","31204",680736
"Andrew Morris ","MIN","RP",999,21.6642,-5.08637752982315,-0.6826511398636014,0.24002882235063583,-0.33185585812691465,-5.428071453443243,-11.288927158906274,7.7150381293801,-2.5738890295261743,"Andrew Morris","31891",702193
"Bryan King ","HOU","RP",748.469970703125,23.6652,-4.761745987362609,-0.586340752273385,0.26242495204798394,-0.8122523814961508,-5.408690635904838,-11.306604804988998,7.7150381293801,-2.5915666756088998,"Bryan King","25890",687911
"Bryan Hudson ","CHW","RP",999,24.8403,-5.0532736901497035,-0.6327493929575961,0.3413131052930769,-0.7192806744705909,-5.260596638076764,-11.32458729036158,7.7150381293801,-2.6095491609814787,"Bryan Hudson","19924",663542
"Sam Bachman ","LAA","RP",999,24.1378,-4.929861122821174,0.6651948293177141,-0.21365228393239158,-1.7699865068664968,-5.155884684508713,-11.40418976881106,7.7150381293801,-2.6891516394309614,"Sam Bachman","29754",696147
"Kevin Ginkel ","ARI","RP",556.52001953125,23.2267,-4.879260186692676,-0.8528160367307008,0.015342652855758957,-0.48994972418949123,-5.2173684065296655,-11.424051701286773,7.7150381293801,-2.7090135719066746,"Kevin Ginkel","19876",656464
"Sean Newcomb ","CHW","RP",999,26.3066,-4.975531707593721,-0.6327493929575961,0.26765540242004165,-1.2017746770486524,-4.933660233977091,-11.47606060915702,7.7150381293801,-2.7610224797769196,"Sean Newcomb","16943",656794
"Matt Strahm ","KCR","RP",720.1400146484375,22.6559,-4.863882025708347,-1.461118177442271,-0.3515322617344838,0.390504705854959,-5.217700766702591,-11.503728525732733,7.7150381293801,-2.7886903963526333,"Matt Strahm","13799",621381
"Jack Perkins ","ATH","SP",999,48.7868,-2.5958310437888223,-1.461118177442271,-2.378226021352301,-3.621403287785711,-2.292967203877205,-12.34954573424631,8.544502541217481,-2.8050431930288293,"Jack Perkins","31468",678022
"Evan Sisk ","PIT","RP",999,22.1237,-4.976931591785149,-1.17717730238848,0.8120905470058318,-1.2384648842058672,-4.961193541010479,-11.541676772384143,7.7150381293801,-2.8266386430040424,"Evan Sisk","24995",681895
"Jakob Junis ","TEX","RP",999,22.2016,-4.892162525453892,-0.1611779709527261,-0.8359301330660724,0.0036900135805169078,-5.677204606680775,-11.562785222572948,7.7150381293801,-2.8477470931928486,"Jakob Junis","13619",596001
"Tyler Wells ","BAL","RP",748.469970703125,20.8914,-4.788874840311047,-1.200132102395992,-0.5219598521238631,0.49776934943208945,-5.558888542219686,-11.572085987618498,7.7150381293801,-2.857047858238399,"Tyler Wells","20000",669330
"Michael McGreevy ","STL","SP",715.3800048828125,77.8874,-0.44755369466745876,-1.461118177442271,-4.383700257497467,-3.991413048965614,-2.162280440196712,-12.446065618769524,8.544502541217481,-2.901563077552043,"Michael McGreevy","29869",700241
"Bryce Elder ","ATL","SP",740.5499877929688,86.976,1.1206085152599439,-1.461118177442271,-5.825899332343292,-5.925466530225615,-0.3659408427056354,-12.457816367456871,8.544502541217481,-2.913313826239389,"Bryce Elder","27779",693821
"Blake Treinen ","LAD","RP",999,21.405,-4.61294222884588,-0.8039123116755649,-0.3142665416370927,-0.6271724271644963,-5.308940805168712,-11.667234314491747,7.7150381293801,-2.952196185111647,"Blake Treinen","12572",595014
"Nick Martinez ","TBR","SP",738.3400268554688,81.36,-0.43641285864789997,-1.461118177442271,-6.145389662338457,-2.4359696320166186,-2.0181629167077477,-12.497053247152992,8.544502541217481,-2.9525507059355114,"Nick Martinez","12730",607259
"Camilo Doval ","NYY","RP",663.6500244140625,25.4142,-4.511728891078736,-1.1637038289392334,0.16138434293731907,-1.2376310384595124,-4.955611802371493,-11.707291217911653,7.7150381293801,-2.992253088531555,"Camilo Doval","21992",666808
"José Alvarado ","PHI","RP",746.0700073242188,24.0928,-4.558865423220232,-1.461118177442271,0.1542289852089445,-0.9856882822902663,-4.867211063443934,-11.718653961187758,7.7150381293801,-3.0036158318076582,"Jose Alvarado","17780",621237
"Trevor McDonald ","SFG","SP",748.5800170898438,48.4486,-2.3846894885885552,-1.461118177442271,-1.7301841891669103,-3.4399993498634425,-3.543367699507681,-12.559358904568862,8.544502541217481,-3.01485636335138,"Trevor McDonald","26448",686790
"Tatsuya Imai ","HOU","SP",999,64.692,-0.685021153121341,-1.461118177442271,-4.028668641059216,-5.6621325473020505,-0.7272244570212124,-12.564164975946092,8.544502541217481,-3.0196624347286107,"Tatsuya Imai","37124",837227
"Kirby Yates ","LAA","RP",269.42999267578125,23.3936,-5.029383934814245,1.1971473168939726,-1.5211187146851937,-1.681135445891772,-4.719660190776494,-11.75415096927373,7.7150381293801,-3.0391128398936322,"Kirby Yates","9073",489446
"Colin Holderman ","CLE","RP",999,23.5107,-5.004630808365404,-1.461118177442271,0.32237665166715546,-0.5195133178570789,-5.100280973076808,-11.763166625074406,7.7150381293801,-3.048128495694308,"Colin Holderman","22361",670059
"Anthony Bender ","MIA","RP",999,22.4721,-5.163081610722383,-0.5958221085754026,-0.2258835279895925,-0.60196325491637,-5.190187205895861,-11.776937708099611,7.7150381293801,-3.061899578719511,"Anthony Bender","19742",669622
"Andre Pallante ","STL","SP",999,78.316,-0.6695554538769912,-1.461118177442271,-3.010215710918872,-5.885309834769742,-1.5915392462322036,-12.617738423240079,8.544502541217481,-3.0732358820225985,"Andre Pallante","26108",669467
"Foster Griffin ","WSN","SP",999,85.965,-0.9410503625440361,-1.461118177442271,-6.166529186317041,-4.685258759967991,0.6074874379232305,-12.64646904834811,8.544502541217481,-3.101966507130628,"Foster Griffin","16432",656492
"Jacob Webb ","CHC","RP",999,23.4425,-4.696228422531303,-0.2549932146845135,-0.7914928370918471,-0.9556585882462577,-5.133155738348994,-11.831528800902914,7.7150381293801,-3.116490671522815,"Jacob Webb","19274",657097
"Alex Lange ","KCR","RP",999,23.3693,-4.937541376690447,3.4332437980246464,-1.8815945269795362,-3.3605103012393176,-5.135471866808598,-11.881874273693255,7.7150381293801,-3.1668361443131543,"Alex Lange","19883",656638
"Jake Bennett ","BOS","SP",999,26.6173,-4.238667757327002,-1.461118177442271,-0.6735907219744474,-0.9021752032328914,-5.441671615090948,-12.717223475067563,8.544502541217481,-3.17272093385008,"Jake Bennett","31959",687562
"Braxton Garrett ","MIA","SP",604.1099853515625,38.998,-3.6093366428335556,-1.461118177442271,-1.9267555045704754,-1.6667695595545242,-4.06982164061111,-12.73380152501194,8.544502541217481,-3.1892989837944574,"Braxton Garrett","21844",666129
"Robby Ahlstrom ","TEX","RP",999,20.1394,-5.002876039336056,-1.2011301242468613,0.14542399351136595,-0.4609829127901747,-5.518008240949863,-12.037573323811587,7.7150381293801,-3.322535194431488,"Robby Ahlstrom","30167",695239
"Steven Okert ","HOU","RP",999,22.2627,-4.8673821001713655,-1.461118177442271,-0.5639243841258462,-0.05182258390620679,-5.094822492463178,-12.039069738108868,7.7150381293801,-3.3240316087287667,"Steven Okert","13580",595345
"Braydon Fisher ","TOR","RP",999,21.6063,-4.766519461420976,-0.894234449185558,-0.19338402377365052,-1.0680628100330276,-5.129603911810564,-12.051804656223776,7.7150381293801,-3.336766526843676,"Braydon Fisher","24609",680755
"Cole Winn ","TEX","RP",999,20.8268,-4.939397697381108,-0.6811540773435455,-0.06752929352836957,-0.8996163315201565,-5.538079137146249,-12.125776536919428,7.7150381293801,-3.410738407539327,"Cole Winn","22113",668390
"Bailey Ober ","MIN","SP",494.3399963378906,63.96,-1.4373187720008846,-1.461118177442271,-6.170528556063078,-1.5148257674749819,-2.412081015895321,-12.995872288876535,8.544502541217481,-3.4513697476590552,"Bailey Ober","21224",641927
"Chase Silseth ","LAA","RP",999,23.3936,-4.995069300870703,-0.30938608966318254,-0.5450065060380492,-1.2957553440303127,-5.026305580216287,-12.171522820818534,7.7150381293801,-3.456484691438435,"Chase Silseth","30074",681217
"Hunter Gaddis ","CLE","RP",999,25.6931,-4.868213622645446,-0.8503209523597758,-1.0662142990298402,-0.2397258695229621,-5.1853556160149035,-12.20983035957293,7.7150381293801,-3.4947922301928296,"Hunter Gaddis","25636",683769
"Andrew Alvarez ","WSN","SP",999,58.3561,-2.8110506807573574,-1.461118177442271,-1.6475872657021027,-4.891829611305402,-2.2624154262802,-13.074001161487335,8.544502541217481,-3.5294986202698535,"Andrew Alvarez","29914",674841
"Erik Miller ","SFG","RP",999,22.3293,-4.961224752843238,-0.5079950554363346,0.3951660070127573,-2.03020393473254,-5.155961383010157,-12.260219119009511,7.7150381293801,-3.5451809896294115,"Erik Miller","26252",669062
"Andrew Kittredge ","BAL","RP",745.8499755859375,21.5793,-4.829850389674019,-0.678159952303434,-0.7518444628423955,-0.5007039330705442,-5.501097364583987,-12.261656102474378,7.7150381293801,-3.5466179730942784,"Andrew Kittredge","12828",552640
"Kodai Senga ","NYM","SP",223.52000427246094,60.841,-0.9634714406271779,-1.461118177442271,-3.792239830608813,-5.808881758036028,-1.1010887041238326,-13.126799910838123,8.544502541217481,-3.582297369620642,"Kodai Senga","31838",673540
"Lucas Erceg ","KCR","RP",490.70001220703125,24.0827,-4.8087849716717335,0.7979333416459299,-0.7230683568501693,-2.0185482834677506,-5.547086326473046,-12.299554596816769,7.7150381293801,-3.5845164674366696,"Lucas Erceg","19360",668674
"David Festa ","MIN","SP",999,23.3456,-4.852698967492687,-1.461118177442271,-0.9746321247273295,-0.913922555174023,-5.0382597379806935,-13.240631562817002,8.544502541217481,-3.696129021599522,"David Festa","30056",701581
"Andrew Abbott ","CIN","SP",221.92999267578125,89.104,0.35013351298988893,-1.461118177442271,-7.244144276564408,-4.931605456191148,-0.0018037947103088428,-13.28853819191825,8.544502541217481,-3.744035650700768,"Andrew Abbott","29911",671096
"Mason Montgomery ","PIT","RP",748.4400024414062,22.8263,-4.959352780821264,-0.8932364273346886,-0.25123738229857545,-1.4622843808097206,-4.932755233231051,-12.498866204495299,7.7150381293801,-3.7838280751151974,"Mason Montgomery","29770",682254
"Max Scherzer ","TOR","SP",546.9299926757812,52.8934,-1.6094939719974841,-1.461118177442271,-5.495288673082162,-2.211222353352003,-2.5535384108707784,-13.330661586744698,8.544502541217481,-3.7861590455272163,"Max Scherzer","3137",453286
"Phil Maton ","CHC","RP",743.3800048828125,22.7407,-4.791463315721171,-1.1597117117920044,-0.4642406560341253,-1.0283040631032507,-5.073207025632016,-12.516926772282565,7.7150381293801,-3.8018886429024654,"Phil Maton","18064",664208
"Sean Burke ","CHW","SP",748.5599975585938,83.79,-0.7428524583399634,-1.461118177442271,-6.812919525477827,-5.176908234537494,0.8129645939877213,-13.380833801809835,8.544502541217481,-3.836331260592355,"Sean Burke","29878",680732
"Mike Paredes ","MIN","RP",999,33.6353,-4.372080797395906,-1.461118177442271,-1.4887562210762162,-0.6457366817327574,-4.589471863427881,-12.557163741075033,7.7150381293801,-3.842125611694933,"Mike Paredes","30187",702474
"Shane Smith ","CHW","SP",245.5399932861328,42.68,-3.559163570425033,-1.461118177442271,-2.451345307195623,-2.514394590035054,-3.453732717486419,-13.4397543625844,8.544502541217481,-3.8952518213669194,"Shane Smith","31687",681343
"Matt Svanson ","STL","RP",528.7999877929688,23.0282,-5.257419646229549,-1.461118177442271,0.1695552465865321,-0.7809101546308294,-5.337391584249188,-12.667284315965306,7.7150381293801,-3.9522461865852048,"Matt Svanson","29629",694335
"Rico Garcia ","BAL","RP",999,22.9552,-4.688161799169258,-0.678159952303434,-1.1688031510035257,-1.2042431995329954,-4.943870695999988,-12.683238798009203,7.7150381293801,-3.968200668629102,"Rico Garcia","20023",670329
"Bryan Abreu ","HOU","RP",181.6999969482422,22.2627,-4.929947205143398,-1.1696920492757046,-0.5382374571166991,-1.165838216280066,-4.906269931195717,-12.709984859011584,7.7150381293801,-3.9949467296314856,"Bryan Abreu","16609",650556
"Justin Slaten ","BOS","RP",999,26.075,-4.646057170045026,-1.1661989133101585,-1.0037423515290063,-0.991106949513901,-4.921315932344904,-12.728421316742995,7.7150381293801,-4.013383187362896,"Justin Slaten","25648",686580
"Will Klein ","LAD","RP",999,23.4052,-4.449734331730745,-0.8039123116755649,-0.3435837186806859,-2.3032365885030273,-4.835587169666848,-12.73605412025687,7.7150381293801,-4.021015990876771,"Will Klein","27787",694361
"Dylan Smith ","SFG","RP",999,21.6225,-5.058132336569171,-1.143244113302646,-0.16998305353310267,-1.0419825815301655,-5.3612726707707115,-12.774614755705798,7.7150381293801,-4.059576626325698,"Dylan Smith","30145",681916
"Yennier Cano ","BAL","RP",999,21.5793,-4.816713280943101,-1.200132102395992,-0.2381018397960195,-0.9433418997803774,-5.580533524463329,-12.778822647378819,7.7150381293801,-4.0637845179987195,"Yennier Cano","25911",666974
"Kai-Wei Teng ","HOU","SP",999,43.3418,-3.4533602067618925,-1.461118177442271,-2.3403136821089854,-3.8242201651984007,-2.542068971007099,-13.62108120251865,8.544502541217481,-4.076578661301167,"Kai-Wei Teng","24282",678906
"Jake Bird ","NYY","RP",999,19.7473,-5.042596388326136,-1.461118177442271,-0.14357342510785223,-0.8397935142501127,-5.3781060172150745,-12.865187522341449,7.7150381293801,-4.150149392961348,"Jake Bird","21267",656234
"Brent Headrick ","NYY","RP",999,23.9975,-4.699892108004215,-1.1637038289392334,-1.0129808812122865,-1.0238118334262385,-4.967664483414176,-12.868053134996149,7.7150381293801,-4.15301500561605,"Brent Headrick","27702",687396
"Dylan Dodd ","ATL","RP",999,23.1248,-4.892536519475393,-1.461118177442271,-0.6235323044295089,-0.6656433903295585,-5.227054242488483,-12.869884634165215,7.7150381293801,-4.154846504785115,"Dylan Dodd","29928",689266
"Peter Lambert ","HOU","SP",999,50.573,-1.8886889716862802,-1.461118177442271,-3.8348006198411926,-3.5717804641498665,-2.948629643776921,-13.705017876896532,8.544502541217481,-4.160515335679052,"Peter Lambert","17969",663567
"Zebby Matthews ","MIN","SP",488.6400146484375,71.7549,-0.26949031823697267,-1.461118177442271,-6.8299969720818225,-4.1933680336430434,-0.9616221445056485,-13.715595645909756,8.544502541217481,-4.171093104692277,"Zebby Matthews","31827",805673
"Yuki Matsui ","SDP","RP",999,20.6881,-5.175544984237925,-1.461118177442271,-0.283985339533139,-0.5267227945832794,-5.459538000972108,-12.906909296768722,7.7150381293801,-4.191871167388621,"Yuki Matsui","33826",673513
"Ryan Fernandez ","STL","RP",999,21.5596,-5.374989444184222,-1.461118177442271,-0.17726158677919948,-0.7372092902610341,-5.162391793685449,-12.912970292352178,7.7150381293801,-4.197932162972077,"Ryan Fernandez","24862",681676
"Jonah Tong ","NYM","SP",722.8099975585938,20.5808,-4.8039417945913545,-1.461118177442271,-0.7109098584864906,-1.370651903307729,-5.437426799924293,-13.784048533752138,8.544502541217481,-4.239545992534657,"Jonah Tong","32157",804636
"Brandon Pfaadt ","ARI","SP",588.5999755859375,44.6931,-2.834016643560876,-1.461118177442271,-3.5630738020544834,-2.07417485378576,-3.852388663942074,-13.784772140785465,8.544502541217481,-4.240269599567986,"Brandon Pfaadt","27782",694297
"Steven Cruz ","KCR","RP",999,21.2292,-4.989156373494275,-1.461118177442271,-0.19405579703129322,-1.0052037821774695,-5.369456338518315,-13.018990468663626,7.7150381293801,-4.3039523392835255,"Steven Cruz","23165",674444
"Stephen Kolek ","KCR","SP",999,67.3064,-0.27278073765728145,-1.461118177442271,-4.367848767521352,-5.038094303044574,-2.7164098611654754,-13.856251846830954,8.544502541217481,-4.311749305613475,"Stephen Kolek","21487",663568
"Ryan Zeferjahn ","LAA","RP",999,21.9053,-5.125992687307426,-0.3977121834714371,-0.8823458471790234,-1.7547822723800361,-4.866107561156216,-13.02694055149414,7.7150381293801,-4.3119024221140405,"Ryan Zeferjahn","25420",666171
"Greg Weissert ","BOS","RP",999,25.3516,-4.691493166840097,-1.1661989133101585,-1.0444968939201578,-0.9206726371528298,-5.220873049979131,-13.043734661202372,7.7150381293801,-4.328696531822273,"Greg Weissert","20375",669711
"Samy Natera Jr. ","LAA","RP",999,22.6494,-5.047378052034609,-1.461118177442271,-0.6109280602856045,-1.4216720066295134,-4.592597795035526,-13.133694091427525,7.7150381293801,-4.418655962047424,"Samy Natera Jr.","31936",696519
"River Ryan ","LAD","SP",675.5399780273438,20.004,-4.43976843751304,-1.461118177442271,-1.1314779279498357,-1.1175347329631147,-5.817896055916876,-13.967795331785139,8.544502541217481,-4.423292790567656,"River Ryan","29514",689981
"Sam Moll ","CIN","RP",999,23.4916,-5.007757980760268,-0.8892442804437076,-0.4984578370623474,-1.5632389955408745,-5.193943769626492,-13.152642863433691,7.7150381293801,-4.437604734053592,"Sam Moll","14874",594580
"Fernando Cruz ","NYY","RP",999,25.4142,-4.593727125790845,-1.1637038289392334,-1.5339683545474385,-1.7815647343951069,-4.0974742564245235,-13.170438300097148,7.7150381293801,-4.455400170717048,"Fernando Cruz","7048",518585
"Joe Boyle ","TBR","SP",713.1400146484375,46.1302,-3.2858450996677506,-1.461118177442271,-2.440757066743268,-4.3220133620799235,-2.5012803337999787,-14.011014039733192,8.544502541217481,-4.466511498515712,"Joe Boyle","29608",671212
"Brent Suter ","LAA","RP",999,23.3936,-4.994739894944224,-1.461118177442271,-0.4508205626227187,-0.6038304130190952,-5.671660074089914,-13.182169122118225,7.7150381293801,-4.467130992738124,"Brent Suter","13942",608718
"Eduard Bazardo ","SEA","RP",999,24.6363,-4.674981558281116,-1.17717730238848,-1.2276571367777394,-1.0307013148415218,-5.109493315305842,-13.2200106275947,7.7150381293801,-4.5049724982146,"Eduard Bazardo","20997",660825
"Mike Burrows ","HOU","SP",237.9499969482422,55.273,-1.4858349871968803,-1.461118177442271,-5.0692123280957695,-3.598347468463226,-2.4576873166972293,-14.072200277895377,8.544502541217481,-4.5276977366778945,"Mike Burrows","24728",681347
"Ryan Yarbrough ","NYY","RP",999,20.4557,-4.952041971167878,-1.461118177442271,-0.6309702942046331,-0.3503291314164139,-5.854774940245493,-13.24923451447669,7.7150381293801,-4.534196385096588,"Ryan Yarbrough","16502",642232
"Yusei Kikuchi ","LAA","SP",506.57000732421875,53.334,-2.5649593387497838,-1.461118177442271,-4.082887251226927,-4.020219710740492,-1.959063915302163,-14.088248393461637,8.544502541217481,-4.543745852244155,"Yusei Kikuchi","20633",579328
"Daniel Lynch IV ","KCR","RP",999,24.0827,-4.79884382839657,-0.6137867398410647,-0.9970644224749032,-1.3825556734122058,-5.523693491387546,-13.315944155512291,7.7150381293801,-4.60090602613219,"Daniel Lynch IV","21537",663738
"Brooks Raley ","NYM","RP",999,23.1351,-4.794555181624469,-0.8518180148798317,-1.0647802080058382,-1.5908838257936353,-5.0140469148512965,-13.31608414515507,7.7150381293801,-4.601046015774971,"Brooks Raley","10061",548384
"Adam Macko ","TOR","RP",999,26.8483,-4.887806905543148,-1.461118177442271,-0.7039301634945975,-1.55693519622187,-4.732484637499023,-13.342275080200908,7.7150381293801,-4.62723695082081,"Adam Macko","25590",671936
"Spencer Arrighetti ","HOU","SP",728.3099975585938,83.6992,1.4262484411172267,-1.461118177442271,-7.44749821494551,-7.7211070822538295,1.021321789174197,-14.182153244350188,8.544502541217481,-4.637650703132706,"Spencer Arrighetti","29921",681293
"Ryan Rolison ","CHC","RP",999,20.6353,-4.948097107707998,-1.1597117117920044,-0.5185312005992408,-1.0115124350647569,-5.723504935385996,-13.361357390549996,7.7150381293801,-4.646319261169896,"Ryan Rolison","22200",669020
"Kyle Hurt ","LAD","RP",999,19.4048,-4.838295920847628,-1.461118177442271,-0.36200866652410996,-1.539718087711163,-5.1965089083970195,-13.39764976092219,7.7150381293801,-4.682611631542091,"Kyle Hurt","27514",669165
"Tim Mayza ","PHI","RP",999,21.8845,-4.7885135857452665,-1.461118177442271,-0.4280233649099476,-1.1577413597023891,-5.572324290548577,-13.40772077834845,7.7150381293801,-4.692682648968351,"Tim Mayza","15042",641835
"Tim Herrin ","CLE","RP",999,22.7832,-5.07637086934714,-1.461118177442271,-0.07099740317780537,-1.4759022135829407,-5.332231791295655,-13.41662045484581,7.7150381293801,-4.7015823254657105,"Tim Herrin","25139",682120
"Jonathan Loáisiga ","ARI","RP",999,22.538,-4.956854209570079,-1.1572165976773274,-0.4400920765566456,-0.9125134999958754,-5.961010990729101,-13.427687374529027,7.7150381293801,-4.712649245148927,"Jonathan Loaisiga","19753",642528
"Sam Hentges ","SFG","RP",999,22.3293,-5.047412448565054,-0.8253700491630211,-0.3925734982310393,-1.740155221402565,-5.458818614756664,-13.464329832118343,7.7150381293801,-4.749291702738244,"Sam Hentges","18548",656529
"Griffin Canning ","SDP","SP",999,59.7299,-1.077707596008207,-1.461118177442271,-4.38575529870384,-5.451486251220332,-1.9300939143880613,-14.30616123776271,8.544502541217481,-4.76165869654523,"Griffin Canning","19867",656288
"Hoby Milner ","CHC","RP",999,21.3371,-4.904175286221388,-1.1597117117920044,-0.5375378078291372,-0.7684378424291105,-6.124801575911025,-13.494664224182666,7.7150381293801,-4.779626094802565,"Hoby Milner","13346",571948
"Danny Coulombe ","BOS","RP",999,23.1813,-4.845899555990355,-1.461118177442271,-0.8242653620384238,-0.8777928869208559,-5.495179940091796,-13.504255922483704,7.7150381293801,-4.789217793103603,"Danny Coulombe","13293",543056
"Justin Sterner ","ATH","RP",547.0499877929688,23.1845,-4.84583931656402,-0.592827983535291,-1.9532449356522896,-0.9689734674581297,-5.149410208569718,-13.51029591177945,7.7150381293801,-4.79525778239935,"Justin Sterner","27694",686993
"Troy Melton ","DET","SP",743.22998046875,54.6141,-2.118637239389638,-1.461118177442271,-4.614038044277656,-3.4044566536107697,-2.742691465283694,-14.340941580004031,8.544502541217481,-4.7964390387865485,"Troy Melton","31807",675512
"Noah Schultz ","CHW","SP",999,59.88,-2.3106430401447846,-1.461118177442271,-3.8394839845556468,-4.6406054078911945,-2.114669169896344,-14.36651977993024,8.544502541217481,-4.822017238712758,"Noah Schultz","32056",702273
"Hunter Dobbins ","STL","SP",999,62.0234,-2.5319434013208064,-1.461118177442271,-3.1625322525223676,-4.813916461377519,-2.411333153542485,-14.38084344620545,8.544502541217481,-4.836340904987969,"Hunter Dobbins","30240",690928
"Kendry Rojas ","MIN","RP",999,28.4904,-4.612425370928089,-1.461118177442271,-0.9748224916043771,-1.7858209567882781,-4.730602302460866,-13.56478929922388,7.7150381293801,-4.849751169843781,"Kendry Rojas","29423",696070
"Dax Fulton ","MIA","SP",999,42.9154,-4.208612469407405,-1.461118177442271,-1.2555084530634157,-3.915746098739375,-3.5751233733658383,-14.416108572018304,8.544502541217481,-4.871606030800824,"Dax Fulton","27757",690978
"Nick Davila ","SEA","RP",999,21.7228,-4.8989377319903555,-1.461118177442271,-0.6876538664185231,-0.849428506244954,-5.725344244435537,-13.622482526531641,7.7150381293801,-4.907444397151542,"Nick Davila","27741",689546
"Travis Adams ","MIN","RP",999,36.5829,-4.683948679170356,-0.6826511398636014,-1.9298908170951319,-2.3510779043691428,-3.9863720081995497,-13.633940548697783,7.7150381293801,-4.918902419317684,"Travis Adams","30180",701519
"John Schreiber ","KCR","RP",999,23.3693,-4.854156543219305,-1.1786743649085358,-0.7856094479079141,-1.2931293249706326,-5.608546145166991,-13.720115826173378,7.7150381293801,-5.005077696793278,"John Schreiber","20020",670167
"Alex Hoppe ","SEA","RP",999,22.4512,-4.868338469311505,-1.461118177442271,-0.4994247587221345,-1.785663051843786,-5.153823178445503,-13.768367635765197,7.7150381293801,-5.053329506385097,"Alex Hoppe","31880",695380
"Grant Wolfram ","BAL","RP",999,19.5156,-5.009123468421253,-1.461118177442271,-0.3618737003449508,-1.3968644573544722,-5.551841841417612,-13.780821644980557,7.7150381293801,-5.065783515600459,"Grant Wolfram","21623",664991
"Max Rajcic ","STL","RP",999,22.2939,-5.329824160823206,-1.461118177442271,-0.6631571852095722,-0.8275400396060414,-5.50068726663453,-13.78232682971562,7.7150381293801,-5.067288700335521,"Max Rajcic","31873",691008
"Grant Anderson ","MIL","RP",999,24.9578,-4.941731019692379,-1.2006311133214267,-1.291385610709609,-1.2649905972581046,-5.132874302655348,-13.831612643636868,7.7150381293801,-5.116574514256767,"Grant Anderson","20546",681982
"Hogan Harris ","ATH","RP",618.1699829101562,25.4185,-4.689323819523167,0.5648922353490132,-1.75491253079945,-3.1553097858493646,-4.81079983526918,-13.845453736092148,7.7150381293801,-5.130415606712049,"Hogan Harris","21520",663687
"Brandon Eisert ","CHW","RP",999,22.6409,-5.279863837325211,-1.461118177442271,-0.8539641290587227,-0.9294346084163396,-5.321995347395573,-13.846376099638116,7.7150381293801,-5.131337970258018,"Brandon Eisert","27668",685126
"James Karinchak ","ATL","RP",999,21.7023,-4.992313210621746,-1.461118177442271,-0.9610552454762913,-1.8480389129502368,-4.585273607785137,-13.847799154275682,7.7150381293801,-5.132761024895582,"James Karinchak","20151",675916
"Max Lazar ","PHI","RP",999,18.9401,-5.058855573669631,-1.461118177442271,-0.8161971826456633,-0.5631977367025154,-5.951501104042567,-13.85086977450265,7.7150381293801,-5.13583164512255,"Max Lazar","23426",676661
"Josh Simpson ","SEA","RP",999,19.5377,-5.08543863193657,-1.461118177442271,-0.28479148503021756,-1.608529035223011,-5.423816661235748,-13.86369399086782,7.7150381293801,-5.14865586148772,"Josh Simpson","25957",681006
"Cade Povich ","BAL","SP",999,22.9527,-4.695923403562916,-1.461118177442271,-1.5721857275088211,-1.5816799270215727,-5.398277099529879,-14.70918433506546,8.544502541217481,-5.164681793847979,"Cade Povich","30055",700249
"Tim Hill ","NYY","RP",999,23.9975,-4.644226692250254,-1.461118177442271,-0.12249285135921484,-1.3362209988601295,-6.329719498051029,-13.893778217962897,7.7150381293801,-5.178740088582797,"Tim Hill","16814",657612
"Brad Keller ","PHI","RP",745.9099731445312,21.1484,-4.838472089321017,-0.8982265960765389,-0.5935666330666789,-2.0739865729803237,-5.491803751043124,-13.896055642487681,7.7150381293801,-5.181017513107581,"Brad Keller","15734",641745
"Gage Jump ","ATH","SP",999,64.48,-1.3657128392886597,-1.461118177442271,-5.360975426027713,-5.4930426968725365,-1.05809846657173,-14.738947606202911,8.544502541217481,-5.19444506498543,"Gage Jump","35418",695611
"John King ","MIA","RP",999,21.0702,-5.284254763727522,-1.1726861445720644,-0.28993705152439475,-1.0752544700994615,-6.094062728798303,-13.916195158721747,7.7150381293801,-5.201157029341647,"John King","22051",667463
"Yohan Ramírez ","PIT","RP",999,20.7186,-5.132164407627201,-1.461118177442271,-0.6232065303703274,-1.3960166572712622,-5.311465412210834,-13.923971184921896,7.7150381293801,-5.208933055541796,"Yohan Ramirez","19444",670990
"Brandon Young ","BAL","SP",999,52.8603,-1.410363175650242,-1.461118177442271,-4.532005333771819,-4.064000400577071,-3.3242411201563455,-14.791728207597748,8.544502541217481,-5.247225666380267,"Brandon Young","27819",687064
"Kyle Finnegan ","DET","RP",639.030029296875,23.8653,-4.714441476397831,-0.4356374897044998,-1.4837712564135213,-1.8596445317903414,-5.479393767225418,-13.972888521531612,7.7150381293801,-5.257850392151512,"Kyle Finnegan","15009",640448
"Carmen Mlodzinski ","PIT","SP",745.6199951171875,46.2631,-3.504611765093245,-1.461118177442271,-2.3720853798054953,-3.8798943897852185,-3.5857181593160288,-14.803427871442258,8.544502541217481,-5.258925330224778,"Carmen Mlodzinski","27572",669387
"Ryan Thompson ","ARI","RP",748.4299926757812,19.0941,-5.227232413947134,-1.461118177442271,-0.37116999758137914,-0.7701358558603534,-6.147747106998943,-13.977403551830081,7.7150381293801,-5.262365422449982,"Ryan Thompson","16647",657044
"Martín Pérez ","ATL","SP",999,62.5882,-0.70114166038971,-1.461118177442271,-4.510461000546777,-5.860234212833034,-2.317351923106045,-14.850306974317837,8.544502541217481,-5.305804433100356,"Martin Perez","6902",527048
"Ryan Johnson ","LAA","RP",999,25.8845,-4.8617157722592355,-1.461118177442271,-1.4201050854061672,-0.9846239172542899,-5.299654466553461,-14.027217418915422,7.7150381293801,-5.3121792895353215,"Ryan Johnson","35325",696270
"Huascar Brazobán ","NYM","RP",999,22.4368,-4.791444206537592,-1.156218575826458,-0.7104809933788687,-1.9861392632866046,-5.3874430724545865,-14.031726111484108,7.7150381293801,-5.316687982104008,"Huascar Brazoban","6107",623211
"Justin Verlander ","DET","SP",658.8499755859375,68.808,-1.0644148839252778,-1.461118177442271,-6.576941401721089,-4.330582848723261,-1.4791092201556681,-14.912166531967568,8.544502541217481,-5.367663990750086,"Justin Verlander","8700",434378
"Reynaldo López ","ATL","SP",302.9100036621094,48.362,-3.274473133522982,-1.461118177442271,-3.681754641146475,-3.592235774007376,-2.907673059715689,-14.917254785834793,8.544502541217481,-5.3727522446173115,"Reynaldo Lopez","16400",625643
"David Peterson ","NYM","SP",452.0400085449219,40.1061,-3.2510379947645105,-1.461118177442271,-1.745438119732737,-4.600545302659595,-3.8890655131937155,-14.947205107792831,8.544502541217481,-5.40270256657535,"David Peterson","20302",656849
"Brock Burke ","CIN","RP",999,24.2131,-5.002935550793492,-0.6033073616881779,-1.4859126356868466,-1.628924699850556,-5.400035760832642,-14.121116008851716,7.7150381293801,-5.406077879471616,"Brock Burke","17968",656271
"Javier Assad ","CHC","SP/RP",999,35.0511,-4.041089172663157,-1.461118177442271,-2.104275823509355,-2.5261070167407107,-4.882498592123414,-15.015088782478907,8.544502541217481,-5.470586241261427,"Javier Assad","21741",665871
"Jimmy Herget ","COL","RP",999,27.3394,-4.797206080367623,-0.9506234273534693,-2.174603333565757,-1.4109209345793219,-4.858186830005705,-14.191540605871875,7.7150381293801,-5.476502476491776,"Jimmy Herget","17556",623474
"Logan Allen ","CLE","SP",999,51.8719,-2.726364238896058,-1.461118177442271,-3.4424992996226567,-4.446369121494582,-2.9512332357256783,-15.027584073181247,8.544502541217481,-5.483081531963767,"Logan Allen","27589",671106
"Ryan Gusto ","MIA","SP",999,46.0887,-3.1753346891082126,-1.461118177442271,-3.5442699965179814,-3.1613340495288362,-3.7038691868932503,-15.045926099490549,8.544502541217481,-5.5014235582730695,"Ryan Gusto","26440",687473
"Mason Englert ","TBR","SP",999,50.2034,-3.440316824026631,-1.461118177442271,-4.4405006047240825,-2.3775857345690308,-3.3769884879382563,-15.096509828700272,8.544502541217481,-5.552007287482792,"Mason Englert","22288",669438
"Jonathan Bowlan ","PHI","RP",999,24.0928,-4.629518990621258,-1.461118177442271,-1.36131359006641,-1.7879474479168254,-5.071573700904781,-14.311471906951548,7.7150381293801,-5.596433777571446,"Jonathan Bowlan","24607",680742
"Mick Abel ","MIN","SP",298.7799987792969,53.1738,-1.9849057129277288,-1.461118177442271,-4.521739933954704,-4.864703669804459,-2.311753556065662,-15.144221050194824,8.544502541217481,-5.599718508977344,"Mick Abel","27756",690953
"Chris Bassitt ","BAL","SP",359.3599853515625,71.201,-0.11839163776835791,-1.461118177442271,-5.991585884031167,-6.1334857411993955,-1.4878769605023467,-15.19245840094354,8.544502541217481,-5.647955859726058,"Chris Bassitt","12304",605135
"Luinder Avila ","KCR","SP/RP",999,32.0751,-4.144093495912339,-1.461118177442271,-1.7683206351242189,-3.0783539926612318,-4.792585500088785,-15.244471801228848,8.544502541217481,-5.699969260011366,"Luinder Avila","24452",679883
"DJ Herz ","WSN","RP",999,19.1871,-5.517407823509527,-1.461118177442271,-0.5320530364787824,-1.4198313528223514,-5.493237534953592,-14.423647925206524,7.7150381293801,-5.708609795826424,"DJ Herz","26389",687792
"Karson Milbrandt ","MIA","RP",999,21.5723,-5.147628832925978,-1.461118177442271,-0.7716852470114489,-1.575790523856858,-5.474918440844395,-14.431141222080951,7.7150381293801,-5.716103092700852,"Karson Milbrandt","sa3020659",703596
"Brayan Bello ","BOS","SP",421.4100036621094,58.0253,-1.4393356098336203,-1.461118177442271,-3.865066639289217,-5.402597540586492,-3.1490629899876237,-15.317180957139225,8.544502541217481,-5.772678415921744,"Brayan Bello","23920",678394
"Lance McCullers Jr. ","HOU","SP",999,36.857,-3.565264313777223,-1.461118177442271,-2.4829040142727665,-3.997043008059303,-3.8246578946420935,-15.330987408193659,8.544502541217481,-5.786484866976178,"Lance McCullers Jr.","14120",621121
"Quinn Mathews ","STL","SP",999,19.3189,-5.382565416508814,-1.461118177442271,-0.9005024833186616,-1.8792166625275153,-5.715756516044963,-15.339159255842224,8.544502541217481,-5.794656714624742,"Quinn Mathews","sa3023407",687273
"Calvin Faucher ","MIA","RP",999,23.173,-5.2065331643006925,-0.018957983347485285,-1.4867774996653143,-2.604908151081059,-5.1929331785315815,-14.510109976926133,7.7150381293801,-5.795071847546033,"Calvin Faucher","20116",676534
"Dennis Santana ","PIT","RP",150.50999450683594,22.8263,-5.002280378785023,-0.6092955522808974,-1.527032583579601,-1.8891046596763492,-5.483357354553445,-14.511070528875317,7.7150381293801,-5.796032399495217,"Dennis Santana","17878",642701
"Nate Pearson ","HOU","RP",999,20.159,-5.095016700723706,-1.461118177442271,-1.251175336314358,-1.266462692366146,-5.445668251366753,-14.519441158213233,7.7150381293801,-5.804403028833133,"Nate Pearson","20160",663878
"Zac Gallen ","ARI","SP",222.69000244140625,92.497,1.3888177363045189,-1.461118177442271,-8.04345965331534,-7.226255676723713,-0.0656202735922626,-15.40763604476907,8.544502541217481,-5.8631335035515875,"Zac Gallen","19291",668678
"Johan Oviedo ","BOS","SP",536.780029296875,22.0192,-5.157693548921627,-1.461118177442271,-1.4204224718395768,-1.8622151523477573,-5.506359630061131,-15.407808980612364,8.544502541217481,-5.863306439394882,"Johan Oviedo","22487",670912
"Colin Rea ","CHC","SP",748.260009765625,54.7221,-1.543942192627958,-1.461118177442271,-5.471208691087556,-3.5305822464027097,-3.411529003320401,-15.418380310880897,8.544502541217481,-5.873877769663415,"Colin Rea","12317",607067
"Tony Santillan ","CIN","RP",718.1199951171875,24.9347,-5.007422933074827,1.2081256167410384,-2.790177145454217,-2.9695697673315533,-5.057137130666799,-14.61618135978636,7.7150381293801,-5.90114323040626,"Tony Santillan","19926",663574
"Patrick Sandoval ","BOS","RP",999,18.8722,-5.283106756774906,-1.461118177442271,-0.3030710740546159,-1.7269840024772,-5.844021353061961,-14.618301363810952,7.7150381293801,-5.9032632344308515,"Patrick Sandoval","19447",663776
"Richard Lovelady ","WSN","RP",999,20.8249,-5.349988717313848,-0.8258690898322077,-0.8046403325322731,-1.7910147188521668,-5.860198709071207,-14.631711567601704,7.7150381293801,-5.916673438221602,"Richard Lovelady","19337",663992
"Enyel De Los Santos ","HOU","RP",999,22.964,-4.915949637174691,-1.1696920492757046,-1.8418214927009242,-1.3835540714062167,-5.324897834859446,-14.63591508541698,7.7150381293801,-5.920876956036882,"Enyel De Los Santos","18403",660853
"Steven Matz ","TBR","SP",712.989990234375,47.6967,-3.7179494204674546,-1.461118177442271,-3.7598967105415775,-3.0862756069026234,-3.463662367380722,-15.48890228273465,8.544502541217481,-5.94439974151717,"Steven Matz","13361",571927
"Cal Quantrill ","TEX","SP/RP",999,31.4641,-4.6248962061248395,-1.461118177442271,-2.4590101738065027,-1.805833521570125,-5.155303314024865,-15.506161392968604,8.544502541217481,-5.961658851751124,"Cal Quantrill","19312",615698
"Simeon Woods Richardson ","TOR","SP/RP",664.0399780273438,33.5127,-4.3180442120518885,-1.461118177442271,-2.5295072821279603,-2.4640597646843125,-4.73717114457779,-15.509900580884223,8.544502541217481,-5.965398039666741,"Simeon Woods Richardson","24494",680573
"Michael Petersen ","MIA","RP",999,21.7712,-5.256349440952937,-0.8842541117018576,-1.4395199173968967,-2.0401897556198816,-5.071134087542845,-14.691447313214415,7.7150381293801,-5.976409183834317,"Michael Petersen","20827",656848
"Lake Bachar ","MIA","RP",999,20.3693,-5.34018779904772,-1.461118177442271,-1.3066381563344052,-1.3507420732531905,-5.2333277226255905,-14.692013928703178,7.7150381293801,-5.976975799323077,"Lake Bachar","19222",669199
"Hagen Smith ","CHW","SP",999,19.96,-5.299761411222402,-1.461118177442271,-1.4310972171622185,-1.7632090662850572,-5.6104421986362984,-15.565628070748248,8.544502541217481,-6.021125529530766,"Hagen Smith","sa3025544",696146
"Brycen Mautz ","STL","SP",999,38.9644,-4.384129956608317,-1.461118177442271,-2.393602226636747,-3.3826099772056484,-3.9743105972461326,-15.595770935139116,8.544502541217481,-6.051268393921636,"Brycen Mautz","31910",802408
"George Soriano ","STL","RP",999,25.9655,-5.121840534703757,-0.5104901398072598,-1.7140916055196813,-2.2870974921182112,-5.136152176280759,-14.769671948429666,7.7150381293801,-6.054633819049567,"George Soriano","21863",666277
"Joel Kuhnel ","MIL","RP",999,24.1886,-5.037701707446202,-1.461118177442271,-1.2984776670574085,-1.3557479617795534,-5.636675996100501,-14.789721509825936,7.7150381293801,-6.074683380445837,"Joel Kuhnel","19995",669270
"Taylor Clarke ","ARI","RP",999,23.2267,-4.920627565315157,-1.461118177442271,-1.5601363576318343,-1.0068016433083105,-5.842402786040967,-14.79108652973854,7.7150381293801,-6.076048400358441,"Taylor Clarke","17611",664199
"Matthew Liberatore ","STL","SP",410.2300109863281,74.676,-1.4244038757761723,-1.461118177442271,-6.493674744023964,-5.312601205852744,-0.9310861638899709,-15.622884166985123,8.544502541217481,-6.078381625767642,"Matthew Liberatore","22294",669461
"Eric Orze ","MIN","RP",999,20.2449,-5.242521762725871,-0.9421401523898246,-1.3206353076519062,-1.7888673353420623,-5.55126816156941,-14.845432719679074,7.7150381293801,-6.130394590298973,"Eric Orze","27626",679358
"Wandy Peralta ","SDP","RP",999,21.3955,-5.1499617912528,-1.461118177442271,-0.27513888244532897,-1.9758873561040975,-6.01580625007058,-14.877912457315077,7.7150381293801,-6.1628743279349765,"Wandy Peralta","14295",593974
"Austin Warren ","NYM","RP",999,20.342,-5.03035923114574,-1.461118177442271,-1.2658745264068627,-1.554455380768378,-5.59514885001633,-14.906956165779581,7.7150381293801,-6.191918036399483,"Austin Warren","24937",681810
"Jordan Montgomery ","TEX","SP",999,24.7806,-4.679029975316779,-1.461118177442271,-1.9594335343351825,-1.8286093073442902,-5.826333514640804,-15.754524509079326,8.544502541217481,-6.210021967861845,"Jordan Montgomery","16511",656756
"Eduardo Rodriguez ","ARI","SP",738.219970703125,87.195,0.9949225010620284,-1.461118177442271,-6.836971912082503,-8.131150217267312,-0.3210150592309055,-15.755332864960963,8.544502541217481,-6.21083032374348,"Eduardo Rodriguez","13164",593958
"Carson Whisenhunt ","SFG","SP",999,24.9486,-4.757409476635446,-1.461118177442271,-1.7744233811076664,-2.3077994174772756,-5.533459767238123,-15.834210219900784,8.544502541217481,-6.289707678683303,"Carson Whisenhunt","31676",687931
"Keider Montero ","DET","SP",999,42.189,-3.586590890621774,-1.461118177442271,-3.6263790425750746,-3.1799923819245364,-3.994528654794883,-15.84860914735854,8.544502541217481,-6.304106606141058,"Keider Montero","22630",672456
"Caleb Ferguson ","CIN","RP",999,22.0484,-5.159216823841317,-1.1751812289429895,-1.1179484361029184,-2.015483649801807,-5.569840838799913,-15.037670977488945,7.7150381293801,-6.322632848108846,"Caleb Ferguson","19349",657571
"Mitch Farris ","LAA","RP",999,18.9286,-5.367344678798742,-1.461118177442271,-1.000468260896456,-1.7056495618319891,-5.515399244770652,-15.049979923740109,7.7150381293801,-6.334941794360009,"Mitch Farris","33628",815083
"Ty Madden ","DET","RP",999,23.8391,-5.174172580872409,-1.461118177442271,-1.6737649603022933,-1.6535565189660033,-5.095408227902392,-15.05802046548537,7.7150381293801,-6.342982336105269,"Ty Madden","30140",680744
"Grant Holmes ","ATL","SP",369.45001220703125,67.3974,-0.552196311922262,-1.461118177442271,-6.130642315121207,-6.818540732954665,-0.9449646434060609,-15.907462180846464,8.544502541217481,-6.362959639628984,"Grant Holmes","16944",656550
"JR Ritchie ","ATL","SP",999,47.566,-2.472255775411523,-1.461118177442271,-4.264361302303035,-4.192142611855554,-3.5238426305871564,-15.91372049759954,8.544502541217481,-6.369217956382061,"JR Ritchie","31760",702275
"Andrew Painter ","PHI","SP",999,56.8394,-1.1937087119831602,-1.461118177442271,-5.883224360954868,-4.555549355419052,-2.8264886312844544,-15.920089237083804,8.544502541217481,-6.375586695866324,"Andrew Painter","30091",691725
"Chase Shugart ","PHI","RP",999,20.4123,-4.962561849717187,-1.461118177442271,-1.4098505570821531,-1.6964795868170404,-5.617905440893373,-15.147915611952023,7.7150381293801,-6.432877482571923,"Chase Shugart","21544",663767
"Walbert Ureña ","LAA","SP",999,76.314,-0.5992587732283561,-1.461118177442271,-4.754013920857918,-8.398101935410217,-0.7793574053714989,-15.991850212310265,8.544502541217481,-6.447347671092783,"Walbert Urena","29357",700712
"Justin Lawrence ","MIN","RP",999,19.5353,-5.310074091624034,-1.201629164916048,-0.9707312292573618,-2.272419206309288,-5.41655067339025,-15.171404365496981,7.7150381293801,-6.456366236116882,"Justin Lawrence","17639",664875
"Carlos Rodriguez ","MIL","RP",999,20.2361,-5.526465485530493,-1.461118177442271,-1.0928494793684687,-1.4284844162584502,-5.693496906514677,-15.20241446511436,7.7150381293801,-6.487376335734261,"Carlos Rodriguez","30161",692230
"Hunter Barco ","PIT","RP",999,32.0013,-4.243554430549055,-1.461118177442271,-1.7284184768427815,-3.0616304346852514,-4.780307919917205,-15.275029439436565,7.7150381293801,-6.559991310056464,"Hunter Barco","33174",682995
"Ryne Stanek ","STL","RP",745.9000244140625,25.2311,-5.160263279132621,-0.8273661523522636,-1.8618123171328476,-2.5846231674314653,-4.87750778529908,-15.311572701348277,7.7150381293801,-6.596534571968176,"Ryne Stanek","15947",592773
"David Sandlin ","CHW","SP",999,25.1782,-4.980641685275327,-1.461118177442271,-2.4474506001993332,-1.9834818278226745,-5.272788997691184,-16.14548128843079,8.544502541217481,-6.6009787472133095,"David Sandlin","31743",689818
"Cionel Pérez ","NYM","RP",999,19.6437,-5.052961209500109,-1.461118177442271,-0.4235196927669373,-2.471050088416555,-5.936573372398317,-15.345222540524187,7.7150381293801,-6.630184411144088,"Cionel Perez","19614",672335
"Ryan Watson ","BOS","RP",999,18.8407,-5.263827683452932,-1.461118177442271,-1.299976515588761,-1.4023188121017807,-5.926868933415436,-15.354110122001181,7.7150381293801,-6.639071992621083,"Ryan Watson","27853",670245
"Jhony Brito ","SDP","RP",999,27.9264,-4.6601912321821635,-1.461118177442271,-1.7072407835129872,-1.7784949023936862,-5.758459497962929,-15.36550459349404,7.7150381293801,-6.650466464113939,"Jhony Brito","25386",666745
"Keaton Winn ","SFG","RP",999,28.3014,-5.115278259070046,-1.461118177442271,-1.5961032082908704,-2.116610702089568,-5.110216858621635,-15.39932720551439,7.7150381293801,-6.684289076134291,"Keaton Winn","23499",676775
"Adrian Houser ","SFG","SP",743.219970703125,68.3298,-0.7254398062771144,-1.461118177442271,-4.844361589204427,-6.692068124417554,-2.5146849038762498,-16.237672601217618,8.544502541217481,-6.693170060000137,"Adrian Houser","12718",605288
"Cameron Weston ","BAL","RP",999,24.5251,-5.07055658175643,-1.461118177442271,-1.638940104488664,-2.0996667354134857,-5.201237817899349,-15.471519417000204,7.7150381293801,-6.756481287620104,"Cameron Weston","31696",687721
"Chad Dallas ","TOR","RP",999,23.9016,-5.091352651266346,-1.461118177442271,-1.6752154066435951,-1.9537609274853582,-5.3080954588126845,-15.489542621650257,7.7150381293801,-6.774504492270156,"Chad Dallas","30158",689149
"Keegan Akin ","BAL","RP",999,20.8914,-4.92891057743222,-1.461118177442271,-1.6950065287956135,-1.635495600247284,-5.792803382498552,-15.513334266415942,7.7150381293801,-6.798296137035842,"Keegan Akin","19362",669211
"Orlando Ribalta ","WSN","RP",999,21.5126,-5.2949148672858675,-0.8258690898322077,-1.6425371557077182,-2.105979473560224,-5.64424940151683,-15.513549987902845,7.7150381293801,-6.798511858522747,"Orlando Ribalta","26247",687377
"Jake Irvin ","WSN","SP",999,43.5831,-3.721506094512316,-1.461118177442271,-4.173281211214548,-3.179267561999481,-3.8201894274766466,-16.355362472645265,8.544502541217481,-6.810859931427784,"Jake Irvin","21504",663623
"Cole Sulser ","TBR","RP",999,21.9764,-5.172236911571833,-1.1397510070808519,-1.8479831943289293,-1.8574589582498306,-5.511420276171333,-15.528850347402775,7.7150381293801,-6.813812218022677,"Cole Sulser","15256",642121
"Gordon Graceffo ","STL","RP",999,24.4968,-5.203098425046296,-1.461118177442271,-1.4101654103328796,-1.7625135450707647,-5.711887918459917,-15.548783476352128,7.7150381293801,-6.83374534697203,"Gordon Graceffo","29519",700669
"Taylor Rogers ","MIN","RP",415.510009765625,20.9545,-5.23193582099904,-0.9421401523898246,-1.7818489357285683,-2.1860200969217947,-5.42210746942714,-15.564052475466365,7.7150381293801,-6.849014346086267,"Taylor Rogers","13449",573124
"Gus Varland ","WSN","RP",999,22.2003,-5.347218249679149,0.761505097932923,-2.694493609295658,-2.88540063288822,-5.4628896631287205,-15.628497057058823,7.7150381293801,-6.913458927678723,"Gus Varland","24737",681402
"Anthony Banda ","MIN","RP",999,22.3738,-5.12822427596516,-0.6826511398636014,-2.0107234466261144,-2.4730532496292255,-5.381687774876019,-15.676339886960122,7.7150381293801,-6.961301757580021,"Anthony Banda","14706",607455
"Tobias Myers ","NYM","SP/RP",999,34.1063,-4.3834645930352725,-1.461118177442271,-3.266898426522331,-2.67853645763991,-4.761811941188146,-16.551829595827932,8.544502541217481,-7.00732705461045,"Tobias Myers","22191",668964
"Craig Kimbrel ","TBR","RP",999,21.2201,-5.221187724200113,-1.461118177442271,-2.0470474258586093,-1.970186523854128,-5.032758231378449,-15.732298082733571,7.7150381293801,-7.017259953353472,"Craig Kimbrel","6655",518886
"Jacob Waguespack ","DET","RP",999,19.4688,-5.113506200779364,-1.461118177442271,-1.398924992573501,-2.357272475982062,-5.421572866322222,-15.75239471309942,7.7150381293801,-7.037356583719319,"Jacob Waguespack","18318",621097
"Mason Barnett ","ATH","SP/RP",999,42.563,-4.080356724998496,-0.8822580680001189,-3.6269423151710645,-4.731727624477312,-3.279838299905556,-16.601123032552547,8.544502541217481,-7.056620491335067,"Mason Barnett","31741",686930
"Merrill Kelly ","ARI","SP",284.17999267578125,91.52,1.1243692025885534,-1.461118177442271,-9.184331778868781,-6.350036010375827,-0.8036889137158678,-16.67480567781419,8.544502541217481,-7.13030313659671,"Merrill Kelly","11156",518876
"Walker Buehler ","SDP","SP",740.9299926757812,67.2543,-0.4955312128787138,-1.461118177442271,-5.8265161506448795,-6.761142787098446,-2.189141544103621,-16.73344987216793,8.544502541217481,-7.188947330950452,"Walker Buehler","19374",621111
"Eric Lauer ","LAD","SP/RP",720.5399780273438,25.9045,-4.562365679675476,-1.461118177442271,-3.1419449139022326,-2.407835651753032,-5.307902985066513,-16.881167407839524,8.544502541217481,-7.336664866622044,"Eric Lauer","19316",641778
"Tommy Kahnle ","BOS","RP",748.510009765625,24.6282,-4.772861526462952,-1.461118177442271,-1.5818697135424828,-2.8628363026339683,-5.388482763251943,-16.067168483333617,7.7150381293801,-7.35213035395352,"Tommy Kahnle","11384",592454
"PJ Poulin ","WSN","RP",999,19.4494,-5.440398814638018,-1.461118177442271,-1.1752570468910029,-2.085479372804018,-5.929797610611507,-16.09205102238682,7.7150381293801,-7.377012893006718,"PJ Poulin","23394",676571
"Juan Mejia ","COL","RP",748.510009765625,25.0753,-5.010521532690435,-0.44012867726466726,-2.35037486994438,-3.5086964781151977,-4.8582279852991626,-16.167949543313846,7.7150381293801,-7.4529114139337445,"Juan Mejia","23237",675848
"Jonathan Cannon ","CHW","SP/RP",999,29.3443,-4.81602698826423,-1.461118177442271,-3.0411932108899067,-2.300172412287795,-5.394944560034873,-17.013455348919077,8.544502541217481,-7.468952807701596,"Jonathan Cannon","31730",686563
"Mitch Spence ","KCR","SP/RP",999,19.5719,-5.333427424877559,-1.461118177442271,-2.06962882927068,-1.9869589910585095,-6.1931421231755985,-17.04427554582462,8.544502541217481,-7.499773004607139,"Mitch Spence","27707",687765
"Isaac Mattson ","PIT","RP",999,20.0161,-5.217462161370847,-0.8932364273346886,-1.820348592188035,-2.6566485465442233,-5.631469851478074,-16.219165578915867,7.7150381293801,-7.5041274495357655,"Isaac Mattson","20385",676755
"Scott Barlow ","ATH","RP",999,20.2059,-5.127364180711821,-0.592827983535291,-2.294749816747142,-2.6847601058006174,-5.62330011001664,-16.32300219681151,7.7150381293801,-7.607964067431411,"Scott Barlow","14993",605130
"Caden Dana ","LAA","SP",999,49.7683,-2.745321276976647,-1.461118177442271,-5.807929639236768,-4.31438055831662,-2.825722477690081,-17.154472129662388,8.544502541217481,-7.609969588444908,"Caden Dana","31508",702674
"George Klassen ","LAA","RP",999,19.0264,-5.43583253872733,-1.461118177442271,-1.536211520665558,-2.2239110624386234,-5.720266969923936,-16.37734026919772,7.7150381293801,-7.662302139817621,"George Klassen","33464",691946
"Mark Leiter Jr. ","ATH","RP",727.989990234375,23.9292,-4.920909107286574,-0.592827983535291,-3.1029929001034624,-2.804067371228596,-4.992284702377804,-16.41308206453173,7.7150381293801,-7.698043935151627,"Mark Leiter Jr.","15551",643410
"Jacob Lopez ","ATH","SP/RP",409.239990234375,37.2273,-3.8186155076153026,-1.461118177442271,-4.026123301022196,-3.965445572144697,-4.019634630934324,-17.290937189158793,8.544502541217481,-7.74643464794131,"Jacob Lopez","25098",682052
"Antwone Kelly ","PIT","RP",999,25.0322,-5.254003561178171,-1.461118177442271,-2.0160020814939545,-2.285958798564839,-5.446366852080449,-16.463449470759684,7.7150381293801,-7.748411341379583,"Antwone Kelly","29000",699008
"Michael Rucker ","SEA","RP",999,20.2661,-5.14052203655634,-1.461118177442271,-2.168659665052596,-2.2021572099202293,-5.496285520929689,-16.468742609901128,7.7150381293801,-7.7537044805210265,"Michael Rucker","19454",621074
"Cam Booser ","TBR","RP",999,22.7328,-5.138808033785296,-1.1397510070808519,-2.385285353573168,-2.77751794019724,-5.035287619085971,-16.47664995372253,7.7150381293801,-7.761611824342429,"Cam Booser","16061",592155
"Casey Legumina ","TBR","RP",999,25.0017,-4.993679608243852,-1.1397510070808519,-2.5073361830396763,-2.3983855703182115,-5.438611781378857,-16.477764150061446,7.7150381293801,-7.762726020681347,"Casey Legumina","25921",668984
"Jaden Hill ","COL","RP",999,22.0564,-5.221466354295937,-0.9506234273534693,-2.1937193360800067,-2.773898281398901,-5.344765864558786,-16.4844732636871,7.7150381293801,-7.769435134306999,"Jaden Hill","30250",677955
"Carson Seymour ","SFG","RP",999,22.7537,-5.209848516655768,-1.461118177442271,-1.538050273613706,-2.606930155766038,-5.674603301137209,-16.49055042461499,7.7150381293801,-7.775512295234893,"Carson Seymour","30084",693313
"Trevor Richards ","CHW","RP",999,21.1747,-5.394055495607331,-1.461118177442271,-2.2016622414730245,-2.0299776499717983,-5.408026746979057,-16.49484031147348,7.7150381293801,-7.7798021820933805,"Trevor Richards","19309",670950
"Hurston Waldrep ","ATL","SP",999,62.7225,-0.8042311559999938,-1.461118177442271,-5.751318480823351,-7.079470396388507,-2.301604411272916,-17.397742621927037,8.544502541217481,-7.853240080709558,"Hurston Waldrep","33527",694462
"Tyler Zuber ","MIA","RP",999,18.9675,-5.4801561990458,-1.461118177442271,-1.8501847947124903,-2.383263047269941,-5.445649544415179,-16.620371762885682,7.7150381293801,-7.905333633505581,"Tyler Zuber","20379",676604
"Enmanuel De Jesus ","DET","RP",999,20.9343,-5.019752360313083,-1.461118177442271,-1.781119728374281,-2.7805427773364766,-5.673507073775102,-16.716040117241217,7.7150381293801,-8.001001987861116,"Enmanuel De Jesus","18554",646241
"Wilber Dotel ","PIT","RP",999,24.6387,-5.092526137130403,-1.461118177442271,-2.2456354753744163,-2.5861307559299545,-5.334749746977217,-16.720160292854263,7.7150381293801,-8.005122163474164,"Wilber Dotel","28901",696062
"Zach Maxwell ","CIN","RP",999,19.8837,-5.3299169768577395,-1.461118177442271,-1.957281160942248,-2.7036134059190067,-5.386648027012786,-16.83857774817405,7.7150381293801,-8.12353961879395,"Zach Maxwell","31610",687209
"Seth Lugo ","KCR","SP",493.1000061035156,92.32,1.0166967787790322,-1.461118177442271,-9.610507159147268,-7.781798277378037,0.04059031465170615,-17.796136520536834,8.544502541217481,-8.251633979319356,"Seth Lugo","12447",607625
"Matt Gage ","SFG","RP",999,19.5023,-5.316971596935411,-1.461118177442271,-1.6256828611763534,-2.7150594516925035,-5.892341201116865,-17.011173288363405,7.7150381293801,-8.296135158983306,"Matt Gage","17381",657424
"Chris Paddack ","CIN","SP/RP",748.510009765625,27.7226,-5.259005253486154,-1.461118177442271,-3.4473897885966336,-2.277313758292798,-5.476606847151258,-17.921433824969117,8.544502541217481,-8.376931283751635,"Chris Paddack","20099",663978
"Trevor Williams ","WSN","SP",999,23.1758,-5.47798439483384,-1.461118177442271,-2.9584238075667297,-2.284682143994678,-5.782074945772134,-17.96428346960965,8.544502541217481,-8.41978092839217,"Trevor Williams","16977",592866
"Jason Alexander ","HOU","SP/RP",999,20.0906,-5.490750876399411,-1.461118177442271,-2.527812691341665,-2.6581061975641034,-5.979500422025111,-18.11728836477256,8.544502541217481,-8.57278582355508,"Jason Alexander","19666",669920
"Paul Blackburn ","NYY","RP",999,20.4557,-5.104839185068447,-1.461118177442271,-2.4376332809199237,-2.4093738177288797,-5.9057977349475035,-17.318762196107023,7.7150381293801,-8.603724066726924,"Paul Blackburn","14739",621112
"Connor Seabold ","KCR","RP",999,19.8024,-5.250082720691935,-1.461118177442271,-2.5881704744385687,-2.1410299185205526,-5.994896658878724,-17.435297949972053,7.7150381293801,-8.720259820591954,"Connor Seabold","19695",657756
"Mitchell Parker ","WSN","SP/RP",999,36.1392,-4.896748001544275,-1.461118177442271,-3.2921074247354087,-3.9882785780385244,-4.696920436155867,-18.335172617916346,8.544502541217481,-8.790670076698865,"Mitchell Parker","27636",680730
"Cristian Javier ","HOU","SP",470.2799987792969,61.128,-1.447877596886254,-1.461118177442271,-7.294287587127076,-5.920160425660756,-2.2718345842516117,-18.39527837136797,8.544502541217481,-8.850775830150486,"Cristian Javier","17606",664299
"Luis Severino ","ATH","SP",642.52001953125,57.95,-2.0866320867759485,-1.461118177442271,-6.420166823755989,-6.023784279052187,-2.403817947531046,-18.39551931455744,8.544502541217481,-8.85101677333996,"Luis Severino","15890",622663
"Brett Kerry ","LAA","RP",999,27.275,-5.275034400657787,-1.461118177442271,-3.3982966962647114,-2.3170538505504945,-5.117039699569901,-17.568542824485164,7.7150381293801,-8.853504695105066,"Brett Kerry","29826",695049
"Rhett Lowder ","CIN","SP",552.219970703125,62.6776,-1.56736422794626,-1.461118177442271,-6.573568606651624,-6.402610918516874,-2.5213894753195776,-18.526051405876608,8.544502541217481,-8.981548864659127,"Rhett Lowder","33876",695076
"Kade Morris ","ATH","RP",999,25.6678,-4.828698560884686,-1.461118177442271,-3.0025566451814196,-2.7950240164928,-5.62295901993298,-17.710356419934158,7.7150381293801,-8.995318290554057,"Kade Morris","33787",695034
"Germán Márquez ","SDP","SP",743.3200073242188,37.3264,-3.925891734351925,-1.461118177442271,-4.655555604695785,-3.632012416001365,-4.896281250476453,-18.570859182967798,8.544502541217481,-9.026356641750318,"German Marquez","15038",608566
"Luis Gil ","NYY","SP",376.5,33.093,-4.065342366471091,-1.461118177442271,-3.968046182642583,-4.315438990811316,-4.762761422907923,-18.57270714027518,8.544502541217481,-9.028204599057702,"Luis Gil","21052",661563
"Bryse Wilson ","PHI","SP/RP",999,26.7095,-4.670728581985033,-1.461118177442271,-3.823049882827273,-3.0700055528055823,-5.600834931874083,-18.62573712693424,8.544502541217481,-9.08123458571676,"Bryse Wilson","19990",669060
"Taijuan Walker ","LAA","SP/RP",748.25,22.6474,-5.171531509709382,-1.461118177442271,-3.291757880617834,-2.741707145118859,-6.032428311889689,-18.698543024778036,8.544502541217481,-9.154040483560555,"Taijuan Walker","11836",592836
"Tyler Phillips ","MIA","SP",999,54.4723,-2.55363214269226,-1.461118177442271,-5.371113650762519,-6.005614632604989,-3.3435716367805237,-18.73505024028256,8.544502541217481,-9.19054769906508,"Tyler Phillips","20629",663969
"Victor Vodnik ","COL","RP",496.760009765625,24.3205,-5.080728127187905,-0.44012867726466726,-2.5060042352870275,-4.45741738641981,-5.481407050924577,-17.965685477083987,7.7150381293801,-9.250647347703886,"Victor Vodnik","24614",680767
"Antonio Senzatela ","COL","SP/RP",999,42.4167,-4.669778946557202,3.7276641107188286,-6.509272854170813,-6.983967021147496,-4.502235944018191,-18.937590655174876,8.544502541217481,-9.393088113957393,"Antonio Senzatela","15488",622608
"Randy Vásquez ","SDP","SP",721.1699829101562,86.704,0.5508745765401672,-1.461118177442271,-9.108009292268232,-7.535575473858619,-1.4393723293369167,-18.99320069636587,8.544502541217481,-9.448698155148389,"Randy Vasquez","24719",681190
"Tejay Antone ","CIN","RP",999,22.77,-5.202437975263315,-1.1751812289429895,-3.0643918371077747,-3.4626440941680854,-5.41722620219701,-18.321881337679173,7.7150381293801,-9.606843208299075,"Tejay Antone","16233",622088
"JT Brubaker ","SFG","RP",999,20.2091,-5.312859391625036,-1.461118177442271,-2.72163698991216,-2.9900017768391005,-5.957177208859482,-18.44279354467805,7.7150381293801,-9.727755415297949,"JT Brubaker","17578",664141
"Brennan Bernardino ","COL","RP",999,21.3017,-5.311401633906193,-1.2061203227324635,-2.7432200101656545,-3.431267246337781,-5.7646267641861115,-18.4566359773282,7.7150381293801,-9.741597847948102,"Brennan Bernardino","16835",657514
"Sam Aldegheri ","LAA","SP/RP",999,31.2798,-4.767096376772878,-1.461118177442271,-3.797734939205451,-4.309295852371674,-5.074681133415872,-19.409926479208142,8.544502541217481,-9.865423937990665,"Sam Aldegheri","26443",691951
"Miles Mikolas ","WSN","SP",999,57.563,-3.1882059071990274,-1.461118177442271,-7.0925239517527325,-4.109218169563529,-3.736132442704056,-19.587198648661616,8.544502541217481,-10.042696107444133,"Miles Mikolas","9803",571945
"Joey Estes ","ATH","RP",999,32.1464,-4.549858264041585,-1.461118177442271,-5.037206783114584,-2.6999677632622308,-5.195773309490214,-18.943924297350886,7.7150381293801,-10.228886167970787,"Joey Estes","26257",683155
"Tyron Guerrero ","BOS","RP",999,21.7344,-5.141176662588134,-1.461118177442271,-3.3203668165704125,-4.019012204481448,-5.327629673353978,-19.269303534436244,7.7150381293801,-10.554265405056144,"Tyron Guerrero","11691",594027
"Blas Castaño ","COL","RP",999,19.7923,-5.42345042474006,-1.461118177442271,-3.0202307887689583,-3.430567328934659,-5.972103069808575,-19.307469789694522,7.7150381293801,-10.592431660314425,"Blas Castano","26117",680604
"Alan Rangel ","PHI","RP",999,35.4728,-3.6535647572341254,-1.461118177442271,-5.793849807268724,-4.005836017656959,-4.537724486134991,-19.452093245737068,7.7150381293801,-10.73705511635697,"Alan Rangel","19524",660604
"Mitch Keller ","PIT","SP",518.6300048828125,94.809,0.8171830707912849,-1.461118177442271,-10.597658025879333,-9.727222925804336,0.6398521269825589,-20.328963931352096,8.544502541217481,-10.784461390134616,"Mitch Keller","17594",656605
"Zack Littell ","WSN","SP",709.4099731445312,74.775,-2.14102847074795,-1.461118177442271,-9.494935321672928,-4.75444146860608,-2.5120659306562,-20.363589369125428,8.544502541217481,-10.819086827907947,"Zack Littell","15823",641793
"Riley Cornelio ","WSN","SP",999,38.9843,-4.300770238064167,-1.461118177442271,-5.151550602413839,-5.354840887234379,-4.099650082747339,-20.36792998790199,8.544502541217481,-10.82342744668451,"Riley Cornelio","31953",683000
"Erick Fedde ","CHW","SP",999,58.784,-2.793120442807819,-1.461118177442271,-7.184214890013398,-5.626320454611939,-3.354043372560374,-20.418817337435797,8.544502541217481,-10.874314796218318,"Erick Fedde","17425",607200
"Chase Petty ","CIN","RP",999,25.0987,-5.255415547852532,-1.461118177442271,-3.6085310123298724,-3.6449670352040098,-5.629291115185013,-19.599322888013695,7.7150381293801,-10.884284758633596,"Chase Petty","30170",695534
"Anthony Kay ","CHW","SP",717.8599853515625,76.342,-1.4588324368522976,-1.461118177442271,-7.876990208707876,-8.518325136609475,-1.1424809523016697,-20.457746911913592,8.544502541217481,-10.913244370696107,"Anthony Kay","20387",641743
"Eiberson Castellano ","COL","RP",999,28.513,-5.110755570297143,-1.461118177442271,-3.9885665442466673,-4.3611382325282095,-5.167502324999845,-20.089080849514136,7.7150381293801,-11.374042720134034,"Eiberson Castellano","28040",682769
"Luis Medina ","ATH","RP",999,33.544,-4.808892893060906,-1.461118177442271,-4.152806120639242,-5.641691840685839,-4.176040543055777,-20.240549574884035,7.7150381293801,-11.525511445503932,"Luis Medina","21649",665622
"Kyle Leahy ","STL","SP",733.6699829101562,78.0701,-1.2601063912125092,-1.461118177442271,-8.62828261955799,-9.028002016270106,-0.9750782626262511,-21.352587467109124,8.544502541217481,-11.808084925891643,"Kyle Leahy","24763",681517
"Jeffrey Springs ","ATH","SP",722.25,80.88,-0.4704475885500455,-1.461118177442271,-10.88669309042003,-8.27652071704981,-0.25911999213039155,-21.35389956559255,8.544502541217481,-11.809397024375068,"Jeffrey Springs","17677",605488
"Patrick Corbin ","TOR","SP",999,57.5934,-1.4978326426097366,-1.461118177442271,-8.827482146346593,-7.380729750938737,-2.882612395970055,-22.049775113307387,8.544502541217481,-12.505272572089906,"Patrick Corbin","9323",571578
"Lucas Giolito ","SDP","SP",728.47998046875,70.692,-1.091193219849185,-1.461118177442271,-9.245713035138596,-8.57142108167941,-2.241004696641239,-22.610450210750706,8.544502541217481,-13.065947669533225,"Lucas Giolito","15474",608337
"Sean Sullivan ","COL","SP",999,50.63,-3.2214296797484687,-1.461118177442271,-8.496341829651902,-6.152368774783753,-3.9915022857406033,-23.322760747367003,8.544502541217481,-13.778258206149518,"Sean Sullivan","33502",807743
"Zach Agnos ","COL","RP",743.47998046875,39.4563,-4.625344816958416,-1.461118177442271,-6.586795257442545,-5.6465241871717256,-4.625941481227112,-22.945723920242067,7.7150381293801,-14.230685790861969,"Zach Agnos","31552",688642
"Tanner Gordon ","COL","SP",999,57.3584,-2.558368672329039,-1.461118177442271,-10.254314468884854,-7.115029820655235,-2.890026584443006,-24.278857723754403,8.544502541217481,-14.734355182536921,"Tanner Gordon","27669",685299
"Ryan Feltner ","COL","SP",999,68.6646,-1.3265506604513493,-1.461118177442271,-10.348598217037669,-9.713045130013104,-1.7399452344414914,-24.589257419385884,8.544502541217481,-15.044754878168401,"Ryan Feltner","21446",663372
"Brady Singer ","CIN","SP",388.25,85.872,-0.5477542457048452,-1.461118177442271,-12.538749709291245,-10.011845140012209,-0.22529948652874326,-24.784766758979316,8.544502541217481,-15.240264217761833,"Brady Singer","25377",663903
"Aaron Civale ","ATH","SP",748.5800170898438,76.605,-0.9966559028561109,-1.461118177442271,-12.278828543523085,-8.556744556233383,-1.5388035183312705,-24.83215069838612,8.544502541217481,-15.28764815716864,"Aaron Civale","19479",650644
"Michael Lorenzen ","COL","SP",999,72.366,-1.2011147035699992,-1.461118177442271,-12.766530533377635,-11.287146926025777,-1.9624569406072498,-28.678367281022933,8.544502541217481,-19.13386473980545,"Michael Lorenzen","14843",547179
"Kyle Freeland ","COL","SP",999,76.35,-1.524255729711274,-1.461118177442271,-13.54218812051219,-10.938283670930634,-1.745271311408996,-29.21111701000537,8.544502541217481,-19.666614468787884,"Kyle Freeland","16256",607536
"Tomoyuki Sugano ","COL","SP",999,81.04,-1.5971709144870885,-1.461118177442271,-19.155854276652576,-13.93327333087954,-2.532090267328674,-38.67950696679015,8.544502541217481,-29.13500442557267,"Tomoyuki Sugano","35321",608372