Name,Team,POS,ADP,PA,mAVG,mRBI,mR,mSB,mHR,PTS,aPOS,Dollars,NameASCII,PlayerId,MLBAMID
"Shohei Ohtani ","LAD","DH",1.2699999809265137,360.784,5.831585888249873,7.354789712615409,9.226856240537407,2.6930931052926605,8.001449693233145,33.1077746399285,6.883045326965682,40.990819966894186,"Shohei Ohtani","19755",660271
"Bobby Witt Jr. ","KCR","SS",3.0999999046325684,366.331,6.688150975433767,2.8507051008742215,6.411327442591099,7.908562043200301,1.60519022436216,25.46393578646155,9.034025687351658,35.497961473813206,"Bobby Witt Jr.","25764",677951
"Juan Soto ","NYM","OF/DH",4.650000095367432,362.31,3.894196273377975,5.058866126974694,6.829109936072642,1.7299926853187828,6.167848790376347,23.680013812120443,10.773252038224797,35.45326585034524,"Juan Soto","20123",665742
"Ben Rice ","NYY","C/1B/DH",53.189998626708984,355.128,0.30765127942515175,4.696335688164718,3.675396748128134,-1.7629394836686982,5.257153191291047,12.173597423340356,22.027786544860128,35.20138396820048,"Ben Rice","29576",700250
"Shea Langeliers ","ATH","C/DH",54.04999923706055,310.711,3.097352455615277,3.3590599198799556,2.0716505938345313,-1.8211480187895708,4.6117834191929274,11.31869836973312,22.027786544860128,34.34648491459325,"Shea Langeliers","25816",669127
"Hunter Goodman ","COL","C/DH",67.36000061035156,314.194,1.104602929704728,4.7624414589348465,1.453691902598287,-1.7406166537868193,4.520116301150623,10.100235938601665,22.027786544860128,33.1280224834618,"Hunter Goodman","29715",696100
"Yordan Alvarez ","HOU","OF/DH",33.38999938964844,320.371,8.08999450809772,5.786726467442601,3.672234924419525,-2.5645330279965144,6.228777359631206,21.213200231594538,10.773252038224797,32.98645226981933,"Yordan Alvarez","19556",670541
"Nick Kurtz ","ATH","1B",19.8700008392334,361.315,3.584569516410417,6.827507881487868,7.013866443993629,-1.3123718800202404,7.288676155575773,23.402248117447446,7.5297211335921235,31.931969251039565,"Nick Kurtz","35110",701762
"James Wood ","WSN","OF/DH",37.790000915527344,358.593,3.2668703306615803,4.7359414792891545,4.815617297331916,2.3103223129602894,3.8458888151628283,18.97464023540577,10.773252038224797,30.74789227363057,"James Wood","29518",695578
"Julio Rodríguez ","SEA","OF",9.489999771118164,366.493,4.152560550135033,3.351247856602104,4.35405289458692,3.685507549234079,2.952161491285268,18.495530341843406,10.773252038224797,30.2687823800682,"Julio Rodriguez","23697",677594
"Kyle Schwarber ","PHI","DH",24.690000534057617,380.55,-3.166970653956922,9.850629788699827,6.871844464872372,-1.9109089401653767,10.200886376648075,21.84548103609798,6.883045326965682,29.72852636306366,"Kyle Schwarber","16478",656941
"Cal Raleigh ","SEA","C/DH",18.729999542236328,313.71,-4.183415512152336,4.593462036676532,1.0865534177673588,-1.2273836888261054,6.038845643858757,6.308061897324205,22.027786544860128,29.335848442184336,"Cal Raleigh","21534",663728
"Bryce Harper ","PHI","1B",47.900001525878906,376.469,4.98732000430627,5.56964434364752,5.3249197551456255,0.13631825900143635,3.9992985604126488,20.017500922513506,7.5297211335921235,28.54722205610563,"Bryce Harper","11579",547180
"Corbin Carroll ","ARI","OF",14.100000381469727,351.666,0.9506175168727561,1.9896924551707993,5.669464345436288,5.9144651744799095,1.7357044441180511,16.259943936077804,10.773252038224797,28.0331959743026,"Corbin Carroll","25878",682998
"Pete Crow-Armstrong ","CHC","OF",32.939998626708984,360.06,-0.30540939981096765,2.1012192102774234,4.425345060110963,6.848435458994928,2.7510973292045975,15.820687658776945,10.773252038224797,27.59393969700174,"Pete Crow-Armstrong","27769",691718
"Jackson Chourio ","MIL","OF",19.3799991607666,351.616,3.841811138116569,3.377646911406926,2.6918010517056015,3.3991953369004366,1.823114935812772,15.133569373942303,10.773252038224797,26.9068214121671,"Jackson Chourio","28806",694192
"Byron Buxton ","MIN","OF/DH",73.4800033569336,299.928,1.6860102494356044,3.4512595679598936,2.9698475266484565,0.42807494349435904,5.790731494242556,14.325923781780869,10.773252038224797,26.099175820005666,"Byron Buxton","14161",621439
"Junior Caminero ","TBR","3B",16.479999542236328,367.078,3.068043206374202,7.53628862108646,3.235776723447914,-2.160135643355993,6.313531390396013,17.993504297948597,6.883045326965682,25.87654962491428,"Junior Caminero","28163",691406
"Gunnar Henderson ","BAL","SS",12.510000228881836,368.301,2.03770494056529,2.810028785544837,5.1588544193926955,2.5385092889228873,2.909669762443156,15.454767196868865,9.034025687351658,25.488792884220523,"Gunnar Henderson","26289",683002
"Iván Herrera ","STL","C/DH",178.42999267578125,326.137,3.0698129944600017,-0.2433104996182087,0.856552885573156,-0.8807235220802869,-0.8986575492003444,1.9036743091343178,22.027786544860128,24.931460853994444,"Ivan Herrera","20599",671056
"Drake Baldwin ","ATL","C/DH",78.62999725341797,324.863,1.2779652877632925,1.4218448454443506,0.20403345079367424,-2.994620735141705,1.0369579751456208,0.9461808240052333,22.027786544860128,23.97396736886536,"Drake Baldwin","31539",686948
"William Contreras ","MIL","C/DH",56.560001373291016,331.973,2.678749797640682,0.5302748011950056,-0.5193085856509471,-1.8985099143919406,-1.4118145271163207,-0.6206084283235209,22.027786544860128,22.407178116536606,"William Contreras","20503",661388
"Jazz Chisholm Jr. ","NYY","2B/3B",19.520000457763672,336.014,-2.6503150329544103,0.94654171033748,3.5974336828720546,7.570523365676814,2.8845702245380633,12.34875395047,8.88539196677745,22.234145917247453,"Jazz Chisholm Jr.","20454",665862
"Fernando Tatis Jr. ","SDP","2B/OF",14.010000228881836,362.45,1.938340656910167,0.5160095555324512,3.7900364060521547,6.146869509881913,-0.10957918027247805,12.28167694810421,8.88539196677745,22.167068914881657,"Fernando Tatis Jr.","19709",665487
"Pete Alonso ","BAL","1B",24.440000534057617,368.301,0.08541883337594873,5.604547517781875,3.9676102739876886,-2.39959848427165,5.939083365832307,13.197061506706174,7.5297211335921235,21.726782640298293,"Pete Alonso","19251",624413
"Trea Turner ","PHI","SS",26.780000686645508,361.166,4.192554494040942,0.6510782312583032,2.9618368234507444,4.958772991261755,-1.078107249804142,11.686135290207602,9.034025687351658,21.72016097755926,"Trea Turner","16252",607208
"Kyle Tucker ","LAD","OF",13.130000114440918,349.791,0.9055936297140131,1.815235457322862,3.853568114985926,1.5303106238855264,1.4040538568550738,9.508761682763401,10.773252038224797,21.2820137209882,"Kyle Tucker","18345",663656
"CJ Abrams ","WSN","SS",65,351.561,0.7165538738490274,1.4718254699130278,2.533652225202639,5.53407340542105,0.9374379346787602,11.193542909064504,9.034025687351658,21.22756859641616,"CJ Abrams","25768",682928
"Elly De La Cruz ","CIN","SS",8.449999809265137,323.522,0.6945910477397698,-0.17654751589622092,2.8450644458442156,6.592720647743148,1.0225745377432058,10.978403163174118,9.034025687351658,21.012428850525776,"Elly De La Cruz","26668",682829
"Salvador Perez ","KCR","C/1B/DH",91.13999938964844,313.571,-0.9494417920345223,2.6560427095867842,-2.425854540826704,-3.3241346707552633,1.4337407685448806,-2.6096475254848257,22.027786544860128,20.418139019375303,"Salvador Perez","7304",521692
"Andy Pages ","LAD","OF",133.4199981689453,330.802,1.2706593417037144,2.1927916825605234,2.113959141049688,-0.17111697931005238,2.106685443610141,7.512978629614015,10.773252038224797,19.28623066783881,"Andy Pages","24816",681624
"Cody Bellinger ","NYY","OF",80.98999786376953,352.11,1.0413988057197583,1.8105568700567973,1.8458002188603444,0.917214808601557,1.6357954260314662,7.250766129269924,10.773252038224797,19.02401816749472,"Cody Bellinger","15998",641355
"Vladimir Guerrero Jr. ","TOR","1B/DH",18.049999237060547,372.435,6.2522582786600465,2.1328999984211308,3.098491153430395,-1.4019812992217298,0.16031305763368295,10.241981188923525,7.5297211335921235,18.77170232251565,"Vladimir Guerrero Jr.","19611",665489
"Michael Harris II ","ATL","OF",99.06999969482422,339.765,2.191648099487425,1.1115670415088361,1.5074302527262904,1.5509182131181427,0.5876166189374881,6.949180225778183,10.773252038224797,18.722432264002983,"Michael Harris II","25931",671739
"Willson Contreras ","BOS","1B",168.1999969482422,350.523,1.3505346507859923,4.014521104857741,2.9165773344995407,-1.8450989481244344,3.3398708576328127,9.776404999651652,7.5297211335921235,18.306126133243776,"Willson Contreras","11609",575929
"Matt Olson ","ATL","1B",48.0099983215332,374.536,-0.3920407868506545,4.836225928014534,3.7355121691064053,-2.6993530838201516,4.13603933359326,9.616383560043394,7.5297211335921235,18.146104693635515,"Matt Olson","14344",621566
"Tyler Soderstrom ","ATH","1B/OF",82.8499984741211,342.086,0.975594353449689,2.4385064240077856,2.1130720308851116,-1.7405827579199202,2.0750885819312685,5.861678632353933,10.773252038224797,17.634930670578733,"Tyler Soderstrom","27467",691016
"Freddie Freeman ","LAD","1B",67.87999725341797,349.791,4.388281324324432,2.288755586907688,2.9825159096801497,-1.511938119139074,0.815192983152969,8.962807684926167,7.5297211335921235,17.49252881851829,"Freddie Freeman","5361",518692
"Francisco Lindor ","NYM","SS",25.350000381469727,324.59,1.0062536541334892,0.4626227176843974,1.8836760270122521,2.9232765066465274,1.176728464726571,7.452557370203237,9.034025687351658,17.486583057554892,"Francisco Lindor","12916",596019
"Jarren Duran ","BOS","OF",64.04000091552734,342.512,-0.35471795848683696,-0.0009791433125078512,2.2712082044697195,4.112650913171793,-0.5576458777836395,5.470516138058528,10.773252038224797,17.243768176283325,"Jarren Duran","24617",680776
"Zach Neto ","LAA","SS",32.29999923706055,349.956,-2.7710502704071858,0.9022573319469781,2.322032165736919,4.4564433797937895,2.2228307835092656,7.132513390579767,9.034025687351658,17.166539077931425,"Zach Neto","31347",687263
"Adley Rutschman ","BAL","C/DH",148.92999267578125,308.108,0.11355002652974946,-0.8893268015712043,-1.22495621871782,-3.0348884417889788,-1.0846156373126148,-6.12023707286087,22.027786544860128,16.90754947199926,"Adley Rutschman","26288",668939
"Riley Greene ","DET","OF/DH",78.4800033569336,358.002,0.545851762301768,2.4634624938854004,2.188254265863011,-2.433542587596403,1.838911037444905,4.60293697189868,10.773252038224797,16.376189010123475,"Riley Greene","25976",682985
"Brent Rooker ","ATH","OF/DH",42.11000061035156,288.445,1.6865361209568575,1.4611502650185781,0.48113236273981913,-1.7635803488444768,2.687881478377467,4.5531198782482445,10.773252038224797,16.326371916473043,"Brent Rooker","19627",667670
"Alec Burleson ","STL","1B/OF/DH",175.19000244140625,350.622,2.9713423111324664,2.3214672502117146,0.4601116477148634,-1.840450136840778,0.44159803076425785,4.354069102982525,10.773252038224797,16.127321141207325,"Alec Burleson","27615",676475
"Ketel Marte ","ARI","2B/DH",32.63999938964844,336.595,2.392253981609376,3.106449849126082,1.5440323337639255,-2.366038419746558,1.4719898462832322,6.148687591036059,8.88539196677745,16.034079557813513,"Ketel Marte","13613",606466
"Bo Bichette ","NYM","3B/SS",92.86000061035156,370.251,5.922169448126105,1.3100429499977344,1.3835103821297354,-1.5339928011508304,-1.204922688361695,5.87680729074105,9.034025687351658,15.910832978092706,"Bo Bichette","19612",666182
"Brice Turang ","MIL","2B",48.18000030517578,363.402,-0.4201100450351272,-0.14609945259457402,1.8661657938905416,5.316039270821364,-1.2560458771696388,5.359949689912566,8.88539196677745,15.245341656690018,"Brice Turang","22186",668930
"Yandy Díaz ","TBR","1B/DH",138.63999938964844,356.368,5.434658381394627,2.749986915630339,1.1218311600173059,-2.8134145971577764,0.20742011074815442,6.700481970632651,7.5297211335921235,15.230203104224774,"Yandy Diaz","16578",650490
"Mookie Betts ","LAD","SS",60.58000183105469,337.798,1.8905409025439246,1.1860639919056208,2.3826972857236677,-0.9028175891681568,0.6345891603301687,5.1910737513352245,9.034025687351658,15.22509943868688,"Mookie Betts","13611",605141
"Seiya Suzuki ","CHC","OF/DH",113.43000030517578,333.837,-0.09919938467319246,1.568348065343582,1.7011872032362125,-1.2033290134370904,1.4759797783945372,3.4429866488640486,10.773252038224797,15.216238687088849,"Seiya Suzuki","30116",673548
"Wyatt Langford ","TEX","OF",37.75,344.88,-1.622546030851751,-0.23430896500152737,2.075580027923266,2.6809224306225423,0.18055910981960918,3.080206572512139,10.773252038224797,14.85345861073694,"Wyatt Langford","33333",694671
"Jackson Merrill ","SDP","OF",70.79000091552734,347.874,-0.04558327100306544,0.8844452990195487,0.9339381342244174,1.1368254440876115,0.1528386313959842,3.062464237724496,10.773252038224797,14.835716275949293,"Jackson Merrill","29490",701538
"Jordan Walker ","STL","OF",511.7200012207031,342.786,-1.2198221407957985,1.3525635466454058,1.1787974102053211,0.832527837763061,0.768625723831139,2.9126923776491287,10.773252038224797,14.685944415873925,"Jordan Walker","27475",691023
"Ian Happ ","CHC","OF",184.86000061035156,356.026,-3.302313260623216,2.3555077572538683,2.239484526397346,-0.964216589914656,1.921599643633121,2.2500620767464636,10.773252038224797,14.023314114971262,"Ian Happ","17919",664023
"Jeremy Peña ","HOU","SS",122.9800033569336,335.249,3.1951442163512787,-0.9864897891468055,1.1989028974693587,1.6452980295873867,-1.3041847691196666,3.748670585141553,9.034025687351658,13.782696272493212,"Jeremy Pena","21636",665161
"Bryan Reynolds ","PIT","OF/DH",204.72000122070312,344.595,1.4331145707792232,0.8327873998145016,1.6743714516052604,-1.5892817631208056,-0.3734282898290879,1.9775633692490915,10.773252038224797,13.750815407473889,"Bryan Reynolds","19326",668804
"J.T. Realmuto ","PHI","C",212.27000427246094,266.283,-0.10627075322296138,-3.018670332896678,-3.043226980179227,-0.8588336535751921,-2.7348881271030656,-9.761889846977125,22.027786544860128,13.265896697883006,"J.T. Realmuto","11739",592663
"Samuel Basallo ","BAL","C/DH",160.94000244140625,262.198,-1.5597288067005202,-1.6335189439671078,-3.530256084050964,-2.7504970066821204,-0.41602250379256495,-9.890023345193278,22.027786544860128,13.13776319966685,"Samuel Basallo","28824",694212
"Dillon Dingler ","DET","C",254.6199951171875,254.866,-0.5267366749898033,-1.9879681865902452,-3.4768481156799735,-3.0723506136067837,-0.8602576552890755,-9.924161246155883,22.027786544860128,13.103625298704246,"Dillon Dingler","27464",693307
"Brandon Marsh ","PHI","OF",609.72998046875,322.396,2.229601857396805,-0.4893424334224918,0.11294368568553315,0.4696307273913439,-1.1039276773697417,1.2189061596814486,10.773252038224797,12.992158197906246,"Brandon Marsh","20202",669016
"Josh Naylor ","SEA","1B/DH",67.45999908447266,329.645,1.0136429128001039,0.45444780557389286,0.31660365362695564,2.3125212901715693,0.2594592603282934,4.356674922500815,7.5297211335921235,12.886396056092938,"Josh Naylor","18839",647304
"Sal Stewart ","CIN","1B/3B",161.8699951171875,327.479,1.5387135362727002,1.3645627893331784,0.7710880456131455,-0.2566388588700553,1.408435678095233,4.8261611904442026,6.883045326965682,12.709206517409887,"Sal Stewart","31505",701398
"Randy Arozarena ","SEA","OF",89.37999725341797,318.69,-1.7596925366086384,-1.798871079385092,1.0273447892711036,4.323593538387423,-0.876814825407705,0.915559886257092,10.773252038224797,12.68881192448189,"Randy Arozarena","19290",668227
"Ronald Acuña Jr. ","ATL","OF",5.260000228881836,256.314,1.9435728824335463,-2.7316797345058137,-0.5476665874412346,3.105702141072545,-0.9813979802510683,0.788530721307975,10.773252038224797,12.561782759532774,"Ronald Acuna Jr.","18401",660670
"Wilyer Abreu ","BOS","OF",199.89999389648438,319.477,-0.4749101453880513,1.3447478789089518,-0.38328830746879855,-0.3016808395390913,0.5490560097222613,0.7339245962352717,10.773252038224797,12.507176634460068,"Wilyer Abreu","23772",677800
"Xander Bogaerts ","SDP","SS",237.1999969482422,336.213,1.4339586268633648,-0.7514166109803694,0.3572757567350326,2.7464443764099604,-1.5962749349322871,2.189987214095701,9.034025687351658,12.224012901447358,"Xander Bogaerts","12161",593428
"Jacob Wilson ","ATH","SS",196.44000244140625,335.001,8.648483103875078,-1.1438063848535822,0.14518472753059117,-1.6870353848034365,-3.83583483451234,2.126991227236311,9.034025687351658,12.161016914587968,"Jacob Wilson","33266",805779
"Taylor Ward ","BAL","OF",148.42999267578125,360.139,-1.2201645597707373,0.8210236484220925,2.0354027945108,-1.7558146273386666,0.3754724177129307,0.25591967353641965,10.773252038224797,12.029171711761217,"Taylor Ward","17548",621493
"Willy Adames ","SFG","SS",133.92999267578125,360.257,-4.186490203909945,2.2239029662450336,1.7493596751684029,-0.19234073227698265,2.267650555051465,1.8620822602779747,9.034025687351658,11.896107947629632,"Willy Adames","15986",642715
"Gabriel Moreno ","ARI","C",181.22000122070312,238.128,2.3518699244554186,-3.687315425956264,-4.371453025561264,-1.8225569615646713,-3.636742637565198,-11.166198126191977,22.027786544860128,11.86158841866815,"Gabriel Moreno","22664",672515
"George Springer ","TOR","OF/DH",94.37999725341797,322.51,-1.309904222525534,-0.5579508999489674,0.9372405459147344,0.5813569938989426,0.30327106740980003,-0.045986515251024374,10.773252038224797,11.727265522973772,"George Springer","12856",543807
"José Caballero ","NYY","2B/3B/SS/OF",200.02999877929688,308.851,-3.8934489450837573,-4.985164424560514,0.7184547170213658,12.334111818322148,-2.901873365971816,1.2720797997274258,8.88539196677745,11.157471766504877,"Jose Caballero","23401",676609
"Mike Trout ","LAA","OF/DH",178.44000244140625,283.534,-0.8387796279101007,0.28030920156917755,-0.46090412041006074,-1.647686400240862,2.0416469880678343,-0.6254139589240121,10.773252038224797,11.147838079300787,"Mike Trout","10155",545361
"Nico Hoerner ","CHC","2B",101.93000030517578,368.128,2.588043949686839,-2.5012755317158355,1.504285299575486,4.755128818617561,-5.087022109483785,1.2591604266802658,8.88539196677745,11.144552393457715,"Nico Hoerner","21479",663538
"Christian Walker ","HOU","1B",212.94000244140625,357.07,-4.2557277596970655,3.6309214040298627,1.474299288957022,-2.536467181589208,4.263810329447173,2.5768360811477833,7.5297211335921235,11.106557214739906,"Christian Walker","13419",572233
"Manny Machado ","SDP","3B",37.52000045776367,340.1,-0.5177533071057784,2.3029463404257906,0.39724491993457034,-1.0917622084571692,1.9570810407928043,3.0477567855902175,6.883045326965682,10.9308021125559,"Manny Machado","11493",592518
"Rafael Devers ","SFG","1B/DH",61.619998931884766,360.257,-1.801797307950593,2.9259217415053085,1.8308627458038866,-2.8777812016357984,2.295319208612582,2.372525186335386,7.5297211335921235,10.902246319927508,"Rafael Devers","17350",646240
"Ceddanne Rafaela ","BOS","2B/OF",125.02999877929688,338.506,-0.33224743809465684,-0.6832286646241873,0.39504331214102567,3.271273707526738,-1.656772018534129,0.9940688984147904,8.88539196677745,10.879460865192241,"Ceddanne Rafaela","24262",678882
"Jose Altuve ","HOU","2B/OF/DH",116.5199966430664,328.306,0.478781931445071,-0.15402085111670163,0.5170329097487321,-0.1147836952870416,0.13512908596382986,0.8621393807538897,8.88539196677745,10.747531347531341,"Jose Altuve","5417",514888
"Xavier Edwards ","MIA","2B/SS",182.42999267578125,337.021,5.002707516010423,-3.5107840621825788,-0.03860312919642871,4.654462210835091,-5.304620295185504,0.8031622402810017,8.88539196677745,10.688554207058454,"Xavier Edwards","22266",669364
"Otto Lopez ","MIA","2B/SS",229.16000366210938,337.021,3.774691823280668,-1.375841004418098,-0.4779827484279287,2.2964543748010855,-3.5527674354925787,0.6645550097431473,8.88539196677745,10.5499469765206,"Otto Lopez","19608",672640
"Miguel Vargas ","CHW","1B/3B",303.0899963378906,352.815,-1.90315344886969,1.203156334598748,1.730717708793944,0.18782680258546994,1.4114490900444456,2.6299964871529173,6.883045326965682,10.5130418141186,"Miguel Vargas","20178",678246
"Dansby Swanson ","CHC","SS",152.30999755859375,364.094,-4.070091540101815,0.8517516580085349,1.763768537413639,1.4090485031307107,0.43783810787419697,0.3923152663252663,9.034025687351658,10.426340953676924,"Dansby Swanson","18314",621020
"Teoscar Hernández ","LAD","OF",125.41999816894531,270.838,1.5540251651746333,-0.42737337964184935,-1.1670536525716306,-1.8927923540742446,0.47414229751392645,-1.4590519235991646,10.773252038224797,10.314200114625633,"Teoscar Hernandez","13066",606192
"Maikel Garcia ","KCR","3B",63.150001525878906,348.412,2.2503238410075803,-1.895460958042893,1.656138596257571,3.7000193716341285,-3.4808362732366818,2.2301845776197053,6.883045326965682,10.113229904585388,"Maikel Garcia","22715",672580
"Daylen Lile ","WSN","OF/DH",206.50999450683594,324.441,1.9749994838610703,-1.2357405044831347,-0.7555737183100509,1.4360290642612195,-3.0839105247391547,-1.6641961994100507,10.773252038224797,10.109055838814747,"Daylen Lile","29995",695734
"Christian Yelich ","MIL","OF/DH",127.22000122070312,309.383,-0.32867919065890244,-0.493319352747267,-0.8548906921077346,0.8734973741159503,-0.8796302547360996,-1.683022116134053,10.773252038224797,10.090229922090744,"Christian Yelich","11477",592885
"Liam Hicks ","MIA","C/1B/DH",748.5399780273438,275.2,-0.5574412915015647,-2.890308353143906,-4.124794926354408,-2.8586045806302556,-3.006837637360254,-13.437986788990388,22.027786544860128,9.589799755869741,"Liam Hicks","29844",689414
"Brandon Nimmo ","TEX","OF",145.4600067138672,336.906,-0.7882345163799406,-0.6095331055233619,0.6538812511431397,-1.0848134185126888,-0.5642369521513951,-2.3929367414242466,10.773252038224797,9.38031529680055,"Brandon Nimmo","12927",607043
"Geraldo Perdomo ","ARI","SS",76.7699966430664,362.719,-0.18728560116242352,-2.7358188544677016,2.1442586628673603,3.3479552156469854,-3.3520264509253024,-0.7829170280410814,9.034025687351658,9.251108659310574,"Geraldo Perdomo","22799",672695
"Luis Arraez ","SFG","1B/2B/DH",280.04998779296875,337.304,9.273424441222158,-2.434117259033772,-0.9758385327709859,-0.7605812000052047,-6.021183016399691,-0.9182955669874953,8.88539196677745,8.967096399789956,"Luis Arraez","18568",650333
"José Ramírez ","CLE","3B/DH",6.28000020980835,239.043,2.405210312716947,-2.2757794000562823,-2.4478734305217853,4.170492357426454,-0.9484961801802757,0.9035536593850572,6.883045326965682,8.786598986350741,"Jose Ramirez","13510",608070
"Will Smith ","LAD","C",95.69000244140625,199.88,0.6701382026349935,-4.479810317341374,-5.068549394640758,-2.9378485888420047,-2.461228396383107,-14.277298494572252,22.027786544860128,8.750488050287876,"Will Smith","19197",669257
"Brandon Lowe ","PIT","2B",187.57000732421875,276.871,-0.6637061194630477,1.2884630563444757,-1.4591814197623432,-2.6329374947726323,2.1164547213438487,-1.3509072563096993,8.88539196677745,8.534484710467751,"Brandon Lowe","18882",664040
"Bryson Stott ","PHI","2B",181.44000244140625,337.7,-0.7333335832065462,-1.7133985525436484,-0.08565370903459019,3.7380178734997362,-2.567571267344445,-1.361939238629494,8.88539196677745,8.523452728147957,"Bryson Stott","26294",681082
"Ryan O'Hearn ","PIT","1B/OF/DH",285.44000244140625,299.777,2.054284663188553,-0.250245477969448,-1.602477125997872,-2.580487345962988,-0.874528708439085,-3.25345399518084,10.773252038224797,8.51979804304396,"Ryan O'Hearn","16442",656811
"Eugenio Suárez ","CIN","3B/DH",97.91999816894531,315.607,-4.053872382857274,3.2159304732326786,-0.186228945268559,-2.831492484323947,4.46813072333847,0.6124673841213691,6.883045326965682,8.495512711087052,"Eugenio Suarez","12552",553993
"Lourdes Gurriel Jr. ","ARI","OF",689.0700073242188,328.557,0.6225663751100032,0.2200666834591398,-1.3110466751964305,-1.2731534014067376,-1.7432426750817913,-3.4848096931158157,10.773252038224797,8.288442345108983,"Lourdes Gurriel Jr.","19238",666971
"Jonathan Aranda ","TBR","1B",195.60000610351562,333,0.874274045144875,1.9912279545354707,-0.43981732903370235,-3.201057440051042,0.49424219194154306,-0.28113057746285514,7.5297211335921235,8.248590556129269,"Jonathan Aranda","21837",666018
"Corey Seager ","TEX","SS",95.08999633789062,276.103,0.8497825349612053,0.6750851270372553,-1.865417422306221,-2.8483826438463566,1.4014626137296642,-1.787469790424453,9.034025687351658,8.246555896927202,"Corey Seager","13624",608369
"Ezequiel Tovar ","COL","SS",209.22999572753906,339.289,0.6283227261519687,0.20916800213133457,-0.42733452213786366,-0.6998060478859194,-1.55896918615195,-1.8486190278924297,9.034025687351658,8.185406659459227,"Ezequiel Tovar","24064",678662
"Carter Jensen ","KCR","C/DH",999,253.843,-2.8663050244697064,-2.9211312801402145,-4.4914772031846955,-2.17481818016261,-2.400353981198059,-14.854085669155284,22.027786544860128,8.173700875704842,"Carter Jensen","29478",695600
"Colson Montgomery ","CHW","3B/SS",254.75,348.828,-5.835266773245291,3.36530043920711,0.7330702435997124,-2.2482695631206577,4.260358444223032,0.2751927906639062,6.883045326965682,8.15823811762959,"Colson Montgomery","29712",695657
"Austin Riley ","ATL","3B",59.36000061035156,347.712,-1.1042869387877343,1.6401104331472582,0.9338748696326489,-2.2026954036182875,0.9451417878358772,0.21214474820976248,6.883045326965682,8.095190075175445,"Austin Riley","18360",663586
"Willi Castro ","COL","2B/3B/OF",256.3399963378906,306.163,0.9817836472189753,-1.9486940056572397,-0.8159421976553958,0.7817880579295009,-2.788481440256625,-3.7895459384207837,10.773252038224797,7.983706099804014,"Willi Castro","17338",650489
"JJ Wetherholt ","STL","2B",999,346.704,-0.6472850660011427,-0.20807931975102406,0.18753826289989386,0.019661584777483754,-1.617552243651944,-2.265716781726733,8.88539196677745,7.619675185050718,"JJ Wetherholt","34985",802139
"Alejandro Kirk ","TOR","C",160.25,240.635,0.4572783697244302,-4.197362538275879,-5.08085787243928,-3.3199384619251116,-3.340548699634302,-15.48142920255014,22.027786544860128,7.546357342309987,"Alejandro Kirk","22581",672386
"Mickey Moniak ","COL","OF/DH",245.8300018310547,229.873,1.2473362837199473,-1.0029861946843168,-3.3862574379068953,-1.2908937022062237,0.16578028947738457,-4.267020761600104,10.773252038224797,7.506231276624693,"Mickey Moniak","19956",666160
"Zack Gelof ","ATH","2B/3B",999,281.36,-1.7574705139373088,-1.906823413044222,-0.7787665176523925,1.9877747327606978,-0.11966755940679802,-2.5749532712800236,8.88539196677745,7.310438695497427,"Zack Gelof","29766",680869
"Kevin McGonigle ","DET","3B/SS",999,361.969,-0.08201663858000452,-0.6918733578392195,1.4585365644479393,0.6975986839062882,-2.0565624008643417,-0.6743171489293383,6.883045326965682,7.208728178036344,"Kevin McGonigle","33572",805808
"Jo Adell ","LAA","OF",120.33000183105469,313.275,-3.603984425579437,0.09162780858951405,-1.3913659950259343,-1.0598199511177848,1.293447954226067,-4.670094608907574,10.773252038224797,7.103157429317224,"Jo Adell","20220",666176
"Ozzie Albies ","ATL","2B",150.5,351.686,-0.8979765853481126,0.12386848930281187,0.041255062053073395,-0.8709244602512408,-1.2466259805314919,-2.8504034747749603,8.88539196677745,7.03498849200249,"Ozzie Albies","16556",645277
"Kerry Carpenter ","DET","OF/DH",236.22000122070312,267.758,-1.3079475465087331,0.1946997053008385,-2.3436639949606692,-2.9042949055226246,1.6102515918331852,-4.750955149858003,10.773252038224797,7.022296888366795,"Kerry Carpenter","25961",681481
"Isaac Paredes ","HOU","3B",243.60000610351562,343.184,-2.5259388377142495,1.326410796511756,1.2365045590569366,-3.077544023059622,2.1202059097065207,-0.9203615954986583,6.883045326965682,6.962683731467025,"Isaac Paredes","20036",670623
"Casey Schmitt ","SFG","1B/2B/3B/OF/DH",999,315.35,-1.7085193154054006,-0.41472773737802504,-1.5210485669926934,-1.1356596890050077,-0.18060136937809076,-4.960556678159218,10.773252038224797,6.812695360065579,"Casey Schmitt","27577",669477
"JJ Bleday ","CIN","OF",748.5800170898438,292.851,-2.9255179212596953,0.20612944352941426,-1.4073888073011767,-2.29718541596251,1.4541475360347647,-4.969815164959204,10.773252038224797,6.8034368732655945,"JJ Bleday","26368",668709
"Marcus Semien ","NYM","2B",266.25,343.45,-3.0159556919061967,0.05983167777052645,-0.04940590971085883,-0.19785080048637482,-0.040605528990503875,-3.2439862533234076,8.88539196677745,6.641405713454043,"Marcus Semien","12533",543760
"Michael Busch ","CHC","1B",106.45999908447266,329.803,-1.9472489619408906,1.452431079659094,0.2496303509009767,-2.7179458588106304,0.8695374656619838,-2.0935959245294664,7.5297211335921235,6.436125209062656,"Michael Busch","26319",683737
"Spencer Torkelson ","DET","1B",188.35000610351562,339.16,-4.649777929372547,2.0715893590785477,0.537197443965087,-2.7853429184656804,2.3888392110650103,-2.4374948337295828,7.5297211335921235,6.09222629986254,"Spencer Torkelson","27465",679529
"Aaron Judge ","NYY","OF/DH",1.850000023841858,168.007,2.8101223291825246,-2.4886983741654594,-4.893688874752185,-1.9259899935609575,0.7474881675497067,-5.750766745746371,10.773252038224797,6.022485292478426,"Aaron Judge","15640",592450
"Chandler Simpson ","TBR","OF",180.19000244140625,279.447,3.5776613024211765,-6.8865938332472485,-3.0557786751861027,8.028373914880676,-7.472414606394478,-5.808751897525974,10.773252038224797,5.964500140698823,"Chandler Simpson","31912",802415
"Matt Chapman ","SFG","3B",163.6199951171875,353.272,-2.972249975379371,0.03081939047888143,1.6153512110044936,-1.0949739447685016,-0.014440961045776602,-2.435494279710274,6.883045326965682,5.447551047255408,"Matt Chapman","16505",656305
"Oneil Cruz ","PIT","OF",92.93000030517578,221.098,-1.5806384784804302,-3.6005176598352957,-2.992630771442393,2.8083132534652107,-0.9846175270466618,-6.350091183339571,10.773252038224797,5.423160854885227,"Oneil Cruz","21711",665833
"Munetaka Murakami ","CHW","1B",999,252.153,-4.489730557989781,0.6896363264156093,-1.2588435458286769,-1.3535130913913094,3.2481827767247746,-3.1642680920693835,7.5297211335921235,5.3654530415227395,"Munetaka Murakami","37120",808959
"Kyle Stowers ","MIA","OF",164.42999267578125,311.096,-3.578061164796815,0.7159032177383388,-1.6873571199539783,-2.3522449289873246,0.4443034050475508,-6.457456590952229,10.773252038224797,5.315795447272569,"Kyle Stowers","26151",669065
"Alex Bregman ","CHC","3B",119.16999816894531,364.094,-1.6211642288781112,0.8531429790291057,0.8114930315559776,-2.236574528428965,-0.5233209320502622,-2.716423678772255,6.883045326965682,5.166621648193427,"Alex Bregman","17678",608324
"Jake Burger ","TEX","1B",236.72000122070312,340.893,-3.8371616696973527,1.8076841165505926,-0.614863425058129,-2.780056604146889,1.9769072533622318,-3.4474903289895464,7.5297211335921235,5.082230804602577,"Jake Burger","22275",669394
"Justin Crawford ","PHI","OF",999,303.012,1.3080082397487154,-4.930478780129354,-1.9044348048695963,4.287420747506518,-5.5339017847227785,-6.773386382466495,10.773252038224797,4.9998656557583026,"Justin Crawford","31791",702222
"Andrés Giménez ","TOR","2B/SS",412.2200012207031,330.498,-2.2913141027354764,-3.0619010078890447,-0.8350115514942464,3.7455320519932975,-3.113960792768345,-5.556655402893816,9.034025687351658,4.477370284457842,"Andres Gimenez","19950",665926
"Kazuma Okamoto ","TOR","3B",999,322.51,-5.264588744582034,2.1563986655371283,-0.16554001788043385,-3.1726453274649806,2.9752381126470637,-3.4711373117432585,6.883045326965682,4.411908015222425,"Kazuma Okamoto","37123",672960
"Jung Hoo Lee ","SFG","OF",339.44000244140625,315.35,3.263461885665913,-2.7833929020760992,-1.67544650614369,-1.2626419774518958,-5.01978313534127,-7.477802635347042,10.773252038224797,4.295449402877756,"Jung Hoo Lee","33824",808982
"Spencer Steer ","CIN","1B/OF",335.70001220703125,296.809,-3.216484765813008,-1.567336278080125,-1.4903216577106286,-0.8728426644112052,-0.37909292199178146,-7.526078288006748,10.773252038224797,4.2471737502180495,"Spencer Steer","26323",668715
"Konnor Griffin ","PIT","SS",999,261.932,1.338809038051808,-4.352837856379872,-2.413811774313611,2.9210555725983904,-3.4758401235701615,-5.982625143613446,9.034025687351658,4.051400543738211,"Konnor Griffin","35376",804606
"Trent Grisham ","NYY","OF",253.82000732421875,281.688,-3.913103060424244,-1.5063175998843457,-1.474124516338069,-1.322292116142694,0.4468847490419197,-7.768952543747432,10.773252038224797,4.004299494477365,"Trent Grisham","18564",663757
"Francisco Alvarez ","NYM","C",165.25,215.401,-3.4567805580250512,-4.241924459978775,-6.204093284633028,-3.275174938547253,-2.0233537277312816,-19.20132696891539,22.027786544860128,3.8264595759447375,"Francisco Alvarez","26121",682626
"Tyler Stephenson ","CIN","C",294.75,220.628,-2.6771202069630404,-4.694336279244172,-5.996188262583938,-3.12754989562122,-2.7459704954542565,-19.241165139866627,22.027786544860128,3.7866214049935016,"Tyler Stephenson","17988",663886
"Lane Thomas ","KCR","OF",726.6699829101562,257.825,-2.1054378637959403,-3.6743339682993055,-2.3769158643942063,2.096322747133172,-2.1236755978124546,-8.184040547168735,10.773252038224797,3.5892114910560626,"Lane Thomas","16939",657041
"Victor Caratini ","MIN","C/1B/DH",681.02001953125,233.71,-1.6114841882681654,-4.920992445830635,-6.062628736859244,-3.24619973601847,-3.605689936942661,-19.446995043919177,22.027786544860128,3.5807915009409514,"Victor Caratini","14968",605170
"Masyn Winn ","STL","SS",364.7799987792969,350.622,-0.8140841603447984,-2.1648762162878934,-0.4360734710808227,0.3563117668301936,-3.6539840123293,-6.712706093212621,9.034025687351658,3.321319594139036,"Masyn Winn","27479",691026
"Yainer Diaz ","HOU","C/DH",113.04000091552734,189.445,0.4914304360954945,-5.629203680970029,-7.634573889690535,-3.192212094015436,-3.846677876813071,-19.81123710539358,22.027786544860128,3.216549439466549,"Yainer Diaz","23003",673237
"Steven Kwan ","CLE","OF",169.60000610351562,325.696,1.9411966565878893,-3.826441520582348,-2.00336234995795,0.659203586674942,-5.54509217006268,-8.774495797340146,10.773252038224797,2.998756240884652,"Steven Kwan","24610",680757
"Jackson Holliday ","BAL","2B",203.14999389648438,303.007,-1.9050891283908706,-2.6090464409586387,-0.9951946860925207,0.6560088669121743,-2.1437248319812143,-6.997046220511071,8.88539196677745,2.8883457462663795,"Jackson Holliday","31781",702616
"Matt McLain ","CIN","2B/SS",144.3000030517578,304.724,-4.2189205551254,-2.7463811196592727,-0.7819634883564288,1.652027251163292,-1.26454981303559,-7.359787725013401,9.034025687351658,2.6742379623382564,"Matt McLain","29695",680574
"Luis García Jr. ","WSN","1B/2B",261.8500061035156,260.155,1.7817242670397002,-2.04810617540081,-3.7993063340443354,-0.1368761156121471,-2.088979725815957,-6.291544083833549,7.5297211335921235,2.2381770497585745,"Luis Garcia Jr.","20391",671277
"Josh Jung ","TEX","3B",610.5,329.928,-0.03011638244958672,-0.33543445406749356,-1.5847686638219531,-2.4495902907346365,-1.2471395707419664,-5.647049361815636,6.883045326965682,2.235995965150046,"Josh Jung","26299",673962
"Dylan Crews ","WSN","OF",282.2200012207031,287.276,-3.7217218847751052,-2.721767473348897,-2.743297985883547,1.8289839864490256,-2.244266229850765,-9.602069587409288,10.773252038224797,2.17118245081551,"Dylan Crews","33541",686611
"Jac Caglianone ","KCR","OF",164.58999633789062,310.585,-3.733469553244091,-0.7306104744404507,-2.0317498752243957,-2.0092022883440115,-1.1536748869630014,-9.65870707821595,10.773252038224797,2.1145449600088466,"Jac Caglianone","35041",695506
"Carson Kelly ","CHC","C",591.9099731445312,208.774,-2.058001478510407,-5.268387162225549,-6.834996614285022,-3.1830837106297136,-3.6268982428959444,-20.971367208546635,22.027786544860128,2.0564193363134913,"Carson Kelly","13620",608348
"Austin Wells ","NYY","C",246.13999938964844,218.308,-5.074534204642122,-4.435351122708649,-6.486449484155138,-2.69617208708042,-2.2922601286461353,-20.984767027232465,22.027786544860128,2.0430195176276627,"Austin Wells","27562",669224
"Alec Bohm ","PHI","3B",239.8699951171875,310.153,1.9781994141050383,-0.9291176215705707,-2.192633137971575,-2.7525095566254563,-2.2921023248513066,-6.18816322691387,6.883045326965682,1.6948821000518124,"Alec Bohm","21618",664761
"Brooks Lee ","MIN","2B/3B/SS",542.5700073242188,326.221,-2.22821523565857,-0.7869133192979393,-2.072908412749182,-2.2586164480292985,-1.0729562078519228,-8.419609623586913,9.034025687351658,1.6144160637647436,"Brooks Lee","31595",686797
"Roman Anthony ","BOS","OF/DH",50.75,263.393,0.45652772079764814,-3.391349725645137,-2.844120656965321,-1.2677341796098434,-3.188383624537417,-10.23506046596007,10.773252038224797,1.5381915722647277,"Roman Anthony","31812",701350
"Jake Bauers ","MIL","1B/OF",999,251.435,-4.01060570239881,-1.486097788610436,-3.6997391136392115,-0.629363849419194,-0.48429797518524326,-10.310104429252895,10.773252038224797,1.4631476089719022,"Jake Bauers","15194",641343
"Kyle Manzardo ","CLE","1B/DH",253.4600067138672,295.816,-3.0847726385441283,0.6672970934834209,-2.379085136951958,-3.0572680163711117,0.7269626104873318,-7.126866087896445,7.5297211335921235,1.4028550456956776,"Kyle Manzardo","29794",700932
"Nolan Arenado ","ARI","3B",638.0599975585938,332.576,-1.3496390137716066,0.397893850100429,-1.827909954666387,-2.323604019299697,-1.46206892159997,-6.565328059237232,6.883045326965682,1.317717267728451,"Nolan Arenado","9777",571448
"Gleyber Torres ","DET","2B",261.510009765625,294.534,0.42773983096302237,-2.7156410952108216,-1.8460092514314541,-1.8754557846124762,-2.602979294474061,-8.612345594765792,8.88539196677745,1.2730463720116596,"Gleyber Torres","16997",650402
"Cedric Mullins ","TBR","OF",321.5,271.658,-5.218029497156033,-4.217933183520434,-2.882366211509121,4.15548321267158,-2.3393147745962724,-10.502160454110278,10.773252038224797,1.2710915841145192,"Cedric Mullins","17929",656775
"Travis Bazzana ","CLE","2B",999,340.636,-5.086299791946532,-2.5886848543130307,-0.5705753990605265,2.5938317350690707,-2.9889007030650716,-8.64062901331609,8.88539196677745,1.2447629534613602,"Travis Bazzana","34967",683953
"Royce Lewis ","MIN","3B",193.64999389648438,278.505,-2.466142567316605,-1.492105219614628,-2.3703799291246095,-0.48946751014433093,0.07432512929972059,-6.743770096900451,6.883045326965682,1.139275230065231,"Royce Lewis","20437",668904
"Tommy Edman ","LAD","2B/OF",730.1199951171875,285.829,-2.8062286370322838,-2.8376195787785394,-2.174130353699007,-0.5043775746728841,-2.3270054962978373,-10.649361640480551,10.773252038224797,1.1238903977442467,"Tommy Edman","19470",669242
"Daulton Varsho ","TOR","OF",192.2100067138672,265.597,-3.876340941990094,-2.218741245643881,-3.046882267703631,-1.0886446120838635,-0.5244733073637873,-10.755082374785259,10.773252038224797,1.01816966343954,"Daulton Varsho","19918",662139
"Max Muncy ","LAD","3B",234.3699951171875,251.849,-3.1925237326536644,-0.5508188778607906,-1.7337258480808566,-2.929326900304702,1.5233500319343312,-6.883045326965682,6.883045326965682,1,"Max Muncy","13301",571970
"Spencer Horwitz ","PIT","1B",738.1500244140625,299.777,1.311454039566475,-1.5988368432937061,-1.8951096040429158,-2.910812792543777,-2.4364159332782,-7.5297211335921235,7.5297211335921235,1,"Spencer Horwitz","26477",687462
"Luke Keaschall ","MIN","2B",114.8499984741211,266.819,1.883232642199928,-4.9648322743268265,-2.9527754845080394,1.836445468534129,-4.6874623186766415,-8.88539196677745,8.88539196677745,1,"Luke Keaschall","33321",807712
"J.P. Crawford ","SEA","SS",748.5399780273438,329.645,-2.1451355683120976,-1.9326121128590175,-0.8727003776304832,-2.0838065424673085,-1.9997710860827491,-9.034025687351658,9.034025687351658,1,"J.P. Crawford","15491",641487
"Jordan Lawlar ","ARI","2B/3B/SS/OF/DH",261.6499938964844,275.304,-2.776348792966807,-4.101268873419024,-2.8243863219729923,2.5510631103961687,-3.6223111602621434,-10.773252038224797,10.773252038224797,1,"Jordan Lawlar","29976",691783
"Kyle Teel ","CHW","C",266.8800048828125,180.394,-0.7883758611384634,-6.855942118034559,-7.674046074374735,-2.349188468681644,-4.360234022630726,-22.027786544860128,22.027786544860128,1,"Kyle Teel","33549",691019
"Gavin Sheets ","SDP","1B/OF/DH",684.8099975585938,291.514,-3.228740487471239,-1.3532794965387542,-3.0080687377137307,-2.412245622301576,-0.9138026373910818,-10.916136981416383,10.773252038224797,0.8571150568084149,"Gavin Sheets","19901",657757
"Sam Antonacci ","CHW","OF",999,295.009,0.18635018343499746,-5.399573235293393,-2.4041702505280877,1.921612745178883,-5.249945356390271,-10.945725913597872,10.773252038224797,0.8275261246269259,"Sam Antonacci","35101",803011
"Tyler O'Neill ","BAL","OF",477.6400146484375,264.238,-3.545287581539242,-2.1147898610335427,-2.9987393192475995,-1.9797650316296078,-0.31492034926463947,-10.953502142714632,10.773252038224797,0.8197498955101656,"Tyler O'Neill","15711",641933
"Lawrence Butler ","ATH","OF",157.22000122070312,245.937,-2.46003211795534,-3.936474227598229,-3.3273665382493003,0.8663432877468521,-2.2254078029160413,-11.082937398972058,10.773252038224797,0.6903146392527386,"Lawrence Butler","22542",671732
"Keibert Ruiz ","WSN","C",720.3499755859375,186.83,-1.0847446055197232,-5.699625790916671,-8.658585819094437,-2.743196289811883,-4.367983295330267,-22.55413580067298,22.027786544860128,0.47365074418714603,"Keibert Ruiz","19610",660688
"Lars Nootbaar ","STL","OF",745.989990234375,282.064,-1.7427879270425888,-2.7740537498369826,-2.6116303116150728,-1.7427659536547089,-2.4630871038114903,-11.334325045960844,10.773252038224797,0.43892699226395426,"Lars Nootbaar","21454",663457
"Cam Smith ","HOU","OF",341.8699951171875,279.705,-2.6606220951600266,-3.903962611746642,-2.3454115035732976,0.13076345373694695,-2.7543681612369744,-11.533600917979992,10.773252038224797,0.23965112024480528,"Cam Smith","35108",701358
"Jake McCarthy ","COL","OF",506.760009765625,237.904,1.0627725387131783,-6.127762782980329,-4.0390460986713475,2.800815542599292,-5.264490964851209,-11.567711765190415,10.773252038224797,0.20554027303438327,"Jake McCarthy","21622",664983
"Colt Emerson ","SEA","3B/SS",999,318.69,-4.72984193472984,-2.0577348858143294,-1.7012373713879927,0.49504439375160864,-1.8588639433375742,-9.852633741518128,9.034025687351658,0.18139194583352902,"Colt Emerson","33575",806068
"Ernie Clement ","TOR","2B/3B/SS",337.67999267578125,330.498,-0.21578932136755435,-2.516182371009638,-2.524263316262555,-0.9766128710834847,-3.8146204143898843,-10.047468294113116,9.034025687351658,-0.013442606761458809,"Ernie Clement","20352",676391
"Jimmy Crooks ","STL","C",999,185.105,-1.6729193963799762,-6.232655532029024,-7.831788601610561,-3.043387247185369,-4.310718860315101,-23.09146963752003,22.027786544860128,-0.06368309265990435,"Jimmy Crooks","31354",699625
"Luke Raley ","SEA","1B/OF",748.25,236.03,-3.3547303182011343,-2.901884672688984,-4.013734638444669,-1.4206203207998398,-0.3836890303038847,-12.07465898043851,10.773252038224797,-0.3014069422137122,"Luke Raley","19354",670042
"Henry Bolte ","ATH","OF",999,223.671,-0.4455516314930525,-6.034139373752398,-3.8709373166042944,2.0651330603770783,-3.8707359679024798,-12.156231229375146,10.773252038224797,-0.3829791911503493,"Henry Bolte","31448",703607
"Joe Mack ","MIA","C",999,216.371,-4.298079599293865,-5.170851113184588,-7.467020430151227,-2.7963378731371935,-3.804162273596096,-23.536451289362965,22.027786544860128,-0.5086647445028385,"Joe Mack","29780",691788
"Logan O'Hoppe ","LAA","C",246.50999450683594,190.344,-3.1379910501870247,-6.040979434693772,-8.110582301676194,-2.9728996255123947,-3.370417580644713,-23.632869992714095,22.027786544860128,-0.6050834478539697,"Logan O'Hoppe","24729",681351
"Dalton Rushing ","LAD","C",745.8300170898438,148.911,-1.9632374805459298,-6.690534113508235,-8.337297995677792,-3.230294083322438,-3.5757514708640503,-23.797115143918447,22.027786544860128,-0.7693285990583185,"Dalton Rushing","31382",687221
"Nick Gonzales ","PIT","2B/3B",999,295.794,2.038712374249064,-3.133369011573516,-3.039000905449089,-1.823394203200094,-4.746878067787723,-10.70392981376136,8.88539196677745,-0.8185378469839082,"Nick Gonzales","27490",693304
"Jakob Marsee ","MIA","OF",137.0800018310547,281.183,-5.038002072648311,-5.444921529714736,-2.6271062366414717,4.389979485705185,-4.080598419422112,-12.800648772721445,10.773252038224797,-1.0273967344966466,"Jakob Marsee","31370",805300
"Brayan Rocchio ","CLE","2B/SS",999,321.712,-3.1217160513788107,-3.6666348447243333,-2.1484913234749485,1.9269724090558014,-4.150374773771137,-11.160244584293427,9.034025687351658,-1.1262188969417704,"Brayan Rocchio","23690",677587
"Kyle Higashioka ","TEX","C/DH",999,183.404,-3.9363890307392118,-5.907562201750971,-8.291526063533265,-2.8939224957911365,-3.1701896039860853,-24.19958939580067,22.027786544860128,-1.1718028509405403,"Kyle Higashioka","5517",543309
"Andrew Vaughn ","MIL","1B/DH",272.2699890136719,285.811,0.35901898917858893,-0.9442130941979043,-3.829631161698715,-3.247656675066639,-2.104610453729524,-9.767092395514194,7.5297211335921235,-1.2373712619220711,"Andrew Vaughn","26197",683734
"Colt Keith ","DET","1B/2B/3B/DH",502.489990234375,267.758,0.5445736171526437,-3.0979119523005734,-3.492518052121129,-2.198667010206086,-2.8936684420934826,-11.138191839568627,8.88539196677745,-1.2527998727911767,"Colt Keith","27899",690993
"Jesús Sánchez ","TOR","OF",617.4299926757812,231.648,-0.6185223395313137,-4.1606367095748515,-4.587163492354773,-1.2244281613548542,-2.4777506283921795,-13.068501331207974,10.773252038224797,-1.295249292983176,"Jesus Sanchez","19913",660821
"TJ Rumfield ","COL","1B",999,294.118,-0.14060229728223492,-1.3977945602798172,-3.1136573413754016,-2.7961828715920025,-2.7317763061452704,-10.180013376674726,7.5297211335921235,-1.6502922430826041,"TJ Rumfield","29805",681198
"Vinnie Pasquantino ","KCR","1B/DH",77.0999984741211,254.839,-0.05331375433002948,-1.6218032520227323,-4.2157729240170925,-2.957891063986001,-1.466423956956136,-10.315204951311992,7.5297211335921235,-1.7854838177198697,"Vinnie Pasquantino","27676",686469
"Andrew Benintendi ","CHW","OF/DH",735.8099975585938,267.103,-2.0711935383689504,-2.742935257235268,-4.593902577257938,-2.6711201596073826,-1.7806037425355923,-13.859755275005131,10.773252038224797,-2.0865032367803344,"Andrew Benintendi","17901",643217
"Luis Campusano ","SDP","C/DH",999,158.389,-1.5658734179861256,-6.9170064527059685,-9.087841697763155,-3.351000610335865,-4.221097659738219,-25.142819838529334,22.027786544860128,-2.115033293669205,"Luis Campusano","22217",669134
"Daniel Susac ","SFG","C",999,194.599,-2.5114143857460762,-7.204511287190793,-8.054345703113242,-2.1412487839818537,-5.260698869785265,-25.172219029817228,22.027786544860128,-2.1444324849571026,"Daniel Susac","31441",691740
"Carson Benge ","NYM","OF",999,257.091,-1.6157281546991684,-4.3856955002573,-4.1687265618183815,-0.3060304889205641,-3.560435768238314,-14.036616473933726,10.773252038224797,-2.263364435708929,"Carson Benge","35177",701807
"Sal Frelick ","MIL","OF",216.39999389648438,262.239,0.25615976896527065,-5.043893670800595,-4.576572999692723,0.6179258312246654,-5.313701292160957,-14.060082362464337,10.773252038224797,-2.2868303242395407,"Sal Frelick","29622",686217
"Chase Meidroth ","CHW","2B/SS",646.8699951171875,309.959,-0.4059514474287286,-4.383837401847703,-2.429064164449094,-0.7450472868494374,-4.413080533692524,-12.376980834267487,9.034025687351658,-2.34295514691583,"Chase Meidroth","31580",805367
"Braden Montgomery ","CHW","OF",999,295.009,-3.392831582279468,-3.345147174534996,-3.2566381305319054,-1.2828031567451528,-2.908787617852966,-14.186207661944486,10.773252038224797,-2.412955623719689,"Braden Montgomery","35423",695731
"Endy Rodríguez ","PIT","C",999,175.285,-2.127842169299995,-7.0403804624959605,-8.538141986345607,-2.8402811885819723,-5.19176292254652,-25.738408729270052,22.027786544860128,-2.710622184409925,"Endy Rodriguez","25332",682848
"Ryan Jeffers ","MIN","C/DH",298.05999755859375,120.75,-0.0036992749648044666,-8.328777068786664,-9.69649416755025,-3.1758155173240716,-4.597620134556818,-25.802406163182606,22.027786544860128,-2.7746196183224776,"Ryan Jeffers","24618",680777
"Josh Bell ","MIN","1B/DH",636.3300170898438,293.112,-2.3817915495126445,-2.0157741817362487,-2.769804443954742,-2.980466466106857,-1.2587611505839726,-11.406597791894466,7.5297211335921235,-2.876876658302343,"Josh Bell","13145",605137
"Jasson Domínguez ","NYY","OF/DH",421.5400085449219,203.218,-0.8547650296718454,-5.7927992435623885,-5.732533779328513,0.9763322195381002,-3.4938798341376205,-14.897645667162267,10.773252038224797,-3.1243936289374696,"Jasson Dominguez","28080",691176
"Jeff McNeil ","ATH","2B/OF",440.5199890136719,284.397,0.01526411464855527,-3.4127752283215878,-3.161614713695579,-2.6199093370081137,-3.8339831147058674,-13.013018279082594,8.88539196677745,-3.1276263123051438,"Jeff McNeil","15362",643446
"Troy Johnston ","COL","1B/OF",748.4099731445312,233.889,0.792188513345832,-4.864819361482836,-5.370095150726078,-0.5664610798084161,-4.938539802285024,-14.947726880956523,10.773252038224797,-3.1744748427317244,"Troy Johnston","26143",687859
"Cooper Pratt ","MIL","SS",999,297.597,-2.739204572595227,-3.5960511348836794,-3.5548224279745906,0.6916102311138631,-4.187003596678824,-13.385471501018461,9.034025687351658,-3.351445813666804,"Cooper Pratt","33530",806198
"Dominic Canzone ","SEA","OF/DH",477.1600036621094,217.107,-1.648044980921746,-3.5963743346717045,-5.794975228464141,-2.3571592807667265,-1.7935424891078633,-15.19009631393218,10.773252038224797,-3.4168442757073816,"Dominic Canzone","26438",686527
"Cole Carrigg ","COL","SS/OF",999,211.805,-0.23114654511155894,-5.880134074015131,-5.073369453593611,1.8562977425788467,-4.353363152235609,-13.681715482377061,9.034025687351658,-3.6476897950254044,"Cole Carrigg","33253",694249
"Jacob Young ","WSN","OF",746.0700073242188,249.106,-1.3611598243693255,-6.918327486783791,-4.731938184157869,2.8296492607605743,-5.256753047037274,-15.438529281587684,10.773252038224797,-3.6652772433628877,"Jacob Young","29931",696285
"Caleb Durbin ","BOS","3B",219.8300018310547,291.435,-2.2005485925196178,-4.299167467788419,-3.0540649076890842,2.167204356797508,-4.391171136340815,-11.777747747540428,6.883045326965682,-3.8947024205747454,"Caleb Durbin","29646",702332
"Heliot Ramos ","SFG","OF",218.8000030517578,227.531,-0.4168930966230609,-4.567407672529,-5.365357335742525,-2.395300090381217,-3.1709151520612,-15.915873347337003,10.773252038224797,-4.142621309112205,"Heliot Ramos","22515",671218
"Garrett Mitchell ","MIL","OF",691.1699829101562,262.239,-5.12224609830369,-4.952723696394776,-3.8290238216177372,1.3863489762664951,-3.405084046399001,-15.922728686448709,10.773252038224797,-4.149476648223911,"Garrett Mitchell","27555",669003
"Mickey Gasper ","BOS","C/DH",999,161.241,-1.9387951626820874,-7.704718828268642,-9.269614225772393,-2.7702728434885278,-5.516008377489086,-27.199409437700734,22.027786544860128,-4.171622892840603,"Mickey Gasper","24759",681508
"Edmundo Sosa ","PHI","2B/3B/SS",999,240.777,-1.1518344771183875,-4.047371403935614,-4.614725063228687,-1.8035353421043188,-2.631582542465803,-14.249048828852809,9.034025687351658,-4.2150231415011525,"Edmundo Sosa","17022",624641
"Colton Cowser ","BAL","OF",251.72000122070312,207.106,-2.731616493648453,-4.73116423427227,-5.39825914110161,-1.058272268579791,-2.1450035667909675,-16.06431570439309,10.773252038224797,-4.291063666168292,"Colton Cowser","29591",681297
"Ha-Seong Kim ","ATL","SS",748.3800048828125,267.242,-3.0322978287157345,-5.588243814897247,-3.273144565464222,1.6166394172000427,-4.119623996645347,-14.396670788522508,9.034025687351658,-4.362645101170852,"Ha-Seong Kim","27506",673490
"Edgar Quero ","CHW","C/DH",475.1000061035156,156.474,-0.9694217249688755,-8.02943429113653,-9.625237851961542,-3.195852640489084,-5.578104316329488,-27.398050824885516,22.027786544860128,-4.370264280025389,"Edgar Quero","28022",700337
"Kody Clemens ","MIN","1B/2B/OF",700.7000122070312,237.606,-3.549842871011997,-3.295192382019637,-4.702139858494985,-1.6617721227756461,-1.1721280318268745,-14.381075266129141,8.88539196677745,-4.49568329935169,"Kody Clemens","20572",665019
"Nolan Schanuel ","LAA","1B",594.6599731445312,286.508,0.8298537826389656,-4.160694380912492,-3.559938424628939,-2.0704975430363586,-4.093767175215627,-13.055043741154453,7.5297211335921235,-4.52532260756233,"Nolan Schanuel","33189",694384
"Michael Massey ","KCR","2B",999,272.757,-2.3927177095743644,-2.0201007335454677,-5.088377923580831,-2.535968075241391,-2.410576289752344,-14.447740731694397,8.88539196677745,-4.562348764916945,"Michael Massey","27684",686681
"Mauricio Dubón ","ATL","2B/3B/SS/OF",743.3800048828125,312.941,-1.1076860026953588,-3.1587834484367496,-3.4994574748982283,-2.353274567405711,-4.501591866989175,-14.620793360425225,9.034025687351658,-4.586767673073567,"Mauricio Dubon","16530",643289
"Harrison Bader ","SFG","OF",554.3099975585938,223.539,-2.8889032258790746,-5.367847391417153,-5.2297876420417495,-0.1439673505357408,-3.1471793650324464,-16.777684974906165,10.773252038224797,-5.0044329366813685,"Harrison Bader","18030",664056
"Carlos Narváez ","BOS","C",443.010009765625,148.221,-2.6771994380866397,-7.718319652062133,-9.824215537172185,-2.8981675757370757,-4.986160154459057,-28.104062357517087,22.027786544860128,-5.076275812656961,"Carlos Narvaez","19722",665966
"Henry Davis ","PIT","C",999,143.415,-3.2582915336718505,-8.093492429048881,-9.610578040168958,-2.4093423109329763,-4.786911027169825,-28.15861534099249,22.027786544860128,-5.13082879613236,"Henry Davis","29617",680779
"David Hamilton ","MIL","2B/3B/SS",743.3300170898438,235.72,-5.783546818068001,-6.899643174874553,-4.719747800263982,6.499715878182106,-4.34309629759164,-15.246318212616073,9.034025687351658,-5.212292525264415,"David Hamilton","27531",666152
"Marcelo Mayer ","BOS","2B/3B/SS",589.5399780273438,271.405,-2.2533338305856687,-3.347463039187113,-4.61896308793727,-1.3120624258507798,-3.8106852186502174,-15.342507602211048,9.034025687351658,-5.308481914859391,"Marcelo Mayer","29668",691785
"Romy Gonzalez ","BOS","1B/2B",999,193.289,0.8848082352937026,-5.5895720578922745,-6.345197224233733,-0.3421815974250728,-3.9306577373002978,-15.322800381557673,8.88539196677745,-5.437408414780224,"Romy Gonzalez","21562",663853
"Miguel Amaya ","CHC","C",745.969970703125,150.277,-2.57332887392503,-7.983434791194331,-9.680717384242996,-3.3344520511643774,-5.007138451191096,-28.57907155171783,22.027786544860128,-5.551285006857704,"Miguel Amaya","21693",665804
"Carlos Cortes ","ATH","OF",999,230.756,-1.7143717966148049,-4.162854653101599,-5.441743706783751,-3.033322164554771,-3.0783713786199507,-17.430663699674877,10.773252038224797,-5.657411661450079,"Carlos Cortes","21842",666126
"Joc Pederson ","TEX","DH",999,237.229,-2.6186240282304176,-3.115198335015136,-4.209733264322923,-2.6510437885964873,-1.0103808890333201,-13.604980305198286,6.883045326965682,-5.721934978232602,"Joc Pederson","11899",592626
"Evan Carter ","TEX","OF",280.4800109863281,218.291,-3.592334405531294,-6.377301254261758,-5.1914211818336815,1.2692751221422498,-3.712065125655339,-17.603846845139824,10.773252038224797,-5.830594806915026,"Evan Carter","27790",694497
"Danny Jansen ","TEX","C",999,150.511,-4.526313315480925,-7.640901888711109,-9.446174454359815,-3.094767789272035,-4.160118430224504,-28.868275878048387,22.027786544860128,-5.840489333188258,"Danny Jansen","16535",643376
"Trevor Larnach ","MIN","OF/DH",748.52001953125,216.182,-0.5291595717270453,-5.354047721657424,-5.83284119545733,-2.387351989899259,-3.59551217447806,-17.698912653219118,10.773252038224797,-5.925660614994321,"Trevor Larnach","21501",663616
"Cole Young ","SEA","2B",704.2899780273438,299.768,-3.5188642036144686,-3.9453435987328183,-3.388428116344464,-0.8937743914479305,-4.066432762902597,-15.812843073042279,8.88539196677745,-5.927451106264828,"Cole Young","31680",702284
"Giancarlo Stanton ","NYY","OF/DH",251.4600067138672,176.055,-2.368793491772961,-4.110559365467007,-7.14457978528458,-3.2924226514348645,-0.8365108045256293,-17.752866098485047,10.773252038224797,-5.979614060260247,"Giancarlo Stanton","4949",519317
"Gary Sánchez ","MIL","C/DH",999,98.2169,-1.7580072290663364,-8.222143065861404,-11.275639182394752,-3.4462560757512533,-4.407076710716224,-29.109122263789967,22.027786544860128,-6.081335718929842,"Gary Sanchez","11442",596142
"Patrick Bailey ","CLE","C",747.8900146484375,180.278,-4.0545653856868995,-7.551725780655582,-9.335161966363856,-2.900505567171709,-5.371533762607321,-29.213492462485366,22.027786544860128,-6.18570591762524,"Patrick Bailey","27478",672275
"Sean Murphy ","ATL","C",746.0599975585938,113.255,-2.117974910089281,-8.450441063341314,-10.554808047303432,-3.426534234752047,-4.753983314667779,-29.303741570153846,22.027786544860128,-6.27595502529372,"Sean Murphy","19352",669221
"Nick Fortes ","TBR","C",999,188.895,-3.976807848976669,-7.6462797409460626,-9.301738579592634,-2.9629889611985085,-5.491950868701502,-29.37976599941538,22.027786544860128,-6.3519794545552495,"Nick Fortes","21538",663743
"A.J. Ewing ","NYM","OF",999,230.29,-1.2615306361569276,-6.7592807509478074,-5.470464425566845,0.8974778079503409,-5.58576900968881,-18.179567014410047,10.773252038224797,-6.406314976185252,"A.J. Ewing","33656",805999
"Oswald Peraza ","LAA","2B/3B",999,271.637,-5.705912755191519,-4.966046376132773,-4.35356390782885,1.8003742280236894,-3.0673315183020526,-16.292480329431505,8.88539196677745,-6.407088362654055,"Oswald Peraza","22823",672724
"Jorge Soler ","LAA","OF/DH",634.8099975585938,238.922,-4.844562581887141,-3.4159008946730687,-5.535925704549556,-3.308296140795656,-1.2962404253084385,-18.400925747213865,10.773252038224797,-6.627673708989066,"Jorge Soler","14221",624585
"Isaac Collins ","KCR","OF",666.1699829101562,239.907,-2.946537645111271,-6.047450639371486,-4.8646595653492435,0.16143495914320322,-4.773363775189454,-18.470576665878248,10.773252038224797,-6.697324627653452,"Isaac Collins","25477",686555
"Edouard Julien ","COL","1B/2B",746.0499877929688,233.889,-0.8484139922181063,-5.046744797555185,-4.933423256022271,-1.5583407375421237,-4.286010046935211,-16.6729328302729,8.88539196677745,-6.7875408634954475,"Edouard Julien","27534",666397
"Brandon Valenzuela ","TOR","C",999,129.803,-2.7308800050650195,-8.465647673442223,-10.490038812660679,-3.090345648021375,-5.054595758853869,-29.831507898043167,22.027786544860128,-6.8037213531830405,"Brandon Valenzuela","23813",678218
"Angel Martínez ","CLE","2B/OF",748.5800170898438,220.119,-1.7194442887947594,-5.0772841738080965,-6.0380609870557995,-0.5663104010154815,-3.299261753270048,-16.700361603944184,8.88539196677745,-6.814969637166736,"Angel Martinez","26540",682657
"Christian Vázquez ","HOU","C",999,151.755,-2.752300164161264,-8.589511589230607,-10.165378635032818,-2.7390371159901488,-5.707666181449062,-29.953893685863903,22.027786544860128,-6.926107141003773,"Christian Vazquez","9774",543877
"Jorge Polanco ","NYM","2B/DH",209.42999267578125,200.511,-1.257212752380937,-4.6359128112422034,-6.317026204459117,-2.358945469445085,-2.2540960669743697,-16.82319330450171,8.88539196677745,-6.9378013377242596,"Jorge Polanco","13152",593871
"Jake Mangum ","PIT","OF",672.4199829101562,206.159,1.4882047987130813,-7.725448670434807,-6.923245096282849,1.3982874573868451,-7.03246001021121,-18.79466152082894,10.773252038224797,-7.021409482604142,"Jake Mangum","26202",663968
"Curtis Mead ","WSN","1B/2B/3B",999,203.906,-0.9261576218542236,-4.8021804791452265,-6.476277943678576,-1.5899780693096495,-3.229727927631525,-17.024322041619204,8.88539196677745,-7.138930074841751,"Curtis Mead","23986",678554
"Ezequiel Duran ","TEX","1B/2B/3B/SS/OF",999,261.152,-3.036849977103829,-5.521197280431862,-4.727713515307549,0.6106229872858575,-4.5777572369723565,-17.252895022529735,9.034025687351658,-7.218869335178077,"Ezequiel Duran","23733",677649
"Bryce Eldridge ","SFG","DH",999,220.545,-1.0396477330445935,-3.615811978428869,-5.53602481907666,-2.9791543735668324,-2.063444043843239,-15.234082947960193,6.883045326965682,-7.351037620994511,"Bryce Eldridge","33390",805811
"Gabriel Arias ","CLE","2B/SS",748.3800048828125,231.075,-3.1246257108648225,-4.675507188247733,-5.5398199916428625,-0.9847440366927424,-3.0661404199171036,-17.390837347365263,9.034025687351658,-7.356811660013607,"Gabriel Arias","22563",672356
"Max Muncy ","ATH","2B/3B",672.719970703125,219.623,-2.261355702960227,-4.93606148576155,-5.450517099782229,-1.691836521642792,-2.9105860570423654,-17.25035686718916,8.88539196677745,-7.364964900411712,"Max Muncy","29779",691777
"Owen Caissie ","MIA","OF",528.5,232.325,-3.963949947274027,-4.2194440524179875,-6.044434543206525,-2.008393178905812,-3.0158330359672947,-19.252054757771646,10.773252038224797,-7.478802719546849,"Owen Caissie","27496",683357
"Rhys Hoskins ","CLE","1B",737.989990234375,249.999,-4.86322657223654,-2.8073949919102485,-4.375196180574235,-2.6936437573162775,-1.2966212507025998,-16.0360827527399,7.5297211335921235,-7.506361619147778,"Rhys Hoskins","16472",656555
"Freddy Fermin ","SDP","C",735.3099975585938,137.012,-2.2981241082144876,-8.960482768973025,-10.606681497854082,-2.9793188439979184,-5.75076292188832,-30.59537014092783,22.027786544860128,-7.567583596067701,"Freddy Fermin","21840",666023
"Drew Millas ","WSN","C",999,124.553,-1.4228659465734812,-9.413830846360424,-11.028400454823444,-2.2901987504744503,-6.450468078029424,-30.605764076261227,22.027786544860128,-7.5779775314011,"Drew Millas","25643",686452
"Eric Haase ","SFG","C",999,121.749,-2.607203620529415,-8.917250892494458,-10.84478270955429,-3.1163247715458353,-5.159944349447422,-30.645506343571423,22.027786544860128,-7.617719798711297,"Eric Haase","14111",606992
"Luis Robert Jr. ","NYM","OF",105.63999938964844,146.909,-1.0016764329451164,-7.688819561372948,-7.999606366555479,1.1680294027876623,-4.031000279096291,-19.553073237182172,10.773252038224797,-7.779821198957375,"Luis Robert Jr.","20043",673357
"Jonah Heim ","ATH","C/DH",999,99.1846,-1.4022705527711252,-9.285974091555104,-11.496738737997077,-3.2397296394250414,-5.477405114665109,-30.902118136413453,22.027786544860128,-7.874331591553325,"Jonah Heim","16930",641680
"Mike Yastrzemski ","ATL","OF",656.0999755859375,236.444,-3.9574836035411005,-4.777318725934377,-5.177896617993387,-2.4457986880849196,-3.379880858768892,-19.738378494322678,10.773252038224797,-7.965126456097879,"Mike Yastrzemski","14854",573262
"Kyle Karros ","COL","3B",999,229.873,1.7500997873985018,-4.794776921175659,-5.38597386032007,-2.628868069521554,-4.802637834884671,-15.862156898503454,6.883045326965682,-7.979111571537771,"Kyle Karros","33252",691720
"Tyler Freeman ","COL","2B/OF/DH",745.8599853515625,177.675,2.450678147199247,-7.74653174954402,-6.93849748641833,0.3965295559811739,-6.057237835282463,-17.895059368064395,8.88539196677745,-8.009667401286944,"Tyler Freeman","22532",671289
"Chase DeLauter ","CLE","OF/DH",999,204.183,-0.4777133629168924,-5.444732295638104,-7.064275227193154,-2.6884629730446328,-4.178449000554017,-19.8536328593468,10.773252038224797,-8.080380821122,"Chase DeLauter","32127",800050
"Luis Torrens ","NYM","C",999,137.976,-2.2302261948195317,-8.998177295923478,-10.624974103093997,-3.1776403706198337,-6.097690925431979,-31.12870888988882,22.027786544860128,-8.10092234502869,"Luis Torrens","15905",620443
"Paul Goldschmidt ","NYY","1B",748.3599853515625,207.242,-0.32644497212476054,-4.773115326460744,-6.327636379438607,-2.291656272751098,-2.9994991785989114,-16.71835212937412,7.5297211335921235,-8.188630995781999,"Paul Goldschmidt","9218",502671
"Daniel Schneemann ","CLE","2B/3B/OF",999,249.999,-4.689364096013466,-4.489741201534404,-5.057650311358858,-0.7497092722352083,-3.1783601720566885,-18.164825053198623,8.88539196677745,-8.279433086421173,"Daniel Schneemann","25180",682177
"Connor Norby ","MIA","1B/3B",728.1400146484375,255.258,-3.317779349995152,-3.8559307978957253,-5.0071096348748,-0.6884645182676331,-3.3305590206594773,-16.199843321692786,6.883045326965682,-8.316797994727104,"Connor Norby","29592",681393
"Jose Trevino ","CIN","C",999,135.543,-2.176205420125982,-8.956756059149573,-11.005778442686836,-3.331411217951179,-5.982139678970765,-31.452290818884332,22.027786544860128,-8.424504274024205,"Jose Trevino","16725",624431
"Marcell Ozuna ","PIT","DH",377.510009765625,228.07,-2.3359163840034713,-3.3333690053081777,-5.449538607429543,-3.355764437706341,-1.892871534575817,-16.367459969023347,6.883045326965682,-8.484414642057663,"Marcell Ozuna","10324",542303
"Vaughn Grissom ","LAA","1B/2B/3B",999,245.861,-1.0767481610455507,-5.328739015579863,-5.920769839796769,-1.6629304831501102,-4.571604927030442,-18.56079242660273,8.88539196677745,-8.675400459825282,"Vaughn Grissom","26031",687093
"Trevor Story ","BOS","SS",111.33000183105469,173.259,-1.0454163353880195,-6.223534449535359,-7.482613746142351,-0.35588540822876646,-3.781807997649372,-18.88925793694387,9.034025687351658,-8.855232249592214,"Trevor Story","12564",596115
"Amed Rosario ","NYY","2B/3B",999,172.031,1.4260221307179075,-6.827567819915559,-7.438490911023256,-1.494231576976256,-4.431674013296448,-18.76594219049361,8.88539196677745,-8.88055022371616,"Amed Rosario","15518",642708
"Hunter Feduccia ","TBR","C",999,153.842,-3.9183755598294385,-8.474876889693965,-10.398030656562032,-3.28884967369589,-5.963429739001654,-32.04356251878298,22.027786544860128,-9.015775973922848,"Hunter Feduccia","23372",676439
"Dylan Beavers ","BAL","OF",505.0400085449219,176.499,-1.357297791162623,-7.135683549432663,-7.273970637189295,-0.9968386858152412,-4.501454443758254,-21.26524510735808,10.773252038224797,-9.49199306913328,"Dylan Beavers","31695",687637
"Josh Lowe ","LAA","OF",297.0899963378906,171.508,-2.2330425403902656,-6.929191925754872,-7.986415699171742,-0.21873641816569944,-3.9004077397448125,-21.267794323227392,10.773252038224797,-9.494542285002595,"Josh Lowe","19953",666139
"Ty France ","SDP","1B",999,242.929,-1.0696044539675016,-4.426084660384683,-5.842825050978312,-2.8936371941422196,-3.809257996874851,-18.041409356347568,7.5297211335921235,-9.511688222755446,"Ty France","17982",664034
"Austin Martin ","MIN","OF",748.5599975585938,201.575,-0.5286606209176413,-8.27058849133696,-6.480456218494933,0.2046863597665093,-6.297069178151112,-21.37208814913414,10.773252038224797,-9.598836110909343,"Austin Martin","27462",668885
"Mark Vientos ","NYM","1B/3B/DH",652.5700073242188,215.401,-2.1253237094549506,-3.87787714484024,-6.313008199941907,-3.2853550715722295,-1.8979096099738046,-17.49947373578313,6.883045326965682,-9.616428408817448,"Mark Vientos","22184",668901
"Nathaniel Lowe ","CIN","1B/DH",999,193.915,-0.23768220110963692,-5.278357094720106,-6.5665269926561045,-3.22234641168495,-2.8691908025384882,-18.174103502709283,7.5297211335921235,-9.644382369117162,"Nathaniel Lowe","19566",663993
"Connor Wong ","BOS","C",999,90.1346,-1.0990735860532297,-10.401561237950771,-12.062365661862305,-2.606299528912216,-6.568792391361196,-32.73809240613972,22.027786544860128,-9.710305861279593,"Connor Wong","19896",657136
"Mitch Garver ","SEA","C/DH",999,89.6315,-2.465510849564119,-9.728643960332555,-11.91943232114963,-3.2896463637982416,-5.505192848949629,-32.908426343794176,22.027786544860128,-9.880639798934043,"Mitch Garver","15161",641598
"Travis d'Arnaud ","LAA","C",999,85.2584,-1.5978552455709707,-9.9783506396821,-12.39793265511106,-3.352359952959579,-5.842865164970054,-33.16936365829377,22.027786544860128,-10.141577113433634,"Travis d'Arnaud","7739",518595
"Drew Romo ","CHW","C",999,95.6786,-2.440318619986594,-9.891711169368094,-12.150737158344127,-2.976154109040484,-5.7891494228575935,-33.24807047959689,22.027786544860128,-10.220283934736766,"Drew Romo","27763",691011
"Josh Smith ","TEX","1B/2B/3B/SS",428.9100036621094,234.239,-2.4934276038749306,-6.2770474434345,-5.725460095028884,-0.9568407394932968,-4.825250943993023,-20.278026825824636,9.034025687351658,-10.24400113847298,"Josh Smith","26396",669701
"Brett Sullivan ","COL","C",999,89.3395,-1.5833997074776494,-9.960358684196096,-12.325117570275168,-3.102827320701045,-6.375970347687992,-33.347673630337944,22.027786544860128,-10.319887085477816,"Brett Sullivan","18217",664954
"Gabriel Rincones Jr. ","PHI","OF",999,209.15,-4.131743986707562,-6.092151933473679,-6.77927527067503,-0.8435906685077869,-4.274042288657687,-22.120804148021744,10.773252038224797,-10.347552109796947,"Gabriel Rincones Jr.","31958",687282
"Jake Meyers ","HOU","OF",738.1500244140625,199.364,-2.1585739177286563,-7.267435522501102,-6.857299491703154,-0.9250208915193927,-4.972988778307326,-22.181318601759635,10.773252038224797,-10.408066563534835,"Jake Meyers","20308",676694
"Agustín Ramírez ","MIA","C/DH",86.8499984741211,57.832,-0.4344732306671306,-10.855076922663189,-13.101755456175365,-2.679230672066971,-6.438912152718292,-33.509448434290945,22.027786544860128,-10.481661889430816,"Agustin Ramirez","26546",682663
"Blaze Alexander ","BAL","2B/3B/OF",745.9099731445312,203.025,-2.0500880984645486,-7.146490917809206,-6.38883362493612,-0.37752606663552873,-4.701250643612951,-20.66418935145835,8.88539196677745,-10.778797384680901,"Blaze Alexander","23789",677942
"Samad Taylor ","SDP","OF",999,202.117,-3.146508113658919,-8.371050760020063,-6.912083816415063,1.3838931040639826,-5.531685398397814,-22.57743498442788,10.773252038224797,-10.804182946203083,"Samad Taylor","22274",669392
"Pedro Pagés ","STL","C",748.2899780273438,73.4543,-1.1034326574697475,-10.462657111634954,-12.839872732959414,-3.324890466248968,-6.234598091359351,-33.96545105967243,22.027786544860128,-10.937664514812303,"Pedro Pages","25782",686780
"James McCann ","ARI","C",999,73.3475,-0.8582374941942031,-10.491964664160456,-12.857201783319697,-3.277301338120452,-6.508942754602066,-33.99364803439688,22.027786544860128,-10.965861489536747,"James McCann","12859",543510
"Nathan Lukes ","TOR","OF",999,197.7,0.12271056212719185,-7.186442736959485,-7.556501165808723,-2.5359391196627845,-5.600423363015742,-22.75659582331954,10.773252038224797,-10.98334378509474,"Nathan Lukes","18123",664770
"Nasim Nuñez ","WSN","2B/SS",583.0999755859375,203.906,-3.21678623258249,-9.706150636795108,-6.793142166250782,5.412844768842442,-6.754096918461584,-21.057331185247524,9.034025687351658,-11.023305497895867,"Nasim Nunez","25979",683083
"Ryan McMahon ","NYY","3B",732.8599853515625,234.405,-5.198840495970471,-3.8565009030980235,-5.469644797633489,-2.5013439961252066,-1.9128182836232128,-18.939148476450402,6.883045326965682,-11.05610314948472,"Ryan McMahon","15112",641857
"Noelvi Marte ","CIN","3B/OF",147.7100067138672,175.117,-0.3835964078303274,-6.540245611333263,-7.468574630289006,-0.7703069808912387,-3.893154588200969,-19.055878218544805,6.883045326965682,-11.172832891579123,"Noelvi Marte","26517",682622
"Taylor Trammell ","HOU","OF",999,232.095,-6.897201819242182,-5.614778036899663,-5.895692458559635,-1.1480633806062759,-3.411409882285043,-22.967145577592802,10.773252038224797,-11.193893539368002,"Taylor Trammell","19960",666211
"Jake Rogers ","DET","C",999,82.3108,-2.4556381962740597,-10.3411982708491,-12.28652089724705,-3.2412716440622535,-5.945079807136428,-34.2697088155689,22.027786544860128,-11.241922270708764,"Jake Rogers","19452",668670
"Wenceel Pérez ","DET","OF",748.5399780273438,165.613,-2.0198160426342686,-7.322407721391161,-8.002274726448293,-1.3136175188212131,-4.391827099347731,-23.04994310864267,10.773252038224797,-11.27669107041787,"Wenceel Perez","22857",672761
"Tristan Peters ","CHW","OF",999,225.243,-3.1641015237352774,-6.502815711718544,-6.862033791987165,-1.6588757415336794,-5.070652731704019,-23.258479500678682,10.773252038224797,-11.485227462453885,"Tristan Peters","30063",671976
"Austin Hedges ","CLE","C",999,103.585,-2.9988390359993966,-10.577511683146351,-12.064475535997786,-2.7253911477285513,-6.286436492385,-34.65265389525708,22.027786544860128,-11.624867350396958,"Austin Hedges","12976",595978
"Brendan Donovan ","SEA","2B/3B",268.5799865722656,168.308,1.0399711001865788,-7.064112818678021,-8.024800435817433,-2.5792787593242124,-4.946735409334144,-21.574956322967232,8.88539196677745,-11.68956435618978,"Brendan Donovan","24679",680977
"Miguel Andujar ","SDP","3B/OF/DH",722.9099731445312,190.456,0.8138704435594429,-5.947418502748283,-7.743455063883802,-2.3781927640192633,-4.4835140156521165,-19.738709902744024,6.883045326965682,-11.85566457577834,"Miguel Andujar","15878",609280
"Rafael Marchán ","PHI","C",999,81.6193,-1.7925313447616662,-10.510289431324093,-12.763862083299301,-3.273766904922429,-6.554967381409853,-34.895417145717346,22.027786544860128,-11.86763060085722,"Rafael Marchan","21646",665561
"Joey Bart ","ATL","C",999,52.6536,-0.5035576259101706,-11.230688993042119,-13.352502732565172,-3.402516264161209,-6.571585402069293,-35.06085101774796,22.027786544860128,-12.033064472887833,"Joey Bart","21524",663698
"Zach McKinstry ","DET","2B/3B/SS/OF",510.30999755859375,215.198,-3.631798568988789,-7.032892800492336,-6.380020867302763,0.057685062545016624,-5.159704877821507,-22.146732052060376,9.034025687351658,-12.112706364708718,"Zach McKinstry","19392",656716
"Victor Scott II ","STL","OF",391.1300048828125,190.002,-3.9257158356936115,-9.248206574317951,-7.399889668885735,2.8359953355333167,-6.211984982251001,-23.94980172561498,10.773252038224797,-12.176549687390182,"Victor Scott II","31349",687363
"Heriberto Hernández ","MIA","OF/DH",999,153.554,-1.8420168356122752,-6.986519638341676,-8.813863839010924,-2.2005911152659556,-4.151363231120661,-23.99435465935149,10.773252038224797,-12.221102621126693,"Heriberto Hernandez","24878",681715
"Brenton Doyle ","COL","OF",166.25,124.473,-0.4318887211537926,-8.634708196019096,-9.378993784360816,-0.541330931104074,-5.126822439286427,-24.113744071924206,10.773252038224797,-12.340492033699404,"Brenton Doyle","25479",686668
"Anthony Volpe ","NYY","SS",641.989990234375,176.055,-2.9621000219915894,-7.508133458316763,-7.478412977248921,0.14932384239306118,-4.658836069762776,-22.458158684926993,9.034025687351658,-12.424132997575333,"Anthony Volpe","27647",683011
"Javier Sanoja ","MIA","2B/3B/OF",999,179.478,0.4689773642120565,-7.473307780042361,-8.214646931616151,-1.053095944290633,-6.078860303409443,-22.350933595146532,8.88539196677745,-12.465541628369083,"Javier Sanoja","28253",691594
"J.C. Escarra ","NYY","C",999,82.4944,-2.2080548667044155,-10.726672890893386,-12.760804997637063,-3.2377172953270503,-6.713640188925656,-35.64689023948757,22.027786544860128,-12.619103694627443,"J.C. Escarra","20084",641555
"Griffin Conine ","MIA","OF",999,187.455,-4.011536747689453,-5.811627133072626,-8.170635863942513,-2.8502571401779515,-3.718663769946832,-24.562720654829374,10.773252038224797,-12.789468616604577,"Griffin Conine","21626",665052
"Jesus Rodriguez ","SFG","C/2B/OF",999,41.9136,0.1288633200166279,-11.849169784430076,-13.927522690958252,-3.0381500955966048,-7.196446613039581,-35.88242586400789,22.027786544860128,-12.85463931914776,"Jesus Rodriguez","26991",683679
"Nathan Church ","STL","OF",999,175.311,-1.5180140690742856,-7.586628354046838,-8.638836722364028,-1.4301705842212444,-5.549021542784088,-24.722671272490487,10.773252038224797,-12.949419234265688,"Nathan Church","31357",701675
"Braxton Fulford ","COL","C",999,39.1488,-0.4710287444666474,-11.694387874049742,-13.938769026554972,-3.121025833239701,-6.8743231023445865,-36.09953458065565,22.027786544860128,-13.071748035795519,"Braxton Fulford","29704",690924
"Edwin Arroyo ","CIN","2B/SS",999,175.117,-0.6480395852011094,-7.341159917270747,-8.267968438378391,-1.6543998403402762,-5.239915644164914,-23.151483425355437,9.034025687351658,-13.11745773800378,"Edwin Arroyo","29957",695490
"Jared Triolo ","PIT","1B/3B/SS",735.5399780273438,191.22,-1.5298138471527611,-7.461103683957345,-7.476439121985743,-1.1713461359495192,-5.6208379915802755,-23.259540780625642,9.034025687351658,-13.225515093273987,"Jared Triolo","25807",669707
"Joey Ortiz ","MIL","SS",743.4400024414062,212.148,-2.5831304547439937,-7.394918014354861,-7.155501362643553,-0.2919558820344393,-5.839529885686556,-23.2650355994634,9.034025687351658,-13.231009912111746,"Joey Ortiz","25493",687401
"Dominic Smith ","ATL","1B/DH",999,194.719,-0.710182499371116,-5.968890262643466,-7.609797366734254,-3.0010880871305274,-4.550608287790886,-21.84056650367025,7.5297211335921235,-13.310845370078127,"Dominic Smith","15653",642086
"Pavin Smith ","ARI","1B/DH",999,202.962,-2.897478341860126,-5.3513167435229185,-6.892993374378956,-2.900441343423901,-3.8077326572418144,-21.84996246042772,7.5297211335921235,-13.320241326835596,"Pavin Smith","19892",656976
"Coby Mayo ","BAL","1B/3B",459.1600036621094,180.58,-3.0149962352049573,-5.5692218853655735,-7.305006840031116,-2.592911141793004,-2.7348770633683728,-21.217013165763028,6.883045326965682,-13.333967838797346,"Coby Mayo","28312",691723
"Matt Wallner ","MIN","OF",340.5899963378906,146.069,-2.9372532784980603,-7.0559895704741535,-8.76749792264368,-2.8497246182690414,-3.5132294326625204,-25.123694822547453,10.773252038224797,-13.350442784322656,"Matt Wallner","26466",670242
"Bo Naylor ","CLE","C",574.2899780273438,41.8325,-1.016084336597526,-11.565950350852091,-13.943795046901025,-3.220448260292397,-6.6678158011582624,-36.4140937958013,22.027786544860128,-13.38630725094117,"Bo Naylor","21865",666310
"Alex Jackson ","MIN","C",999,50.6373,-1.636424986138062,-11.280646639087204,-13.779807250047785,-3.4120637744011164,-6.475203677293307,-36.58414632696748,22.027786544860128,-13.556359782107352,"Alex Jackson","17276",656577
"Reese McGuire ","CHW","C",999,42,-0.7591114247766644,-11.69979411139619,-14.087080736242859,-3.3342759504712687,-6.861946495397529,-36.74220871828451,22.027786544860128,-13.71442217342438,"Reese McGuire","15674",624512
"Rodolfo Durán ","SDP","C",999,37.8969,-0.7812683176866948,-11.76914915141071,-14.236248978209302,-3.35860583251038,-6.846897123069429,-36.99216940288651,22.027786544860128,-13.964382858026385,"Rodolfo Duran","20958",660710
"Blaze Jordan ","STL","1B/3B",999,179.228,0.6111141621328926,-6.2833204028890774,-8.32129064808054,-2.9596994496541202,-4.979783949465071,-21.932980287955917,6.883045326965682,-14.049934960990234,"Blaze Jordan","28199",691458
"Harry Ford ","WSN","C/DH",725.52001953125,34.1517,-0.5767244167927348,-12.044810260577883,-14.319369425706846,-3.1654215281388596,-7.128904550796668,-37.23523018201299,22.027786544860128,-14.207443637152862,"Harry Ford","29958",695670
"Victor Robles ","SEA","OF",727.5399780273438,142.414,-1.639821201218284,-9.82051169784951,-9.120832776490625,0.840962282181413,-6.321685987842504,-26.06188938121951,10.773252038224797,-14.288637342994713,"Victor Robles","18363",645302
"Ben Williamson ","TBR","2B/3B",999,195.71,-0.7570406544880626,-7.584615263917333,-8.056950095474381,-1.379043128986919,-6.399101268695055,-24.176750411561752,8.88539196677745,-14.2913584447843,"Ben Williamson","33197",810938
"Starling Marte ","KCR","OF/DH",999,131.401,0.14856505369182446,-9.063545053794742,-9.610218837875692,-1.5979879233952692,-5.986786884268094,-26.109973645641972,10.773252038224797,-14.336721607417173,"Starling Marte","9241",516782
"Joey Loperfido ","HOU","OF",746.02001953125,180.519,-3.222711345670196,-7.717997053017207,-8.307448355401586,-1.5998530194560847,-5.264762317502094,-26.112772091047166,10.773252038224797,-14.339520052822365,"Joey Loperfido","29630",694388
"Ali Sánchez ","NYY","C/1B",999,46.2773,-1.2240731157031661,-11.81200571363729,-14.121998748994612,-3.3858927772839453,-6.997220523066338,-37.54119087868535,22.027786544860128,-14.513404333825214,"Ali Sanchez","18551",645305
"Addison Barger ","TOR","3B/OF",193.08999633789062,170.741,-2.0040888338743548,-6.19041668389545,-7.966568190854139,-2.685414472092313,-3.564551477544021,-22.411039658260275,6.883045326965682,-14.527994331294595,"Addison Barger","24598",680718
"Esteury Ruiz ","MIA","OF",748.530029296875,104.696,-1.243675759139015,-10.072494292434996,-10.346457712822282,1.2230257899065116,-5.964329104171811,-26.403931078661593,10.773252038224797,-14.630679040436794,"Esteury Ruiz","21780",665923
"Nolan Gorman ","STL","2B/3B/DH",653.1400146484375,163.558,-3.7604894944665466,-5.9439456068847605,-8.7184538052249,-2.878389954937673,-3.262661172000918,-24.563940033514793,8.88539196677745,-14.678548066737344,"Nolan Gorman","22263",669357
"Matt Vierling ","DET","OF",999,150.738,-1.294131283269859,-8.371572205031228,-8.936362365112412,-2.439784024318496,-5.416715289158883,-26.45856516689088,10.773252038224797,-14.685313128666081,"Matt Vierling","21558",663837
"Tyler Heineman ","LAA","C",999,54.5257,-1.6598125613697041,-11.936169700604333,-13.921443666629207,-3.1469315042833625,-7.078609686336117,-37.742967119222726,22.027786544860128,-14.715180574362599,"Tyler Heineman","13897",623168
"Rafael Flores Jr. ","PIT","C/1B",999,26.8903,-0.38647248466595474,-12.178964680397783,-14.61714953270212,-3.426017237012947,-7.137067512549671,-37.745671447328476,22.027786544860128,-14.717884902468352,"Rafael Flores Jr.","31991",804668
"Leody Taveras ","BAL","OF",999,141.811,-1.84717909980928,-9.247125236737196,-9.329131444888498,-0.31708328613417414,-5.866255647016027,-26.60677471458517,10.773252038224797,-14.833522676360376,"Leody Taveras","18900",665750
"Elias Díaz ","TEX","C",999,27.9093,-0.6421387299299365,-12.214231904850992,-14.67013195882598,-3.45645419880174,-7.102966971382462,-38.08592376379111,22.027786544860128,-15.058137218930977,"Elias Diaz","11680",553869
"Everson Pereira ","CHW","OF",999,135.545,-2.3501346947962563,-8.032948638273984,-9.681315586105162,-2.4043579031209763,-4.420381725137007,-26.889138547433387,10.773252038224797,-15.11588650920859,"Everson Pereira","23695",677592
"Tyler Callihan ","PIT","2B/3B/OF",999,176.281,-3.245154086503315,-7.606986336233843,-8.244536639467146,-1.0162112029746229,-4.914683769929216,-25.027572035108143,8.88539196677745,-15.142180068330692,"Tyler Callihan","27497",682997
"Jonny DeLuca ","TBR","OF",999,141.184,-2.408680316497718,-8.771166991279317,-9.61513801135565,-0.5724594131774272,-5.592857369815913,-26.960302102126033,10.773252038224797,-15.187050063901232,"Jonny DeLuca","26365",676356
"Austin Barnes ",,"C/1B",999,28,-0.5918303040426315,-12.386569330854876,-14.666927080047971,-3.280531651974219,-7.312950760045074,-38.238809126964775,22.027786544860128,-15.21102258210465,"Austin Barnes","12158",605131
"Richie Palacios ","TBR","2B",999,210.316,-4.475512496691226,-7.77543710456379,-7.393762141702999,0.3974778168729577,-5.902163871414122,-25.149397797499176,8.88539196677745,-15.264005830721725,"Richie Palacios","24589",680700
"Cooper Ingle ","CLE","C",999,17.9282,-0.13534675812121008,-12.508200209446112,-14.942521788457332,-3.4391531591043005,-7.300187395504002,-38.32540931063296,22.027786544860128,-15.297622765772832,"Cooper Ingle","sa3023069",694876
"Dane Myers ","CIN","OF",999,129.607,-1.5239197552779777,-9.002843868327535,-9.988076453371937,-1.2889158028960532,-5.46371359740736,-27.267469477280862,10.773252038224797,-15.494217439056062,"Dane Myers","22054",667472
"Max Kepler ","ARI","OF",999,137.652,-1.5498800548973883,-7.601876415421677,-9.89942624121638,-3.23068850015827,-5.017381722611115,-27.299252934304832,10.773252038224797,-15.526000896080031,"Max Kepler","12144",596146
"Blake Hunt ","SDP","C",999,20.406,-0.5328547487011882,-12.430169312668227,-14.950877679083879,-3.450896383049072,-7.229103300435519,-38.593901423937886,22.027786544860128,-15.566114879077759,"Blake Hunt","sa3004153",675448
"Michael Conforto ","CHC","OF",999,155.32,-3.2065102237436367,-7.282911265511001,-9.127935281326506,-3.2517310577597893,-4.545589137202242,-27.414676965543176,10.773252038224797,-15.641424927318376,"Michael Conforto","16376",624424
"Austin Hays ","CHW","OF/DH",572.469970703125,120.595,-0.5794205575884718,-8.475521487040714,-10.468815650942064,-2.906716607397778,-5.02148549472939,-27.45195979769842,10.773252038224797,-15.678707759473625,"Austin Hays","19363",669720
"Blake Dunn ","CIN","OF",999,144.447,-1.5575827418051928,-9.477559777053745,-9.420477783063255,-1.0381331833536218,-6.047580796225705,-27.541334281501516,10.773252038224797,-15.76808224327672,"Blake Dunn","29487",694362
"Jase Bowen ","SDP","OF",999,157.418,-3.9041171409232147,-8.224960551002372,-9.277811208045868,-1.1695028594953314,-5.006768398380715,-27.583160157847498,10.773252038224797,-15.809908119622701,"Jase Bowen","26047",687749
"Jhonny Pereda ","SEA","C",999,16.9304,-0.26869212848219065,-12.628701165358349,-15.079396709767028,-3.4786840037412143,-7.391749189703541,-38.84722319705233,22.027786544860128,-15.819436652192202,"Jhonny Pereda","19802",640902
"Jorge Mateo ","ATL","SS",999,111.268,-1.559267596792872,-9.866151953417656,-9.795115933778389,1.049584893122587,-5.709285271676072,-25.8802358625424,9.034025687351658,-15.846210175190745,"Jorge Mateo","17273",622761
"Carson Williams ","TBR","SS",724.5499877929688,148.973,-3.2929005952221657,-7.606202366487795,-9.051479319234332,-1.4595459501017556,-4.489087226428139,-25.899215457474185,9.034025687351658,-15.86518977012253,"Carson Williams","30038",700246
"Sam Huff ","BAL","C",999,14.2831,-0.47413075451539927,-12.630080020959586,-15.17462507752044,-3.48817359317491,-7.290599977909307,-39.057609424079644,22.027786544860128,-16.029822879219516,"Sam Huff","22209",669087
"Chuckie Robinson ","LAD","C",999,13.9916,-0.35879078969804257,-12.703802838778595,-15.171868191132894,-3.4710034400260086,-7.388618152785489,-39.09408341242103,22.027786544860128,-16.0662968675609,"Chuckie Robinson","19824",642020
"Luca Tresh ","KCR","C",999,9.95464,-0.2197335439588225,-12.770265000393046,-15.323092290696218,-3.4748218390224253,-7.396237553980914,-39.18415022805143,22.027786544860128,-16.1563636831913,"Luca Tresh","sa3017394",681123
"Jeremiah Jackson ","BAL","2B/OF",999,134.67,-1.146166780685848,-7.940064743802668,-9.813336487677677,-2.4121976603360653,-4.745313713932349,-26.05707938643461,8.88539196677745,-16.171687419657154,"Jeremiah Jackson","22239",669236
"Garrett Stubbs ","PHI","C/1B/3B/OF/DH",999,10.2024,-0.2365796699958237,-12.837551118716169,-15.308929567253333,-3.40081805721429,-7.44695288585212,-39.230831299031735,22.027786544860128,-16.203044754171607,"Garrett Stubbs","18067",596117
"Dom Keegan ","TBR","C",999,6.81578,-0.1743648770883212,-12.877939114903796,-15.434670359749214,-3.475408207715083,-7.432631509086497,-39.39501406854291,22.027786544860128,-16.367227523682782,"Dom Keegan","sa3020194",681371
"Will Banfield ","CIN","C",999,6.92554,-0.20664552710917516,-12.893242876427978,-15.456845126369014,-3.4862173156668548,-7.4419823847613396,-39.48493323033436,22.027786544860128,-16.457146685474235,"Will Banfield","23790",677943
"Sebastián Rivero ","LAA","C",999,9.91376,-0.3162351768188953,-12.867036829117389,-15.399570197693661,-3.4655656685615708,-7.458935383644613,-39.507343255836126,22.027786544860128,-16.479556710976,"Sebastian Rivero","21735",665861
"Spencer Jones ","NYY","OF/DH",999,113.681,-2.5000186463131597,-8.720150084962418,-10.402362523748405,-1.8814756631276537,-4.750771337795923,-28.254778255947564,10.773252038224797,-16.481526217722763,"Spencer Jones","31532",682987
"Jeferson Quero ","MIL","C",999,3.92867,-0.0485045271462795,-12.974880794353169,-15.53841458089211,-3.4748291143688568,-7.487655264872397,-39.524284281632816,22.027786544860128,-16.49649773677269,"Jeferson Quero","28272",691620
"Hayden Senger ","NYM","C",999,6.94841,-0.24210237304752655,-12.91996152656222,-15.44951341918921,-3.4724364945814283,-7.445267094770641,-39.52928090815102,22.027786544860128,-16.50149436329089,"Hayden Senger","21489",663584
"Yohel Pozo ","STL","C",999,3.91756,-0.03798357123102631,-12.978405222710775,-15.551660857412676,-3.4903274034145118,-7.494825893329347,-39.55320294809834,22.027786544860128,-16.52541640323821,"Yohel Pozo","18848",650968
"Korey Lee ","CHW","C/OF/DH",999,3.98661,-0.10307362190433944,-12.994927554067715,-15.53711219799313,-3.456921776504132,-7.4820024925601745,-39.57403764302949,22.027786544860128,-16.54625109816936,"Korey Lee","25543",686676
"Eduardo Valencia ","DET","C/1B",999,2.97509,-0.02791892952958853,-13.009889201782817,-15.563659239860607,-3.4864085197261367,-7.489788550357873,-39.57766444125702,22.027786544860128,-16.549877896396897,"Eduardo Valencia","sa3006622",680664
"Collin Price ","HOU","C/1B/DH",999,2.97558,-0.10380716374473398,-13.013249261196183,-15.567707877181018,-3.47629609695451,-7.480855817435616,-39.641916216512065,22.027786544860128,-16.614129671651934,"Collin Price","31415",805672
"Jair Camargo ","ATL","C",999,3.97386,-0.1338630086637362,-12.990540571257238,-15.551157179001336,-3.484954502180919,-7.486601844475417,-39.647117105578644,22.027786544860128,-16.619330560718517,"Jair Camargo","21730",665856
"Brian Serven ","ATH","C",999,3.03626,-0.07550004456973144,-13.026698275330878,-15.568566562213041,-3.4878715939305027,-7.5035392212925185,-39.662175697336664,22.027786544860128,-16.63438915247654,"Brian Serven","19422",661531
"Willie MacIver ","TOR","C",999,2.99545,-0.08035858598337617,-13.03414607239782,-15.57328493651475,-3.4694513103708626,-7.509569659556573,-39.666810564823386,22.027786544860128,-16.639024019963262,"Willie MacIver","24641",680862
"Derek Hill ","PHI","OF",999,112.227,-1.9222797726913095,-9.69399850498828,-10.37332653641633,-0.9253952555878133,-5.512257917003696,-28.427257986687426,10.773252038224797,-16.65400594846263,"Derek Hill","16947",656537
"Brian Navarreto ","MIA","C",999,2.99131,-0.08272878020755443,-13.022048213975472,-15.588883733240477,-3.485964921934389,-7.507755250284673,-39.68738089964256,22.027786544860128,-16.659594354782435,"Brian Navarreto","16398",640459
"Tomás Nido ","DET","C",999,2.97509,-0.06421319324972015,-13.04337671072112,-15.586045931879395,-3.4859797647775466,-7.514165356163089,-39.69378095679087,22.027786544860128,-16.66599441193074,"Tomas Nido","13755",621512
"Chadwick Tromp ","BAL","C",999,3.06067,-0.09663846972575053,-13.026280214452647,-15.585416580992531,-3.4903858420504212,-7.506037832935274,-39.70475894015662,22.027786544860128,-16.676972395296495,"Chadwick Tromp","16953",644433
"César Salazar ","HOU","C/DH",999,2.97558,-0.09660879118527879,-13.03766782557131,-15.58223765607396,-3.4811254142360917,-7.513510657842951,-39.71115034490959,22.027786544860128,-16.683363800049463,"Cesar Salazar","21587",663967
"Jake Cronenworth ","SDP","2B",738.2999877929688,182.682,-3.292675381237179,-7.510530423287436,-8.096747038396327,-2.6889839676141922,-5.180179774625026,-26.769116585160162,8.88539196677745,-16.88372461838271,"Jake Cronenworth","18036",630105
"TJ Friedl ","CIN","OF",265.1499938964844,129.607,-1.703432977945091,-9.317190505282188,-9.95195834646133,-2.0927402304637077,-5.631981792774102,-28.697303852926414,10.773252038224797,-16.924051814701617,"TJ Friedl","19522",670770
"Jake Fraley ","TBR","OF",999,118.789,-1.781774741617873,-9.272035950510729,-10.617377782972367,-1.1632901725064986,-5.866862696669566,-28.701341344277033,10.773252038224797,-16.928089306052236,"Jake Fraley","19260",641584
"Masataka Yoshida ","BOS","DH",748.3300170898438,157.235,0.6834491612868516,-7.617219994949484,-9.184176097528907,-2.841858375619493,-5.884489700817894,-24.844295007628926,6.883045326965682,-16.961249680663244,"Masataka Yoshida","31837",807799
"Brady House ","WSN","3B",710.1199951171875,150.669,-0.9712526819567381,-7.0871987752840315,-9.592558175613554,-2.61373624094074,-4.666150071847429,-24.93089594564249,6.883045326965682,-17.047850618676808,"Brady House","29993",691781
"Ildemaro Vargas ","ARI","1B/2B",999,179.852,-2.0363624749847444,-7.535879979895825,-8.962721908742724,-2.6155845262983357,-5.897817716160801,-27.048366606082432,8.88539196677745,-17.16297463930498,"Ildemaro Vargas","13324",545121
"Gavin Lux ","TBR","OF/DH",745.989990234375,134.368,-0.8915222595915882,-8.88042834415426,-10.162927835041696,-2.8812783082111637,-6.183859076181069,-29.000015823179776,10.773252038224797,-17.22676378495498,"Gavin Lux","19955",666158
"Christopher Morel ","MIA","OF/DH",999,112.673,-2.47399507318015,-8.837941088748664,-10.540036116595436,-2.2355834517053093,-5.032875609595588,-29.12043133982515,10.773252038224797,-17.347179301600352,"Christopher Morel","21897",666624
"Drew Gilbert ","SFG","OF",999,163.663,-3.433858872722145,-8.285397109133845,-9.29192905316897,-2.576270947135194,-5.616808462944807,-29.20426444510496,10.773252038224797,-17.431012406880164,"Drew Gilbert","31545",687551
"Will Benson ","CIN","OF",999,106.851,-2.458617656424372,-9.084499573880464,-10.648289916920334,-2.0963539141197627,-4.968446824065034,-29.256207885409964,10.773252038224797,-17.482955847185167,"Will Benson","21853",666181
"Kyle Isbel ","KCR","OF",999,142.351,-2.11636909949636,-9.369334405655474,-9.901314337810716,-1.7481146391131983,-6.174072183817126,-29.309204665892874,10.773252038224797,-17.535952627668077,"Kyle Isbel","21614",664728
"Taylor Walls ","TBR","SS",999,198.631,-6.122721517486609,-8.731963097289063,-7.953193353214364,1.4286724260721106,-6.194548245224296,-27.57375378714222,9.034025687351658,-17.539728099790562,"Taylor Walls","22458",670764
"Brett Baty ","NYM","2B/3B",292.9200134277344,146.909,-2.3391733207372374,-8.081011390394572,-9.58334544517224,-2.7150254622783514,-4.952813184642338,-27.671368803224738,8.88539196677745,-17.785976836447286,"Brett Baty","26123",683146
"Ryan Vilade ","TBR","OF",999,122.684,-1.8582810799843812,-8.854602698638791,-10.78525494633956,-2.541490905862206,-5.668734937121628,-29.708364567946568,10.773252038224797,-17.935112529721767,"Ryan Vilade","22165",668723
"Ryan Waldschmidt ","ARI","OF",999,110.524,-1.1174925278124466,-9.673217299287026,-10.761395057024012,-1.90729086514195,-6.289335918751783,-29.748731668017225,10.773252038224797,-17.975479629792424,"Ryan Waldschmidt","35061",814439
"Kameron Misner ","KCR","OF",999,123.437,-3.0116116961266983,-9.03290415195786,-10.463649745554209,-1.6072987200646964,-5.633831474524183,-29.749295788227645,10.773252038224797,-17.97604375000285,"Kameron Misner","26374",670224
"José Fermín ","STL","OF",999,114.589,-1.1173607524705662,-9.762580238446784,-10.790401872349882,-1.894785760400446,-6.3256436022024705,-29.890772225870148,10.773252038224797,-18.11752018764535,"Jose Fermin","21746",665877
"Denzer Guzman ","LAA","3B/SS",999,148.706,-2.8589986515448556,-8.469172233212385,-9.840139937860231,-1.9615269967846078,-5.123395447465344,-28.253233266867422,9.034025687351658,-18.219207579515768,"Denzer Guzman","28816",694203
"Jose Siri ","LAA","OF",999,108.06,-2.8187688499215335,-9.37786946325468,-10.928457161567252,-1.8410524403218251,-5.048407637349659,-30.01455555241495,10.773252038224797,-18.241303514190154,"Jose Siri","17452",642350
"Luisangel Acuña ","CHW","2B/SS/OF",395.510009765625,131.558,-1.245251442018421,-10.212761198208774,-10.2070060334766,0.2957309327170975,-6.949532915031409,-28.31882065601811,9.034025687351658,-18.284794968666453,"Luisangel Acuna","26548",682668
"Alejandro Osuna ","TEX","OF",999,111.637,-0.9322305902477462,-10.21206493695539,-10.906270620703985,-1.4365542600771048,-6.6168151140969504,-30.103935522081176,10.773252038224797,-18.33068348385638,"Alejandro Osuna","27915",696030
"David Fry ","CLE","OF/DH",999,97.6093,-1.3236393468160268,-9.140263251805328,-11.391062266846838,-3.1214441452893946,-5.265157554866447,-30.241566565624037,10.773252038224797,-18.468314527399237,"David Fry","24934",681807
"Alan Roden ","MIN","OF",999,106.144,-0.43350534441268956,-9.897786784714182,-11.137275302557534,-2.6790052027984905,-6.404321095050462,-30.55189372953336,10.773252038224797,-18.77864169130856,"Alan Roden","31564",702176
"Jordan Beck ","COL","OF",232.9199981689453,75.2861,-0.05037342862273064,-10.243202052593217,-11.951318378340876,-2.159255723118928,-6.15391842647061,-30.558068009146364,10.773252038224797,-18.784815970921567,"Jordan Beck","31431",687597
"Brice Matthews ","HOU","2B/OF",740.969970703125,110.097,-2.6111408001822656,-9.43995055562355,-10.361296774291546,-1.146855754579113,-5.1371424289720125,-28.696386313648485,8.88539196677745,-18.810994346871034,"Brice Matthews","33280",694728
"Matt Shaw ","CHC","3B/OF",336.67999267578125,118.003,-0.7765066539637773,-9.093877173678008,-9.998029028066988,-1.4006243667039355,-5.53547327177552,-26.804510494188232,6.883045326965682,-18.92146516722255,"Matt Shaw","33322",807713
"Wade Meckler ","LAA","OF",999,118.965,-0.5038664691627138,-9.941811341713754,-11.062488471278188,-2.5148833364978147,-6.79606020839666,-30.819109827049132,10.773252038224797,-19.045857788824335,"Wade Meckler","31490",685133
"Tristan Gray ","MIN","3B/SS",999,179.178,-5.153540620863986,-7.1383748785225425,-9.248932327783354,-3.098416329406602,-4.518728718575522,-29.157992875152004,9.034025687351658,-19.123967187800343,"Tristan Gray","19877",656484
"Isiah Kiner-Falefa ","BOS","2B/3B/SS",746.1500244140625,118.176,-0.019092854678455912,-10.094767743997688,-10.874900872875559,-1.296195592156161,-6.973263861676235,-29.2582209253841,9.034025687351658,-19.224195238032443,"Isiah Kiner-Falefa","16512",643396
"Rob Refsnyder ","SEA","OF/DH",999,89.6315,-0.9855508983806542,-9.76104173536661,-11.629216901980099,-3.0133345128878037,-5.639463352209169,-31.028607400824335,10.773252038224797,-19.255355362599534,"Rob Refsnyder","13770",608701
"Miguel Rojas ","LAD","2B/3B/SS",999,116.93,-0.43833255709909197,-9.544996494162854,-10.498823101227739,-2.5661836332072774,-6.411350497117691,-29.45968628281465,9.034025687351658,-19.425660595462997,"Miguel Rojas","7802",500743
"Christian Moore ","LAA","2B",748.3499755859375,118.965,-1.8873036842179036,-9.422511584161482,-10.528803488326936,-2.1872967994696544,-5.552306889686012,-29.578222445861986,8.88539196677745,-19.692830479084535,"Christian Moore","34979",695681
"Sung-Mun Song ","SDP","2B/3B/SS",999,141.87,-3.1463259976578963,-8.73603162993665,-10.285605962289818,-1.9105076789718056,-5.780642866633424,-29.859114135489595,9.034025687351658,-19.82508844813794,"Sung-Mun Song","37122",823550
"Eli White ","ATL","OF",999,72.5229,-0.4127771884644068,-10.67593938513411,-12.165426845082822,-2.156353166516596,-6.312785795584005,-31.723282380781946,10.773252038224797,-19.95003034255715,"Eli White","19346",642201
"Jared Young ","NYM","1B/DH",999,128.049,-2.1744645872505854,-8.463962589045549,-10.177767247980913,-2.7286813111165342,-4.936577445131625,-28.4814531805252,7.5297211335921235,-19.95173204693308,"Jared Young","20404",676724
"Tommy Troy ","ARI","OF",999,91.4332,-0.738343590954755,-10.19908408004153,-11.72838168928758,-2.57514689431832,-6.529881818748583,-31.77083807335077,10.773252038224797,-19.997586035125977,"Tommy Troy","33279",694371
"Parker Meadows ","DET","OF",745.6900024414062,94.2112,-1.8830905198806696,-10.25416831751982,-11.495795744109774,-2.0246601759521594,-6.1249213968690785,-31.782636154331502,10.773252038224797,-20.009384116106705,"Parker Meadows","23800",678009
"Abimelec Ortiz ","WSN","1B",999,132.589,-2.2935177218086995,-7.805693530816403,-10.516353016666889,-3.141952619988134,-4.886781322184986,-28.644298211465117,7.5297211335921235,-20.114577077872998,"Abimelec Ortiz","sa3016926",694673
"James Outman ","DET","OF",999,98.178,-3.229145811574646,-9.690151646544743,-11.327330571509089,-2.2733179226077054,-5.471882272997029,-31.991828225233213,10.773252038224797,-20.218576187008416,"James Outman","24770",681546
"Tyrone Taylor ","NYM","OF",999,94.2999,-1.7294257202767171,-10.29354913035315,-11.735136941808644,-2.2254952457808956,-6.221481451579257,-32.20508848979866,10.773252038224797,-20.431836451573865,"Tyrone Taylor","13675",621438
"Nelson Velázquez ","STL","OF/DH",748.5599975585938,76.3924,-1.2447221232434236,-9.99805261040345,-12.269276726880722,-2.9620611133034913,-5.764779217989483,-32.23889179182057,10.773252038224797,-20.465639753595774,"Nelson Velazquez","23359",676369
"Jahmai Jones ","DET","OF/DH",999,71.4022,-0.804107893975286,-10.657488762290933,-12.174395655375875,-2.7309128805075247,-6.07769919356853,-32.44460438571815,10.773252038224797,-20.67135234749335,"Jahmai Jones","18872",663330
"Ryan Kreidler ","MIN","OF",999,113.934,-3.521999181884919,-9.891269022446185,-11.064750883373822,-2.264816372606708,-5.9015332385366355,-32.64436869884827,10.773252038224797,-20.87111666062347,"Ryan Kreidler","25867",668952
"Moisés Ballesteros ","CHC","DH",594.3599853515625,104.891,-0.29207136416175133,-8.84956997331503,-11.162553724608513,-3.285689604566288,-5.460889870277947,-29.05077453692953,6.883045326965682,-21.16772920996384,"Moises Ballesteros","28820",694208
"Ramón Urías ","STL","2B/3B",999,95.0008,-0.7518604454953406,-9.683864869998857,-11.631026972244586,-3.0930215688982687,-5.9559986942499865,-31.115772550887034,8.88539196677745,-21.230380584109582,"Ramon Urias","18795",602104
"Esmerlyn Valdez ","PIT","OF",999,74.6954,-1.1546977302269428,-10.146155008435995,-12.521503516043024,-3.2982733422297876,-5.9274702720428785,-33.04809986897863,10.773252038224797,-21.274847830753835,"Esmerlyn Valdez","29005",699013
"José Tena ","WSN","3B/DH",999,124.553,-1.2870416669475124,-9.249814763597772,-10.665042029350683,-1.8120834131534085,-6.164941691186468,-29.178923564235845,6.883045326965682,-21.295878237270163,"Jose Tena","23691",677588
"Hao-Yu  Lee ","DET","2B",999,86.2776,-0.4365712964761338,-10.164770535260237,-11.873847371020771,-2.6384496214354805,-6.241471873263599,-31.355110697456215,8.88539196677745,-21.469718730678764,"Hao-Yu  Lee","30080",701678
"Andruw Monasterio ","BOS","1B/2B/SS",999,94.1406,-1.2889641250058625,-10.019661039353977,-11.801998477089164,-2.1604449602952234,-6.259172393017451,-31.53024099476168,9.034025687351658,-21.496215307410022,"Andruw Monasterio","19455",655316
"Myles Straw ","TOR","OF",999,90.8621,-1.2403353741708343,-11.151463143144607,-12.059689921100452,-1.8262089324549966,-7.066171173426188,-33.343868544297074,10.773252038224797,-21.570616506072277,"Myles Straw","17620",664702
"Kyler Fedko ","MIN","OF",999,80.8249,-1.846948514961792,-10.376322818815959,-12.308142625893806,-2.813930171133237,-6.055911060572071,-33.40125519137687,10.773252038224797,-21.628003153152072,"Kyler Fedko","29930",693459
"Jorbit Vivas ","WSN","2B/3B",999,124.553,-1.7292729990175955,-9.65003642527115,-11.114277920509767,-2.3819145164817264,-6.7983248529854485,-31.67382671426569,8.88539196677745,-21.78843474748824,"Jorbit Vivas","23917",678391
"Leo Jiménez ","MIA","2B",999,108.684,-0.9802162087223336,-9.795671871761826,-11.449935593006721,-3.013091169381819,-6.545187476667822,-31.784102319540526,8.88539196677745,-21.898710352763075,"Leo Jimenez","23782",677870
"Jacob Gonzalez ","CHW","1B/3B",999,139.531,-3.1237233276029994,-8.601989624169414,-10.391285948139599,-2.4238038384536003,-5.314181108865527,-29.854983847231143,6.883045326965682,-21.97193852026546,"Jacob Gonzalez","33225",694378
"Colby Thomas ","ATH","OF",748.5900268554688,53.6407,-0.4889144723096816,-10.984771650984241,-13.101452840544741,-2.9967236168841755,-6.26689895594578,-33.83876153666861,10.773252038224797,-22.06550949844382,"Colby Thomas","31855",687515
"Yohendrick Piñango ","TOR","OF",999,71.8909,-0.9117782655547008,-10.670077934703318,-12.750324515070702,-3.129820918703438,-6.4672990755817,-33.929300709613855,10.773252038224797,-22.15604867138906,"Yohendrick Pinango","26664",682818
"Pedro Ramírez ","CHC","2B/3B/DH",999,75.6428,0.10392907156963879,-10.608012011097735,-12.378695298634067,-2.4889888840254857,-6.6926816904557,-32.06444881264334,8.88539196677745,-22.179056845865894,"Pedro Ramirez","29218",699393
"Davis Schneider ","TOR","2B/OF",999,90.8621,-2.349735562826365,-9.83997487318844,-11.474931081744511,-2.88462151108318,-5.519353410328167,-32.06861643917067,8.88539196677745,-22.183224472393217,"Davis Schneider","23565",676914
"Tyler Tolbert ","KCR","OF",999,67.6915,-1.4421196987923186,-11.8760906597105,-12.635762883476525,-0.9655565058838854,-7.079886637846528,-33.99941638570975,10.773252038224797,-22.22616434748495,"Tyler Tolbert","25779",686475
"Nick Loftin ","KCR","2B/3B/OF",999,108.506,-1.299873446762804,-9.86985313165934,-11.429964718735167,-2.922512149987725,-6.619411670726521,-32.14161511787157,8.88539196677745,-22.25622315109411,"Nick Loftin","27630",679845
"Zac Veen ","COL","OF",743.6599731445312,53.2022,-0.2624034933953222,-11.290015077552468,-13.20914024703833,-2.5068566030938606,-6.780611013077327,-34.049026434157305,10.773252038224797,-22.275774395932505,"Zac Veen","27770",691728
"Charlie Condon ","COL","1B/OF",999,56.2136,-0.39856094479710175,-10.961259467148484,-13.08330574386589,-3.1614096023543015,-6.477127020224371,-34.08166277839015,10.773252038224797,-22.308410740165346,"Charlie Condon","sa3025257",809707
"John Rave ","KCR","OF",999,74.6598,-1.5274448801425815,-10.940330028087205,-12.56486155254163,-2.470709405650917,-6.584942678078954,-34.08828854450129,10.773252038224797,-22.31503650627649,"John Rave","26284",670231
"Kahlil Watson ","CLE","OF",999,60.7568,-1.3099695860811311,-10.95224877119952,-13.03717039178865,-2.5001863219018947,-6.384030933501222,-34.18360600447242,10.773252038224797,-22.410353966247623,"Kahlil Watson","29905",696135
"Stuart Fairchild ","CLE","OF",999,67.7289,-1.3059151832045395,-11.222233984461043,-12.717810029601218,-2.3664468169121076,-6.621695604063294,-34.23410161824221,10.773252038224797,-22.460849580017406,"Stuart Fairchild","20321",656413
"Lenyn Sosa ","TOR","1B/2B/DH",487.05999755859375,83.8727,-0.8537323935777732,-9.959355443218396,-12.40686526399882,-3.242306205615155,-5.912020931148089,-32.37428023755824,8.88539196677745,-22.488888270780784,"Lenyn Sosa","22896",672820
"Sterlin Thompson ","COL","OF/DH",999,56.2136,-0.23950492959598624,-11.159472099973621,-13.196412289849388,-2.951895749682058,-6.792790146917667,-34.34007521601872,10.773252038224797,-22.56682317779392,"Sterlin Thompson","31443",694514
"Alex Call ","LAD","OF",999,67.9593,-0.9153403071102436,-11.195988870075704,-12.560785204012012,-2.894456801693041,-6.777847408611441,-34.34441859150244,10.773252038224797,-22.571166553277642,"Alex Call","19296",669743
"Joey Wiemer ","WSN","OF",999,64.2855,-1.6042244176310898,-10.789044292365533,-13.02432680098475,-2.8989937017238394,-6.322490146664121,-34.63907935936934,10.773252038224797,-22.86582732114454,"Joey Wiemer","27690",686894
"MJ Melendez ","NYM","OF/DH",999,67.4989,-2.0749575967312435,-10.600495813796838,-12.84777272312153,-3.1149951478438833,-6.03296924208298,-34.671190523576485,10.773252038224797,-22.897938485351684,"MJ Melendez","22197",669004
"Denzel Clarke ","ATH","OF",728.3300170898438,57.689,-0.9036369747610079,-11.486963897080098,-12.975709719560411,-2.5547855647340834,-6.77105289254325,-34.69214904867885,10.773252038224797,-22.918897010454053,"Denzel Clarke","29858",672016
"Austin Slater ","TBR","OF",999,57.4473,-0.6926870208151639,-11.33162840193273,-13.194556001285914,-2.8791449956651105,-6.763176168531558,-34.86119258823047,10.773252038224797,-23.087940550005676,"Austin Slater","16153",596103
"Bryan Torres ","STL","2B/3B/OF",999,80.31,-0.0501336712809326,-10.990415332041128,-12.362233851855898,-2.3992278254194495,-7.172341974197963,-32.97435265479537,8.88539196677745,-23.08896068801792,"Bryan Torres","21464",663494
"Charles McAdoo ","TOR","1B/2B",999,75.8848,-1.4004511846522376,-10.541161619254634,-12.401426617926456,-2.5878599714739337,-6.180212993297977,-33.11111238660524,8.88539196677745,-23.225720419827788,"Charles McAdoo","33323",807727
"Randal Grichuk ","CHW","OF/DH",999,46.8427,-0.43186727427049654,-11.144347791677468,-13.686251747475463,-3.4296283347368486,-6.354067865170466,-35.04616301333075,10.773252038224797,-23.272910975105948,"Randal Grichuk","10243",545341
"Andrew McCutchen ",,"OF/DH",999,57,-0.8839813384550167,-11.083232844399847,-13.256389934605586,-3.327031806763497,-6.52224485751372,-35.072880781737666,10.773252038224797,-23.299628743512873,"Andrew McCutchen","9847",457705
"Petey Halpin ","CLE","OF",999,67.7289,-1.456128313603352,-11.02077178201996,-13.150031963214019,-2.7391031923460667,-6.75308480510038,-35.11912005628378,10.773252038224797,-23.345868018058987,"Petey Halpin","27931",690984
"Max Clark ","DET","OF",999,52.5599,-0.50805351999648,-11.500326376048498,-13.41814554577926,-2.8773148246979225,-6.902360716900162,-35.20620098342233,10.773252038224797,-23.432948945197527,"Max Clark","sa3022683",703601
"Kaelen Culpepper ","MIN","SS",999,66.218,-0.6979104697064041,-10.957173062393657,-12.743060861260787,-2.6258269790016735,-6.444923909556971,-33.468895281919494,9.034025687351658,-23.434869594567836,"Kaelen Culpepper","sa3025360",701785
"Nate Eaton ","BOS","OF",999,55.0823,-0.9388629610107152,-11.51613733370843,-13.394962939065593,-2.473526193359275,-6.885414423586352,-35.20890385073037,10.773252038224797,-23.43565181250558,"Nate Eaton","25055",681987
"Zach Cole ","HOU","OF",743.5999755859375,55.5442,-1.7447255707473066,-11.090038062241396,-13.22637879388539,-2.8712154212642513,-6.292955070175426,-35.225312918313776,10.773252038224797,-23.452060880088975,"Zach Cole","31583",805904
"Robert Hassell III ","WSN","OF",999,60.2677,-0.7674091404201735,-11.33488292767925,-13.41413685521584,-2.7264598281474757,-6.9862775068208665,-35.229166258283605,10.773252038224797,-23.45591422005881,"Robert Hassell III","27482",690987
"Justin Foscue ","TEX","2B",999,91.7021,-2.1227365546750256,-10.109780914820265,-12.102505990929572,-2.926612040349944,-6.106082768196438,-33.367718268971245,8.88539196677745,-23.482326302193794,"Justin Foscue","27501",679822
"Jose Fernandez ","ARI","1B/3B/SS/DH",999,68.3237,-0.46404833795825956,-10.981621804722966,-12.815591606903675,-2.5671293553398002,-6.800313049782375,-33.628704154707066,9.034025687351658,-23.59467846735542,"Jose Fernandez","28020",699912
"Enrique Hernández ","LAD","1B/3B/OF",999,101.939,-1.962647079977588,-9.314347788931006,-11.359703414586997,-3.335941942621611,-5.554943697929301,-31.5275839240465,6.883045326965682,-23.64453859708082,"Enrique Hernandez","10472",571771
"Victor Mesa Jr. ","TBR","OF",999,57.4473,-1.0432275610518782,-11.15562088614261,-13.482238200760047,-3.037322974690671,-6.702131794001067,-35.42054141664628,10.773252038224797,-23.647289378421483,"Victor Mesa Jr.","25999",683748
"Victor Bericoto ","SFG","1B/OF",999,56.8827,-0.6528662762895732,-11.253536004079937,-13.51450472417679,-3.2652822857011015,-6.793058806422606,-35.47924809667001,10.773252038224797,-23.705996058445212,"Victor Bericoto","26468",682674
"Blake Perkins ","MIL","OF",999,57.9479,-1.3615028858082765,-11.44271135807392,-13.365829418821212,-2.4582367558588936,-6.898523930169077,-35.52680434873138,10.773252038224797,-23.753552310506585,"Blake Perkins","19921",663368
"Brandon Lockridge ","MIL","OF",999,54.0193,-0.6943439727701524,-11.938963606578609,-13.507385524518082,-2.0841295824295742,-7.308079113787713,-35.53290180008413,10.773252038224797,-23.759649761859333,"Brandon Lockridge","21496",663604
"Jacob Melton ","TBR","OF",727.5700073242188,49.6578,-1.4714562701979472,-11.653248986533033,-13.54274832249696,-2.052577607865332,-6.8154322255418585,-35.53546341263514,10.773252038224797,-23.762211374410338,"Jacob Melton","31661",689200
"Ryan Mountcastle ","BAL","1B/DH",748.0900268554688,69.3753,0.1772209541564172,-10.408226783021473,-12.616680173779413,-3.2968977635544436,-6.1940071412525475,-32.33859090745146,7.5297211335921235,-23.80886977385934,"Ryan Mountcastle","18373",663624
"Javier Báez ","DET","3B/SS/OF",740.6500244140625,67.4354,-0.8676680242553901,-10.815132762987439,-12.900111344156654,-2.886041363661594,-6.478632998321694,-33.947586493382765,9.034025687351658,-23.913560806031118,"Javier Baez","12979",595879
"Ryan Ward ","LAD","1B/OF",999,44.9731,-1.0541718916914709,-11.35887946063972,-13.670147042700878,-3.1946851886118584,-6.540337266396427,-35.818220850040355,10.773252038224797,-24.044968811815554,"Ryan Ward","27449",669899
"Alex Freeland ","LAD","2B",999,67.9593,-1.352123631494493,-10.871058040806314,-12.56771724592007,-2.819855086329006,-6.4145837280061935,-34.02533773255608,8.88539196677745,-24.13994576577863,"Alex Freeland","31665",690976
"Will Wagner ","SDP","3B",999,119.521,-1.633585144297096,-9.742283532056021,-11.187693667497507,-2.9678252289768365,-6.5920156799953995,-32.12340325282286,6.883045326965682,-24.240357925857182,"Will Wagner","29634",695238
"Jhostynxon Garcia ","PIT","OF/DH",999,44.8172,-0.6347941108101365,-11.522741002239789,-13.866440024665831,-3.2566805061706057,-6.82391170473112,-36.104567348617486,10.773252038224797,-24.33131531039269,"Jhostynxon Garcia","28142",691373
"Ke'Bryan Hayes ","CIN","3B",999,94.9788,-1.0946045860322975,-10.367462158456327,-11.808160096857465,-2.480449046790218,-6.559358082752858,-32.310033970889165,6.883045326965682,-24.42698864392348,"Ke'Bryan Hayes","18577",663647
"Nicky Lopez ","TEX","2B/3B/SS/OF",999,99.6762,-1.7631351968088218,-11.153388374595677,-12.078680545669547,-2.142759826048341,-7.365679536956439,-34.50364348007883,9.034025687351658,-24.46961779272717,"Nicky Lopez","19339",670032
"CJ Kayfus ","CLE","OF",999,41.8325,-0.5626506218073088,-11.670165311497739,-13.94725175390127,-3.247485188740026,-6.884990653432527,-36.312543529378864,10.773252038224797,-24.53929149115407,"CJ Kayfus","33704",692216
"Anthony Santander ","TOR","OF/DH",748.4199829101562,29.9545,-0.3737308894313527,-11.71996481192164,-14.24887219735187,-3.4400477372453455,-6.566539829535296,-36.34915546548551,10.773252038224797,-24.57590342726071,"Anthony Santander","14551",623993
"Dylan Carlson ","PHI","OF",999,46.9311,-0.8541090927639573,-11.562429545726308,-13.817811696202954,-3.244882119961674,-6.918871448448173,-36.39810390310307,10.773252038224797,-24.62485186487827,"Dylan Carlson","20126",666185
"Cody Freeman ","TEX","2B",999,68.7766,-0.9026002788623628,-10.919778756807638,-13.068400430310252,-3.005559185265868,-6.6427489449431505,-34.53908759618927,8.88539196677745,-24.653695629411814,"Cody Freeman","25629",683227
"Michael Helman ","TEX","OF",999,49.8381,-1.6224909264230676,-11.63927089607248,-13.749766410116454,-2.854764329863877,-6.719566347395923,-36.5858589098718,10.773252038224797,-24.812606871647002,"Michael Helman","24605",680737
"Mark Canha ",,"OF",999,42,-0.4867844488095535,-11.871555199488109,-13.922102145588532,-3.202084128019476,-7.103965691801669,-36.58649161370734,10.773252038224797,-24.813239575482545,"Mark Canha","11445",592192
"Walker Jenkins ","MIN","OF",999,33.109,-0.18007172573150565,-12.055996097107688,-14.229386966689631,-3.1586467118189177,-7.106864062746396,-36.73096556409414,10.773252038224797,-24.95771352586934,"Walker Jenkins","sa3022894",805805
"Jonah Cox ","SFG","OF",999,29.9383,-0.23107075506538025,-12.410468618525965,-14.261606305265012,-2.5629709362843327,-7.2693644675425935,-36.735481082683286,10.773252038224797,-24.96222904445849,"Jonah Cox","33270",813841
"Nick Sogard ","BOS","1B/2B/3B/SS/OF",999,63.0942,-0.7351257400220985,-11.337320893366527,-13.20535597004071,-2.8430329977762545,-7.074510208693807,-35.1953458098994,9.034025687351658,-25.161320122547743,"Nick Sogard","25483",686765
"Jorge Barrosa ","ARI","OF",999,46.219,-1.0063221240717295,-11.831147040860174,-13.928172558903698,-3.028884859363657,-7.172526054362687,-36.96705263756195,10.773252038224797,-25.19380059933715,"Jorge Barrosa","23968",678489
"Carlos Santana ","ARI","1B",999,87.4142,-2.2011543039088095,-10.044232633647324,-12.31136384802469,-3.0527084390447463,-6.173999687239796,-33.78345891186537,7.5297211335921235,-25.253737778273248,"Carlos Santana","2396",467793
"Wilmer Flores ",,"1B/DH",999,65,-0.7985876730355046,-10.541366172280329,-12.961973570807645,-3.4174188839497646,-6.090859942711938,-33.81020624278518,7.5297211335921235,-25.28048510919305,"Wilmer Flores","5827",527038
"Billy Cook ","PIT","OF",999,33.8619,-0.7289867758131959,-12.073598320507294,-14.297451847226082,-2.9831902803341457,-7.063518715821328,-37.14674593970204,10.773252038224797,-25.373493901477254,"Billy Cook","29573",695257
"Adam Frazier ","LAA","2B/OF",999,78.3187,-1.4733316824730005,-11.091540070178219,-12.893357497515408,-2.940939219475045,-6.885592680732816,-35.28476115037449,8.88539196677745,-25.39936918359704,"Adam Frazier","15223",624428
"LaMonte Wade Jr. ","HOU","1B/OF",999,36.6988,-0.805665492708902,-11.987206581629325,-14.159443654982583,-3.375613821339332,-6.982959259865778,-37.31088881052592,10.773252038224797,-25.53763677230112,"LaMonte Wade Jr.","18126",664774
"Adrian Del Castillo ","ARI","DH",999,76.3618,-1.4138242488991282,-9.99649187982856,-12.610547374547362,-3.3900954873962608,-6.048868847864673,-33.45982783853598,6.883045326965682,-25.576782511570297,"Adrian Del Castillo","29554",680728
"Jesse Winker ",,"DH",999,68,-0.7480499124931701,-10.862024216247985,-12.59882655451238,-2.8622015221982067,-6.40808531241649,-33.47918751786823,6.883045326965682,-25.596142190902555,"Jesse Winker","13590",608385
"Thomas Saggese ","STL","2B/3B/SS",999,46.0313,-0.2649220410727577,-11.563015870992318,-13.784233486916879,-3.149730795137349,-6.9660708327959195,-35.727973026915215,9.034025687351658,-25.69394733956356,"Thomas Saggese","27883",695336
"Trei Cruz ","DET","SS",999,64.4603,-1.5470497406684849,-11.274141792795865,-13.141305315719459,-3.0362679143721096,-6.823497833708337,-35.822262597264256,9.034025687351658,-25.788236909912598,"Trei Cruz","sa3014420",669360
"Donovan Walton ","LAA","2B/3B/DH",999,74.3532,-1.56831173119099,-10.976002754133198,-13.174249121738079,-3.261058939592896,-6.748545398428577,-35.72816794508373,8.88539196677745,-25.842775978306285,"Donovan Walton","19314",622268
"Heston Kjerstad ","BAL","OF",999,30.6067,-0.506672581773008,-12.10924025846939,-14.487370570100405,-3.3895245067152926,-7.1264196505422195,-37.61922756760032,10.773252038224797,-25.84597552937552,"Heston Kjerstad","31166",677008
"Mike Tauchman ","NYM","OF",999,29.7789,-0.42979179226311465,-12.22572449582645,-14.431387908579412,-3.365908316219834,-7.173516695344059,-37.626329208232875,10.773252038224797,-25.853077170008074,"Mike Tauchman","15274",643565
"Eric Wagaman ","NYM","1B/OF",748.2100219726562,26.801,-0.3511377146819574,-12.195865386041877,-14.602232972107943,-3.3685840140976033,-7.116447513409902,-37.634267600339285,10.773252038224797,-25.861015562114485,"Eric Wagaman","23395",676572
"Thairo Estrada ",,"2B",999,38,-0.0852987329004606,-11.743916739706904,-14.013118804946183,-3.006189072023218,-6.89946114495792,-35.74798449453469,8.88539196677745,-25.862592527757236,"Thairo Estrada","16426",642731
"Bryce Teodosio ","LAA","OF",999,33.7068,-1.0252915168572416,-12.380121029507864,-14.350295530585495,-2.6921566619249875,-7.194049785936306,-37.641914524811895,10.773252038224797,-25.868662486587095,"Bryce Teodosio","29524",669326
"Jose Iglesias ",,"2B/3B/SS",999,46,0.12884532873833934,-11.744162894192298,-13.871365173135015,-3.187273349562588,-7.259447103175777,-35.933403191327336,9.034025687351658,-25.899377503975682,"Jose Iglesias","10231",578428
"Tyler Austin ","CHC","1B",999,45.3857,-0.29821253126331937,-11.012034574367464,-13.473565152433514,-3.4216935798947925,-6.228800985531257,-34.43430682349035,7.5297211335921235,-25.904585689898227,"Tyler Austin","11850",592122
"Yoán Moncada ","LAA","3B",746.1500244140625,67.4136,-0.8894319497789547,-10.625057195457478,-12.860234441820115,-3.3538221324871698,-6.1447347987983365,-33.87328051834205,6.883045326965682,-25.990235191376367,"Yoan Moncada","17232",660162
"Junior Perez ","CHW","OF",999,30.8962,-1.064297969598549,-12.25837353166226,-14.429978338327814,-3.0094178591906724,-7.055983038710312,-37.818050737489614,10.773252038224797,-26.044798699264813,"Junior Perez","23989",678577
"Andrés Chaparro ","WSN","1B",999,60.2677,-0.8840196924824312,-10.719679189904081,-13.318779717657936,-3.348749434175712,-6.368113130787469,-34.63934116500763,7.5297211335921235,-26.109620031415503,"Andres Chaparro","21797",665953
"Jared Oliva ","SFG","OF",999,22.9527,-0.4779016088942715,-12.577983992302116,-14.691831625935095,-2.8811248848136217,-7.332832891786723,-37.961675003731834,10.773252038224797,-26.188422965507034,"Jared Oliva","19968",666931
"Rece Hinds ","MIA","OF",999,22.9334,-0.569073272948112,-12.287309599673037,-14.751453319495107,-3.2495140862345546,-7.119152159815912,-37.97650243816672,10.773252038224797,-26.203250399941922,"Rece Hinds","27493",677956
"LuJames Groover ","ARI","1B/3B/DH",999,72.3428,-0.39816099315830095,-10.732464054381428,-12.865701029753847,-3.2428746475368606,-6.87121302829227,-34.1104137531227,6.883045326965682,-26.22736842615702,"LuJames Groover","33552",694410
"Ryan Ritter ","COL","2B/SS",999,34.1297,-0.043859018616224356,-11.963974869728572,-14.11058827692925,-3.2003974655656853,-7.039044169744782,-36.35786380058451,9.034025687351658,-26.323838113232856,"Ryan Ritter","31500",690022
"Kevin Alcántara ","CHC","OF/DH",999,19.1629,-0.30134627226094085,-12.43887558205105,-14.870632387613496,-3.3125150440751545,-7.200829744458849,-38.12419903045949,10.773252038224797,-26.350946992234697,"Kevin Alcantara","25971",682634
"Nick Solak ","SDP","1B/2B/OF/DH",999,44.6989,-0.39292406419414055,-11.737773390576242,-13.98925329211137,-3.1681013257697614,-7.071512591681623,-36.359564664333135,8.88539196677745,-26.474172697555687,"Nick Solak","19294",669256
"Triston Casas ","BOS","1B",746.0599975585938,43.0643,-0.3240745791989723,-11.146533745634118,-13.690484148664778,-3.4447152247056643,-6.41579360562503,-35.02160130382857,7.5297211335921235,-26.491880170236442,"Triston Casas","22514",671213
"Nick Madrigal ","LAA","2B/3B/DH",999,48.5774,-0.08506354706738674,-12.002386233383604,-13.897482553966832,-2.950353350507933,-7.444698349659092,-36.37998403458484,8.88539196677745,-26.49459206780739,"Nick Madrigal","20521",663611
"Jett Williams ","MIL","SS",999,38.3046,-0.7131996393819248,-11.852526887060993,-14.072191063100183,-2.917193106258993,-6.983827581069839,-36.538938276871924,9.034025687351658,-26.50491258952027,"Jett Williams","sa3020134",702518
"Steward Berroa ","PHI","OF",999,19.3846,-0.5368991543564158,-12.667822795090293,-14.866411497065183,-2.9588734952051445,-7.360713539606344,-38.390720481323385,10.773252038224797,-26.617468443098584,"Steward Berroa","22766",672642
"Nick Morabito ","NYM","OF/DH",999,14.8895,-0.16844934792672758,-12.742766473075125,-15.051598511746404,-3.1741663187231692,-7.423547354943333,-38.56052800641476,10.773252038224797,-26.787275968189967,"Nick Morabito","32119",703492
"Alek Thomas ","LAD","OF",746.030029296875,14.991,-0.26006467342567346,-12.637756992132733,-15.016110019325131,-3.3335210126665036,-7.321677590131835,-38.56913028768187,10.773252038224797,-26.795878249457076,"Alek Thomas","23792",677950
"Matthew Lugo ","KCR","OF",999,14.932,-0.25511458204802623,-12.618926812289423,-15.05417065673924,-3.325625642900561,-7.317717410004447,-38.571555103981694,10.773252038224797,-26.798303065756894,"Matthew Lugo","25980",683090
"Darell Hernaiz ","ATH","2B/3B/SS",999,34.411,-0.04048080688046134,-12.184531541430706,-14.227006636424337,-3.114223570873687,-7.328128402547268,-36.894370958156465,9.034025687351658,-26.860345270804807,"Darell Hernaiz","26224",687231
"Zach Dezenzo ","HOU","OF",999,14.8779,-0.290530363308047,-12.64061784341626,-15.055766330331624,-3.3521630704634604,-7.303377627042046,-38.64245523456144,10.773252038224797,-26.869203196336642,"Zach Dezenzo","31562",701305
"Nelson Rada ","LAA","OF",999,14.8706,-0.16633993367873773,-12.817116278958753,-15.0767630575322,-3.1243995012228574,-7.4681737749839225,-38.652792546376475,10.773252038224797,-26.879540508151674,"Nelson Rada","sa3018421",703185
"Jon Berti ",,"3B",999,53,-0.40075205014505183,-11.878085126803889,-13.326266554888807,-2.0198063427043462,-7.2328948495935,-34.8578049241356,6.883045326965682,-26.974759597169914,"Jon Berti","12037",542932
"Luis Lara ","MIL","OF",999,11.786,-0.07136453365068647,-12.77166469427058,-15.199731191426338,-3.25669254812332,-7.45805290522741,-38.75750587269833,10.773252038224797,-26.98425383447353,"Luis Lara","sa3018514",800325
"Nick Allen ","HOU","2B/SS",999,51.5768,-1.0776041687721551,-12.04768286389831,-13.800897731858663,-2.8502514451233916,-7.281932560805724,-37.058368770458245,9.034025687351658,-27.024343083106587,"Nick Allen","22277",669397
"Justin Turner ",,"1B",999,57,-0.5456907574081776,-11.239152412026598,-13.533060931882407,-3.3277538607743122,-6.920540762207671,-35.56619872429916,7.5297211335921235,-27.036477590707037,"Justin Turner","5235",457759
"Deyvison De Los Santos ","MIA","1B/DH",999,48.858,-0.4857946153323265,-11.37882157841546,-13.815323816131656,-3.0951021850358633,-6.837710656675753,-35.61275285159106,7.5297211335921235,-27.083031717998946,"Deyvison De Los Santos","27969",691277
"Justin Dean ","CHC","OF",999,15.1286,-0.4299760517375986,-12.770709550287355,-15.069506564922605,-3.1659279419964435,-7.424757896750188,-38.8608780056942,10.773252038224797,-27.087625967469396,"Justin Dean","25005",681909
"Manuel Margot ",,"OF",999,11,-0.04615123058520421,-12.776454569195996,-15.24470423236481,-3.3932428627295543,-7.4399071702352995,-38.90046006511087,10.773252038224797,-27.12720802688607,"Manuel Margot","14712",622534
"Hyeseong Kim ","LAD","2B/SS",740.77001953125,29.9821,-0.26089649867428866,-12.310047350559467,-14.354613866178626,-2.907677219010294,-7.342762156947106,-37.17599709136979,9.034025687351658,-27.14197140401813,"Hyeseong Kim","35322",808975
"Gabriel Gonzalez ","MIN","OF",999,10.7117,-0.06391342970562545,-12.77397871914695,-15.245797172121357,-3.4280620103297497,-7.410574252563331,-38.922325583867014,10.773252038224797,-27.149073545642214,"Gabriel Gonzalez","28833",694224
"Bryan De La Cruz ","PHI","OF/DH",999,11.2227,-0.16839354451738656,-12.702430065701249,-15.2504255481479,-3.452265580518705,-7.354245367317725,-38.92776010620297,10.773252038224797,-27.154508067978167,"Bryan De La Cruz","19600",650559
"Braden Shewmake ","HOU","2B/3B/SS",999,44.6337,-1.2862394816998095,-11.866942243405765,-14.059208465929371,-2.9542293840568776,-7.057770414165019,-37.22438998925684,9.034025687351658,-27.190364301905188,"Braden Shewmake","25817",669699
"Connor Joe ","SEA","OF",999,14.9386,-0.43668230033220373,-12.719885069494811,-15.097278051226708,-3.3570886322373052,-7.387813448055911,-38.998747501346934,10.773252038224797,-27.225495463122137,"Connor Joe","16572",656582
"Héctor Rodríguez ","CIN","OF",999,7.9149,-0.03409648846375164,-12.817431180982704,-15.346272415153335,-3.4350011384083237,-7.389196542271031,-39.02199776527914,10.773252038224797,-27.248745727054345,"Hector Rodriguez","sa3015828",699302
"Aaron Zavala ","TEX","OF",999,14.9514,-0.46839151276217855,-12.696121249392867,-15.13914506431181,-3.3885679605483507,-7.362788772329315,-39.05501455934453,10.773252038224797,-27.28176252111973,"Aaron Zavala","sa3017665",701648
"Sam Haggerty ","CIN","OF",999,7.9149,-0.08116623994566365,-12.92064111719457,-15.321911088047408,-3.2669193565803964,-7.46857416208005,-39.05921196384809,10.773252038224797,-27.285959925623295,"Sam Haggerty","18054",664059
"Jonatan Clase ","TOR","OF",999,7.98787,-0.18485943395826984,-12.901110846360613,-15.326259891692201,-3.2641048503246184,-7.442719660759167,-39.11905468309487,10.773252038224797,-27.345802644870076,"Jonatan Clase","26599",682729
"James Tibbs III ","LAD","1B/OF",999,7.99522,-0.17034025650848797,-12.819159406243278,-15.317359266570278,-3.4554319493735686,-7.372179062559,-39.134469941254615,10.773252038224797,-27.361217903029814,"James Tibbs III","sa3025333",696486
"Kemp Alderman ","MIA","OF",999,7.97682,-0.12105302815432065,-12.826106305590418,-15.371818437640746,-3.434817554379216,-7.405356527953577,-39.15915185371828,10.773252038224797,-27.38589981549348,"Kemp Alderman","sa3022562",694580
"Nolan Jones ","CHW","OF",999,7.97322,-0.1358546932096994,-12.867988124590124,-15.354375950352718,-3.4227162067060974,-7.423168840559542,-39.204103815418186,10.773252038224797,-27.43085177719339,"Nolan Jones","20529",666134
"George Valera ","CLE","OF/DH",748.3099975585938,7.9681,-0.11958072286242895,-12.847528091168934,-15.368167829060106,-3.455083474645795,-7.423781176421842,-39.214141294159106,10.773252038224797,-27.440889255934316,"George Valera","22541",671655
"Jarred Kelenic ","TEX","OF",999,7.9741,-0.20709199795606556,-12.857672070203614,-15.362027297489062,-3.3974825563889515,-7.409598305604598,-39.233872227642294,10.773252038224797,-27.460620189417497,"Jarred Kelenic","22558",672284
"Drew Waters ","KCR","OF",999,7.96371,-0.14682636999976362,-12.877536617026516,-15.364438073839143,-3.3881098088474064,-7.458066734895774,-39.2349776046086,10.773252038224797,-27.4617255663838,"Drew Waters","20505",671221
"Christian Franklin ","WSN","OF",999,8.03569,-0.12956216591779585,-12.898208412390602,-15.362245560330665,-3.399454649145,-7.469032124269215,-39.258502912053274,10.773252038224797,-27.485250873828477,"Christian Franklin","sa3017510",681047
"Alika Williams ","ATH","2B/SS",999,30.3626,-0.25507041538128383,-12.229364623550552,-14.470590867278643,-3.3447777683099855,-7.2461836141539555,-37.545987288674425,9.034025687351658,-27.511961601322767,"Alika Williams","27604",675961
"Graham Pauley ","MIA","3B",999,63.8146,-1.5313157419795724,-10.920779895184486,-13.322264717989496,-3.03334055340564,-6.591453613157915,-35.3991545217171,6.883045326965682,-27.516109194751422,"Graham Pauley","31363",688363
"Carlos Rodríguez ","SDP","OF",999,7.77372,-0.06681509505387533,-12.912225645018792,-15.397780073349079,-3.410285176269875,-7.508338839543552,-39.29544482923517,10.773252038224797,-27.52219279101038,"Carlos Rodriguez","sa3005478",677578
"Joshua Báez ","STL","OF",999,3.91756,-0.0419586220851675,-12.957209701389065,-15.49398401186118,-3.4134575017744253,-7.450544869256195,-39.35715470636603,10.773252038224797,-27.583902668141235,"Joshua Baez","sa3017022",695491
"Max Schuemann ","NYY","2B/3B/SS/OF",999,31.1869,-0.6456927375963469,-12.396943488363128,-14.382677511882212,-2.924659597247505,-7.287239841616613,-37.6372131767058,9.034025687351658,-27.603187489354145,"Max Schuemann","24488",680474
"Brewer Hicklen ","ATL","OF",999,3.97386,-0.08532086219604468,-12.981641059714907,-15.509059447858125,-3.436967879185388,-7.4686557207295445,-39.481644969684005,10.773252038224797,-27.70839293145921,"Brewer Hicklen","20450",676551
"Johnathan Rodríguez ","BAL","OF",999,4.0809,-0.039117916221133676,-12.977482884932803,-15.511554566013793,-3.4820637924070668,-7.476038784720601,-39.4862579442954,10.773252038224797,-27.713005906070602,"Johnathan Rodriguez","22530",671286
"Ben Malgeri ","DET","OF",999,3.96679,-0.05165474032970586,-12.99300027633546,-15.515636724781093,-3.4595090638059927,-7.489907385422695,-39.50970819067495,10.773252038224797,-27.736456152450153,"Ben Malgeri","sa3016975",701162
"Akil Baddoo ","MIL","OF",999,3.92867,-0.10681412849729922,-12.984207499946175,-15.523194086654977,-3.4309935182222433,-7.476299364787706,-39.521508598108404,10.773252038224797,-27.748256559883604,"Akil Baddoo","22168",668731
"RJ Schreck ","TOR","OF",999,3.99394,-0.08222526079096576,-12.983039054615858,-15.516971761435514,-3.4704175634323797,-7.474133661467763,-39.52678730174247,10.773252038224797,-27.753535263517684,"RJ Schreck","sa3022602",702302
"Kristian Robinson ","ARI","OF",999,4.01904,-0.09748305450923297,-12.997085179232535,-15.512569138953971,-3.434589842254158,-7.489017655528064,-39.53074487047797,10.773252038224797,-27.757492832253167,"Kristian Robinson","sa3006884",677565
"Andrew Pintar ","MIA","OF",999,3.98841,-0.06755085375570473,-13.00810575509006,-15.527220460550472,-3.427245233152429,-7.506002116906871,-39.53612441945554,10.773252038224797,-27.76287238123074,"Andrew Pintar","sa3020715",801464
"Chas McCormick ","CHC","OF",999,4.03428,-0.09406951287433127,-12.997016506786867,-15.520443438859118,-3.4463833139054647,-7.479374423393508,-39.53728719581929,10.773252038224797,-27.764035157594492,"Chas McCormick","19599",676801
"Will Brennan ","SFG","OF/DH",999,3.99177,-0.018568625315797508,-13.004572109080506,-15.537666488077884,-3.461910273348153,-7.521426020765255,-39.544143516587596,10.773252038224797,-27.7708914783628,"Will Brennan","25660",686823
"Christian Cairo ","PHI","2B/3B/SS",999,27.5465,-0.4756476858407337,-12.477680282251079,-14.5303205499821,-2.938673205296235,-7.383575983077788,-37.80589770644794,9.034025687351658,-27.77187201909628,"Christian Cairo","sa3010028",686551
"Brennen Davis ","SEA","OF",999,3.98362,-0.11808363278043765,-12.969311436481737,-15.526491226295981,-3.4763130620417377,-7.459207855406821,-39.54940721300671,10.773252038224797,-27.776155174781913,"Brennen Davis","sa3007876",680695
"Grant McCray ","SFG","OF",999,3.99177,-0.10506320159764675,-13.013003294443006,-15.521942315429412,-3.4214244242401666,-7.5007486626210165,-39.56218189833125,10.773252038224797,-27.78892986010645,"Grant McCray","25690",687529
"DaShawn Keirsey Jr. ","ATL","OF",999,3.97386,-0.08933966727098248,-13.009906951864112,-15.527957394193653,-3.4294354748018576,-7.505967524539026,-39.56260701266963,10.773252038224797,-27.789354974444834,"DaShawn Keirsey Jr.","24496",680577
"Tyler Black ","MIL","1B/OF/DH",999,3.92867,-0.09038533074587181,-13.008236876658337,-15.53030533430597,-3.4286609902661556,-7.5086700851216985,-39.566258617098036,10.773252038224797,-27.793006578873236,"Tyler Black","29949",672012
"Gustavo Campero ","LAA","OF",999,2.97413,-0.03290641208117957,-13.033176473033743,-15.562252448418334,-3.4409333654023038,-7.5097174982564825,-39.57898619719205,10.773252038224797,-27.80573415896725,"Gustavo Campero","22707",672569
"Garrett Hampson ","CIN","OF",999,3.95745,-0.09822995492428224,-13.031325010958087,-15.530483672357452,-3.4326698112167517,-7.511379260289175,-39.604087709745755,10.773252038224797,-27.830835671520955,"Garrett Hampson","19262",641658
"Raynel Delgado ","HOU","2B/3B",999,29.7558,-0.6387456730411117,-12.411766674180196,-14.484416025797325,-2.8564535653844865,-7.32769718984823,-37.719079128251344,8.88539196677745,-27.833687161473897,"Raynel Delgado","22272",669384
"Bryce Johnson ","SDP","OF",999,3.88686,-0.09973125325335087,-13.046971533967502,-15.536574701582126,-3.403918448347464,-7.523850461712933,-39.61104639886338,10.773252038224797,-27.837794360638583,"Bryce Johnson","20002",669369
"Michael Siani ","BAL","OF",999,4.0809,-0.13404448342325237,-13.03685598697737,-15.525208075393559,-3.4090100501231535,-7.512979862433214,-39.618098458350545,10.773252038224797,-27.84484642012575,"Michael Siani","22557",672279
"Seaver King ","WSN","SS",999,23.1026,-0.20825154660379896,-12.405182004149388,-14.7770736339441,-3.2334928342232225,-7.299717951050706,-37.923717969971214,9.034025687351658,-27.889692282619563,"Seaver King","sa3025414",814409
"Josh Rojas ","KCR","2B/3B",999,25.8821,-0.41293888189677574,-12.326992060635664,-14.693607164276576,-3.248013061974882,-7.292760972773079,-37.97431214155698,8.88539196677745,-28.08892017477953,"Josh Rojas","19734",668942
"Kristian Campbell ","BOS","2B",746.1400146484375,20.0299,-0.19167562857611556,-12.486913253147195,-14.842952195630017,-3.3759097669079914,-7.297628306357543,-38.19507915061887,8.88539196677745,-28.309687183841415,"Kristian Campbell","33644",692225
"Shay Whitcomb ","HOU","1B/2B/3B/SS/OF/DH",999,18.8454,-0.5815459852088182,-12.453813885264736,-14.908730236909014,-3.26644145230317,-7.1402967037192555,-38.350828263405,9.034025687351658,-28.31680257605334,"Shay Whitcomb","27789",694376
"Buddy Kennedy ","SFG","1B/2B/3B/DH",999,22.9527,-0.30154316078785226,-12.427769869632264,-14.787685917743312,-3.391880003581187,-7.314907858285109,-38.22378681002973,8.88539196677745,-28.338394843252274,"Buddy Kennedy","22505",671083
"Tim Tawa ","ARI","1B/2B/OF",748.489990234375,19.0904,-0.3567668829435901,-12.445945277042558,-14.896019238145362,-3.3343747733909064,-7.231116245060049,-38.26422241658247,8.88539196677745,-28.37883044980502,"Tim Tawa","29571",694374
"Adael Amador ","COL","2B",999,15.0572,-0.08668555949544046,-12.642104156939585,-15.006157796100034,-3.2195725427311364,-7.3680147492477595,-38.32253480451396,8.88539196677745,-28.437142837736502,"Adael Amador","27962",691182
"Tanner Murray ","CHW","3B/SS/OF",999,18.9364,-0.2796916065292136,-12.511559414677883,-14.9883917807191,-3.4206544125522855,-7.2981411504938025,-38.49843836497229,9.034025687351658,-28.46441267762063,"Tanner Murray","28848",695020
"Leo De Vries ","ATH","SS",999,11.133,-0.08772212189296674,-12.7013010441369,-15.169012234151987,-3.3803908142350334,-7.330094944995043,-38.668521159411924,9.034025687351658,-28.634495472060273,"Leo De Vries","sa3023363",815888
"Cameron Cauley ","TEX","2B/SS",999,14.9514,-0.3594098274042144,-12.699181096828408,-15.063875972321464,-3.212104250595852,-7.356102036689718,-38.69067318383965,9.034025687351658,-28.656647496487995,"Cameron Cauley","sa3017167",695508
"Rikuu Nishida ","CHW","2B/OF",999,18.9364,-0.13447948377643745,-12.76062814240123,-14.950516895175824,-3.1925322521428647,-7.521209190672057,-38.559365964168414,8.88539196677745,-28.67397399739096,"Rikuu Nishida","33795",807747
"Miles Mastrobuoni ","SEA","3B/OF",999,52.783,-1.0737604349904897,-11.9079211079791,-13.681765233509214,-2.6240040126215787,-7.270595762950464,-36.55804655205085,6.883045326965682,-28.675001225085165,"Miles Mastrobuoni","20017",670156
"Chad Stevens ","COL","2B/3B/SS",999,11.042,-0.10318795796429756,-12.751673728571488,-15.213156816474502,-3.3772212590657578,-7.407274184343371,-38.85251394641942,9.034025687351658,-28.818488259067763,"Chad Stevens","29614",677060
"Maximo Acosta ","MIA","2B/3B/SS",999,10.9681,-0.17160981002568568,-12.774086364801258,-15.229529253486756,-3.2814066490767697,-7.405584835761673,-38.862216913152146,9.034025687351658,-28.82819122580049,"Maximo Acosta","27963",691185
"César Prieto ","STL","2B/3B/SS/DH",999,11.7527,-0.08189521735133277,-12.722810012557863,-15.25585110196447,-3.440658544712231,-7.424116764242902,-38.925331640828794,9.034025687351658,-28.89130595347714,"Cesar Prieto","30163",693409
"Yohandy Morales ","WSN","1B/3B",999,34.1517,-0.260352533319875,-11.850577475700131,-14.332580917685373,-3.36960553877862,-6.996398749614489,-36.809515215098486,6.883045326965682,-28.926469888132807,"Yohandy Morales","sa3022672",691002
"Ronny Mauricio ","NYM","3B",999,29.7789,-0.37310787018028857,-12.049901783632597,-14.38274929962037,-3.0475996663364824,-6.965264781493369,-36.8186234012631,6.883045326965682,-28.93557807429742,"Ronny Mauricio","23698",677595
"Max Anderson ","DET","2B",999,10.9087,-0.026227895219636695,-12.719620517251963,-15.253105199012996,-3.4635544437476455,-7.379959142664518,-38.84246719789676,8.88539196677745,-28.95707523111931,"Max Anderson","sa3022567",801194
"Kyle Farmer ","ATL","2B/DH",999,11.9216,-0.14266704913360642,-12.713495640971642,-15.191721191168533,-3.4384336867371936,-7.367662456643068,-38.85398002465404,8.88539196677745,-28.968588057876588,"Kyle Farmer","14813",571657
"Jim Jarvis ","ATL","SS",999,11.9216,-0.13535397884680453,-12.779367234571936,-15.229389588113678,-3.409531190499833,-7.466526615989208,-39.020168608021464,9.034025687351658,-28.98614292066981,"Jim Jarvis","33492",805347
"Josh Kasevich ","TOR","SS",999,10.9833,-0.1191967834570605,-12.82282626703535,-15.295407639437695,-3.434623879639732,-7.490925531066876,-39.162980100636716,9.034025687351658,-29.128954413285058,"Josh Kasevich","sa3020203",688460
"George Lombard Jr. ","NYY","SS",999,8.04823,-0.13088489074223428,-12.876992625375863,-15.341166018022117,-3.3794720149583304,-7.443961665061555,-39.172477214160104,9.034025687351658,-29.138451526808446,"George Lombard Jr.","sa3023233",806146
"Jace Jung ","DET","3B/DH",999,41.6513,-1.0282856627365797,-11.720346584161957,-14.039789399486022,-3.4056614866952635,-6.863241825809319,-37.05732495888914,6.883045326965682,-29.174279631923458,"Jace Jung","31437",690291
"José Barrero ","BAL","2B/3B/SS/OF",999,8.1618,-0.26219867129682706,-12.840673443434156,-15.347411529275124,-3.401463133642762,-7.377323826569659,-39.22907060421853,9.034025687351658,-29.19504491686687,"Jose Barrero","23378",676480
"Zack Short ","NYM","SS",999,14.8895,-0.6174132112473425,-12.711636265982955,-15.162911945890707,-3.419097235397729,-7.338464678487047,-39.249523337005776,9.034025687351658,-29.215497649654118,"Zack Short","19562",670097
"Juan Brito ","CLE","2B",999,10.9561,-0.20379457583382124,-12.782008063694938,-15.277321434928426,-3.417538428634187,-7.425262679645544,-39.10592518273692,8.88539196677745,-29.220533215959467,"Juan Brito","26693",682877
"Leo Rivas ","SEA","2B/3B",999,10.955,-0.2932288287643935,-12.895844525836896,-15.239450327687157,-3.2779084618133405,-7.466999672533517,-39.1734318166353,8.88539196677745,-29.28803984985785,"Leo Rivas","21009",660844
"Luis Rengifo ","MIL","2B/3B",644.9299926757812,7.85735,-0.06423353295119469,-12.884119578694131,-15.376077945950282,-3.3752332476029876,-7.478032199487794,-39.17769650468639,8.88539196677745,-29.29230453790894,"Luis Rengifo","19858",650859
"Davis Wendzel ","PIT","1B/2B",999,10.9553,-0.29816144191837546,-12.753555293508443,-15.29030969955225,-3.463084799014909,-7.385947334476179,-39.19105856847016,8.88539196677745,-29.305666601692707,"Davis Wendzel","26469",673995
"Oliver Dunn ","TBR","1B/3B/SS/DH",999,7.78946,-0.2108191555663431,-12.899498264146866,-15.385297903492532,-3.393467362809533,-7.456980696498077,-39.34606338251335,9.034025687351658,-29.312037695161695,"Oliver Dunn","26295",686554
"Ryan Bliss ","SEA","2B/DH",999,7.96724,-0.24396573633369548,-12.929510619741714,-15.350881086895567,-3.2703522222541737,-7.46626618149756,-39.260975846722715,8.88539196677745,-29.375583879945264,"Ryan Bliss","29547",669208
"Christian Koss ","SFG","2B",999,7.98354,-0.11210922396199419,-12.907877748056288,-15.373231808161226,-3.409470225969996,-7.469440094936777,-39.27212910108628,8.88539196677745,-29.386737134308827,"Christian Koss","27653",683766
"Mason McCoy ","SDP","2B/SS/DH",999,7.77372,-0.25057595738046573,-12.931656173724862,-15.401451462590764,-3.3818042084157316,-7.46626326998843,-39.431751072100255,9.034025687351658,-29.3977253847486,"Mason McCoy","22232",669200
"Brandon Drury ","KCR","2B/3B",999,7.96371,-0.17766088256756285,-12.842183185938394,-15.385563878380426,-3.480206540983717,-7.4240553223017995,-39.3096698101719,8.88539196677745,-29.424277843394446,"Brandon Drury","11615",592273
"Gage Workman ","DET","2B/3B/SS/DH",999,3.96679,-0.0906456247271883,-12.984984870904727,-15.513817175811274,-3.4376900446957657,-7.476621600609866,-39.50375931674882,9.034025687351658,-29.46973362939716,"Gage Workman","27573",669398
"Jared Serna ","MIA","2B/SS",999,3.98841,-0.04716883596266758,-12.991907261810692,-15.534801151242574,-3.449378826835087,-7.503906344396837,-39.527162420247855,9.034025687351658,-29.4931367328962,"Jared Serna","sa3015579",691858
"Mario Camilletti ","CHW","2B/3B",999,7.97322,-0.15985212423662792,-12.901222866175619,-15.393786627794924,-3.454960301937158,-7.46934362390146,-39.37916554404579,8.88539196677745,-29.493773577268342,"Mario Camilletti","sa3020192",680519
"Luis Vázquez ","BAL","1B/2B/3B/SS/DH",999,4.0809,-0.0881832814114254,-13.00162913433783,-15.528313301456096,-3.463249222273103,-7.4898053779707965,-39.57118031744925,9.034025687351658,-29.53715463009759,"Luis Vazquez","23442",676679
"Orlando Arcia ","MIN","2B/3B/SS",999,3.89517,-0.07424990776398646,-12.992994672528727,-15.54205973070502,-3.4795234335555447,-7.4866499890084155,-39.5754777335617,9.034025687351658,-29.54145204621004,"Orlando Arcia","13185",606115
"Felix Reyes ","PHI","1B/3B/OF",999,23.4656,-0.1750567808040492,-12.177678489419785,-14.736990330876912,-3.3701961004980823,-7.097959648799658,-37.55788135039848,6.883045326965682,-29.674836023432803,"Felix Reyes","28763",694025
"Nick Yorke ","PIT","3B",999,25.8944,-0.16391219290664652,-12.321907521219494,-14.624540067165526,-3.2036835120467573,-7.300714578822726,-37.61475787216114,6.883045326965682,-29.73171254519546,"Nick Yorke","27504",694377
"Will Wilson ","SEA","2B/3B/DH",999,3.98362,-0.13222705193666182,-13.008992517612555,-15.546884523518822,-3.4699845934787064,-7.492975388168089,-39.65106407471483,8.88539196677745,-29.76567210793738,"Will Wilson","25434",669717
"Tim Elko ","CHW","1B",999,15.9464,-0.24978467279321592,-12.529011865313267,-15.062199724242062,-3.470154879040803,-7.216631705503104,-38.52778284689245,7.5297211335921235,-29.998061713300324,"Tim Elko","31522",671284
"Rowdy Tellez ","ATL","1B",999,14.902,-0.33214257118257456,-12.507639903865643,-15.078068460876102,-3.475492343783739,-7.185094456973663,-38.57843773668172,7.5297211335921235,-30.048716603089595,"Rowdy Tellez","15679",642133
"Jacob Berry ","MIA","3B/OF",999,25.9247,-0.4905542974241934,-12.320069848075311,-14.733100788627988,-3.1999157874571234,-7.301660218791112,-38.045300940375725,6.883045326965682,-30.162255613410043,"Jacob Berry","sa3019825",694351
"Otto Kemp ","PHI","3B/OF",999,19.3846,-0.3127494228654029,-12.428756890546252,-14.858592432860034,-3.315807540377053,-7.217873573328503,-38.133779859977246,6.883045326965682,-30.25073453301156,"Otto Kemp","31792",805249
"Tyler Locklear ","ARI","1B",999,11.0524,-0.11344247589515978,-12.714710268427801,-15.206430472357184,-3.388657108736748,-7.371024467219764,-38.79426479263665,7.5297211335921235,-30.264543659044527,"Tyler Locklear","31396",682988
"Blaine Crim ","TEX","1B/DH",999,14.9514,-0.3279299173500254,-12.606376763271454,-15.128594814959524,-3.451236216560779,-7.295388809928863,-38.80952652207064,7.5297211335921235,-30.279805388478515,"Blaine Crim","25714",688760
"Tre' Morgan ","TBR","1B",999,11.6842,-0.14427803826444896,-12.723506086079029,-15.228494174471432,-3.4138706848442593,-7.398026867408886,-38.90817585106806,7.5297211335921235,-30.378454717475933,"Tre' Morgan","sa3022919",691003
"Anthony Seigler ","BOS","3B",999,16.0239,-0.2635348239520897,-12.623208421005442,-15.013769844502114,-3.2650488056179245,-7.373719596630306,-38.539281491707875,6.883045326965682,-30.656236164742197,"Anthony Seigler","23802",678011
"Brett Harris ","ATH","3B",999,15.1813,-0.20957709713277015,-12.660919994041372,-15.030716978823342,-3.38381287302817,-7.347933470281641,-38.6329604133073,6.883045326965682,-30.749915086341613,"Brett Harris","29788",695391
"Oswaldo Cabrera ","NYY","3B",999,16.0965,-0.34178605121263333,-12.64414649574879,-15.083264900216234,-3.3519320862550974,-7.354568708603507,-38.77569824203626,6.883045326965682,-30.892652915070585,"Oswaldo Cabrera","21707",665828
"Christian Encarnacion-Strand ","BAL","1B",999,4.0809,-0.0435351600835529,-12.948530071208097,-15.508782423633544,-3.482681600759923,-7.4417657684820915,-39.42529502416721,7.5297211335921235,-30.895573890575097,"Christian Encarnacion-Strand","30011",687952
"Brett Squires ","KCR","1B",999,3.98185,-0.07325105147981903,-12.983739680643334,-15.52359214834506,-3.450849218734276,-7.485932993491369,-39.51736509269386,7.5297211335921235,-30.98764395910173,"Brett Squires","sa3020714",689531
"Trey Mancini ","LAA","1B/DH",999,3.96551,-0.07409928356196128,-12.991410259534426,-15.540746968458953,-3.48176304806879,-7.484858883182637,-39.57287844280677,7.5297211335921235,-31.043157309214642,"Trey Mancini","15149",641820
"Patrick Wisdom ","SEA","1B/3B/DH",999,7.96724,-0.2964104278672334,-12.754905088162198,-15.323826643231921,-3.439231530431169,-7.284104855964305,-39.09847854565683,6.883045326965682,-31.215433218691146,"Patrick Wisdom","13602",621550
"BJ Murray ","CHC","1B/3B",999,8.06857,-0.15580803808481433,-12.85185145153043,-15.357161086137841,-3.4285928125723353,-7.427771254108604,-39.221184642434025,6.883045326965682,-31.33813931546834,"BJ Murray","sa3017287",681230